~id,~from,~to,~label,timestamp
R00001,A0009,D0007,LOGGED_IN_FROM,2024-05-13T17:19:47.342766
R00002,A0009,D0048,LOGGED_IN_FROM,2024-05-26T22:19:32.790882
R00003,A0009,A0027,SHARED_DEVICE,2024-04-10T16:52:28.111847
R00004,A0009,A0071,SHARED_DEVICE,2024-04-16T03:36:15.549913
R00005,A0009,A0073,SHARED_DEVICE,2024-04-11T15:31:52.976574
R00006,A0009,A0099,SHARED_DEVICE,2024-02-29T15:58:55.715779
R00007,A0009,A0110,SHARED_DEVICE,2024-01-23T02:58:21.732889
R00008,A0009,A0120,SHARED_DEVICE,2024-03-05T00:01:48.208545
R00009,A0009,A0140,SHARED_DEVICE,2024-04-30T10:14:21.188014
R00010,A0009,A0143,SHARED_DEVICE,2024-05-15T19:14:05.219133
R00011,A0027,D0007,LOGGED_IN_FROM,2024-06-06T02:59:32.260874
R00012,A0027,D0048,LOGGED_IN_FROM,2024-05-10T12:17:15.318504
R00013,A0027,A0071,SHARED_DEVICE,2024-06-24T06:43:25.062071
R00014,A0027,A0073,SHARED_DEVICE,2024-04-18T16:10:53.170608
R00015,A0027,A0099,SHARED_DEVICE,2024-03-04T15:33:03.710344
R00016,A0027,A0110,SHARED_DEVICE,2024-04-14T14:28:40.957988
R00017,A0027,A0120,SHARED_DEVICE,2024-02-08T12:08:14.538621
R00018,A0027,A0140,SHARED_DEVICE,2024-04-28T20:51:45.000650
R00019,A0027,A0143,SHARED_DEVICE,2024-02-10T14:07:10.961052
R00020,A0071,D0007,LOGGED_IN_FROM,2024-01-20T14:06:02.343931
R00021,A0071,D0048,LOGGED_IN_FROM,2024-06-02T00:18:07.669455
R00022,A0071,A0073,SHARED_DEVICE,2024-03-07T12:41:06.733943
R00023,A0071,A0099,SHARED_DEVICE,2024-05-18T00:45:31.914481
R00024,A0071,A0110,SHARED_DEVICE,2024-04-13T21:53:25.507737
R00025,A0071,A0120,SHARED_DEVICE,2024-05-26T02:34:10.690629
R00026,A0071,A0140,SHARED_DEVICE,2024-06-01T23:21:14.474917
R00027,A0071,A0143,SHARED_DEVICE,2024-06-25T09:25:49.582683
R00028,A0073,D0007,LOGGED_IN_FROM,2024-05-28T03:14:46.600241
R00029,A0073,D0048,LOGGED_IN_FROM,2024-04-21T01:21:44.390326
R00030,A0073,A0099,SHARED_DEVICE,2024-04-26T07:53:06.603636
R00031,A0073,A0110,SHARED_DEVICE,2024-01-05T18:02:47.917804
R00032,A0073,A0120,SHARED_DEVICE,2024-06-17T03:56:31.776295
R00033,A0073,A0140,SHARED_DEVICE,2024-05-30T03:10:39.617705
R00034,A0073,A0143,SHARED_DEVICE,2024-02-18T09:47:34.505050
R00035,A0099,D0007,LOGGED_IN_FROM,2024-02-02T15:43:38.699753
R00036,A0099,D0048,LOGGED_IN_FROM,2024-05-07T04:31:24.489581
R00037,A0099,A0110,SHARED_DEVICE,2024-02-25T22:13:46.157798
R00038,A0099,A0120,SHARED_DEVICE,2024-03-02T12:11:53.912545
R00039,A0099,A0140,SHARED_DEVICE,2024-01-02T02:31:24.777010
R00040,A0099,A0143,SHARED_DEVICE,2024-06-06T10:41:00.949899
R00041,A0110,D0007,LOGGED_IN_FROM,2024-04-12T12:05:55.808316
R00042,A0110,D0048,LOGGED_IN_FROM,2024-03-13T13:00:25.885202
R00043,A0110,A0120,SHARED_DEVICE,2024-01-26T16:18:12.591479
R00044,A0110,A0140,SHARED_DEVICE,2024-04-24T14:29:57.202712
R00045,A0110,A0143,SHARED_DEVICE,2024-01-06T13:10:27.967320
R00046,A0120,D0007,LOGGED_IN_FROM,2024-05-15T01:06:34.178950
R00047,A0120,D0048,LOGGED_IN_FROM,2024-02-08T22:32:14.031116
R00048,A0120,A0140,SHARED_DEVICE,2024-03-16T23:45:08.470487
R00049,A0120,A0143,SHARED_DEVICE,2024-03-02T16:51:07.721302
R00050,A0140,D0007,LOGGED_IN_FROM,2024-03-07T23:30:38.281392
R00051,A0140,D0048,LOGGED_IN_FROM,2024-05-10T14:36:46.381947
R00052,A0140,A0143,SHARED_DEVICE,2024-05-20T14:34:26.159288
R00053,A0143,D0007,LOGGED_IN_FROM,2024-04-12T17:37:35.075759
R00054,A0143,D0048,LOGGED_IN_FROM,2024-01-16T09:03:12.173979
R00055,C0073,C0027,KNOWN_ASSOCIATE,2024-01-10T12:31:57.871173
R00056,C0073,C0009,KNOWN_ASSOCIATE,2024-01-29T11:47:18.934921
R00057,C0073,C0071,KNOWN_ASSOCIATE,2024-04-21T19:53:20.624232
R00058,C0073,C0099,KNOWN_ASSOCIATE,2024-05-01T23:43:12.284052
R00059,C0027,C0009,KNOWN_ASSOCIATE,2024-02-19T06:00:53.108513
R00060,C0027,C0071,KNOWN_ASSOCIATE,2024-04-29T19:27:42.053613
R00061,C0027,C0099,KNOWN_ASSOCIATE,2024-03-28T21:42:52.005767
R00062,C0009,C0071,KNOWN_ASSOCIATE,2024-03-21T00:14:23.809255
R00063,C0009,C0099,KNOWN_ASSOCIATE,2024-02-19T10:38:12.378914
R00064,C0071,C0099,KNOWN_ASSOCIATE,2024-05-16T15:28:22.857943
R00065,A0028,D0034,LOGGED_IN_FROM,2024-06-27T04:25:54.983089
R00066,A0028,D0043,LOGGED_IN_FROM,2024-01-10T21:58:22.180089
R00067,A0028,A0030,SHARED_DEVICE,2024-02-07T00:00:50.587893
R00068,A0028,A0076,SHARED_DEVICE,2024-06-20T02:29:16.205685
R00069,A0030,D0034,LOGGED_IN_FROM,2024-05-18T21:21:58.847863
R00070,A0030,D0043,LOGGED_IN_FROM,2024-05-18T07:30:53.752273
R00071,A0030,A0076,SHARED_DEVICE,2024-02-22T09:21:30.016831
R00072,A0076,D0034,LOGGED_IN_FROM,2024-01-22T17:12:43.160605
R00073,A0076,D0043,LOGGED_IN_FROM,2024-03-31T00:38:30.722987
R00074,C0076,C0028,KNOWN_ASSOCIATE,2024-03-18T22:45:55.329552
R00075,C0076,C0030,KNOWN_ASSOCIATE,2024-01-24T09:10:57.678391
R00076,C0028,C0030,KNOWN_ASSOCIATE,2024-04-06T09:32:15.788890
R00077,A0001,D0028,LOGGED_IN_FROM,2024-01-04T09:24:47.645741
R00078,A0001,A0019,SHARED_DEVICE,2024-06-15T17:31:46.615723
R00079,A0001,A0043,SHARED_DEVICE,2024-06-05T01:00:21.236871
R00080,A0001,A0077,SHARED_DEVICE,2024-04-14T05:05:52.059267
R00081,A0001,A0121,SHARED_DEVICE,2024-04-13T18:50:53.569565
R00082,A0001,A0126,SHARED_DEVICE,2024-05-08T10:03:48.560600
R00083,A0019,D0028,LOGGED_IN_FROM,2024-03-16T14:27:45.221616
R00084,A0019,A0043,SHARED_DEVICE,2024-01-21T20:18:47.271066
R00085,A0019,A0077,SHARED_DEVICE,2024-01-04T18:36:03.212653
R00086,A0019,A0121,SHARED_DEVICE,2024-02-28T18:47:34.697441
R00087,A0019,A0126,SHARED_DEVICE,2024-05-25T00:56:36.377969
R00088,A0043,D0028,LOGGED_IN_FROM,2024-04-21T21:08:10.117657
R00089,A0043,A0077,SHARED_DEVICE,2024-05-30T14:19:14.038981
R00090,A0043,A0121,SHARED_DEVICE,2024-06-15T11:28:47.285632
R00091,A0043,A0126,SHARED_DEVICE,2024-01-16T22:50:10.335689
R00092,A0077,D0028,LOGGED_IN_FROM,2024-06-01T20:26:24.212526
R00093,A0077,A0121,SHARED_DEVICE,2024-02-14T00:58:00.359868
R00094,A0077,A0126,SHARED_DEVICE,2024-04-16T14:03:24.754996
R00095,A0121,D0028,LOGGED_IN_FROM,2024-04-04T20:05:35.832461
R00096,A0121,A0126,SHARED_DEVICE,2024-03-12T15:12:37.912165
R00097,A0126,D0028,LOGGED_IN_FROM,2024-02-26T03:49:57.707814
R00098,C0043,C0019,KNOWN_ASSOCIATE,2024-03-02T10:50:44.495912
R00099,C0043,C0077,KNOWN_ASSOCIATE,2024-03-01T06:51:00.345997
R00100,C0043,C0001,KNOWN_ASSOCIATE,2024-01-31T10:22:06.541502
R00101,C0019,C0077,KNOWN_ASSOCIATE,2024-04-02T09:32:21.796984
R00102,C0019,C0001,KNOWN_ASSOCIATE,2024-01-21T15:19:54.204451
R00103,C0077,C0001,KNOWN_ASSOCIATE,2024-04-02T07:13:54.331432
R00104,A0017,D0013,LOGGED_IN_FROM,2024-04-19T00:49:16.291296
R00105,A0017,D0012,LOGGED_IN_FROM,2024-05-17T14:22:30.877881
R00106,A0017,A0033,SHARED_DEVICE,2024-04-28T15:31:52.110096
R00107,A0017,A0036,SHARED_DEVICE,2024-02-02T01:31:22.022928
R00108,A0017,A0070,SHARED_DEVICE,2024-05-19T21:15:07.558889
R00109,A0017,A0091,SHARED_DEVICE,2024-03-30T10:26:39.684032
R00110,A0017,A0109,SHARED_DEVICE,2024-05-16T13:18:45.593542
R00111,A0033,D0013,LOGGED_IN_FROM,2024-05-17T12:54:22.816426
R00112,A0033,D0012,LOGGED_IN_FROM,2024-03-22T06:02:39.970992
R00113,A0033,A0036,SHARED_DEVICE,2024-06-16T06:31:33.954338
R00114,A0033,A0070,SHARED_DEVICE,2024-04-12T04:09:08.305566
R00115,A0033,A0091,SHARED_DEVICE,2024-04-24T23:44:09.232797
R00116,A0033,A0109,SHARED_DEVICE,2024-04-23T00:55:21.395624
R00117,A0036,D0013,LOGGED_IN_FROM,2024-06-05T10:17:18.327364
R00118,A0036,D0012,LOGGED_IN_FROM,2024-04-23T12:37:56.696061
R00119,A0036,A0070,SHARED_DEVICE,2024-01-28T07:45:32.225945
R00120,A0036,A0091,SHARED_DEVICE,2024-01-13T08:38:07.824860
R00121,A0036,A0109,SHARED_DEVICE,2024-03-21T00:57:06.585497
R00122,A0070,D0013,LOGGED_IN_FROM,2024-02-24T19:27:07.092878
R00123,A0070,D0012,LOGGED_IN_FROM,2024-02-19T17:10:56.681616
R00124,A0070,A0091,SHARED_DEVICE,2024-01-11T04:00:42.084740
R00125,A0070,A0109,SHARED_DEVICE,2024-04-01T19:52:17.146916
R00126,A0091,D0013,LOGGED_IN_FROM,2024-02-26T04:24:42.130922
R00127,A0091,D0012,LOGGED_IN_FROM,2024-03-22T19:06:49.766097
R00128,A0091,A0109,SHARED_DEVICE,2024-01-11T07:07:49.370962
R00129,A0109,D0013,LOGGED_IN_FROM,2024-05-30T12:53:24.604601
R00130,A0109,D0012,LOGGED_IN_FROM,2024-01-14T21:19:10.088751
R00131,C0036,C0091,KNOWN_ASSOCIATE,2024-06-05T10:18:07.730536
R00132,C0036,C0017,KNOWN_ASSOCIATE,2024-06-03T19:23:39.860179
R00133,C0036,C0070,KNOWN_ASSOCIATE,2024-04-21T07:35:47.181398
R00134,C0036,C0033,KNOWN_ASSOCIATE,2024-04-01T18:42:09.354595
R00135,C0091,C0017,KNOWN_ASSOCIATE,2024-03-24T18:01:10.006968
R00136,C0091,C0070,KNOWN_ASSOCIATE,2024-04-10T07:57:01.141537
R00137,C0091,C0033,KNOWN_ASSOCIATE,2024-05-23T07:39:23.440755
R00138,C0017,C0070,KNOWN_ASSOCIATE,2024-06-11T03:41:19.210484
R00139,C0017,C0033,KNOWN_ASSOCIATE,2024-03-22T09:38:35.551174
R00140,C0070,C0033,KNOWN_ASSOCIATE,2024-05-26T13:50:25.247328
R00141,A0004,D0022,LOGGED_IN_FROM,2024-06-26T19:28:58.671371
R00142,A0004,A0015,SHARED_DEVICE,2024-01-16T06:19:32.698253
R00143,A0004,A0023,SHARED_DEVICE,2024-04-26T22:46:33.902142
R00144,A0004,A0086,SHARED_DEVICE,2024-01-08T02:02:00.226377
R00145,A0004,A0105,SHARED_DEVICE,2024-05-08T01:54:31.260889
R00146,A0004,A0111,SHARED_DEVICE,2024-06-28T08:50:35.816561
R00147,A0015,D0022,LOGGED_IN_FROM,2024-04-04T20:33:13.661896
R00148,A0015,A0023,SHARED_DEVICE,2024-04-20T08:59:40.866237
R00149,A0015,A0086,SHARED_DEVICE,2024-03-06T20:46:21.852749
R00150,A0015,A0105,SHARED_DEVICE,2024-06-15T03:31:02.682927
R00151,A0015,A0111,SHARED_DEVICE,2024-03-11T02:56:15.124446
R00152,A0023,D0022,LOGGED_IN_FROM,2024-05-20T04:16:30.149632
R00153,A0023,A0086,SHARED_DEVICE,2024-05-02T21:07:54.113199
R00154,A0023,A0105,SHARED_DEVICE,2024-01-10T11:28:32.909435
R00155,A0023,A0111,SHARED_DEVICE,2024-04-24T04:34:16.605753
R00156,A0086,D0022,LOGGED_IN_FROM,2024-03-01T13:43:00.352190
R00157,A0086,A0105,SHARED_DEVICE,2024-02-29T16:10:35.904833
R00158,A0086,A0111,SHARED_DEVICE,2024-04-10T23:47:31.901084
R00159,A0105,D0022,LOGGED_IN_FROM,2024-03-10T23:14:05.659152
R00160,A0105,A0111,SHARED_DEVICE,2024-02-15T14:40:10.883615
R00161,A0111,D0022,LOGGED_IN_FROM,2024-06-03T03:12:13.800140
R00162,C0023,C0015,KNOWN_ASSOCIATE,2024-06-23T13:23:49.792101
R00163,C0023,C0004,KNOWN_ASSOCIATE,2024-04-19T02:07:56.404350
R00164,C0023,C0086,KNOWN_ASSOCIATE,2024-01-28T05:13:18.240641
R00165,C0015,C0004,KNOWN_ASSOCIATE,2024-01-15T18:02:40.680505
R00166,C0015,C0086,KNOWN_ASSOCIATE,2024-04-30T02:43:51.558565
R00167,C0004,C0086,KNOWN_ASSOCIATE,2024-06-14T22:20:47.762765
R00168,T00001,A0080,INITIATED_BY,2024-04-17T16:51:32.742326
R00169,T00001,M0021,PURCHASED_AT,2024-04-17T16:51:32.742326
R00170,T00002,A0097,INITIATED_BY,2024-05-13T17:14:13.832630
R00171,T00002,M0021,PURCHASED_AT,2024-05-13T17:14:13.832630
R00172,T00003,A0109,INITIATED_BY,2024-02-02T15:03:43.693117
R00173,T00003,M0017,PURCHASED_AT,2024-02-02T15:03:43.693117
R00174,T00004,A0125,INITIATED_BY,2024-01-14T23:12:18.454331
R00175,T00004,M0007,PURCHASED_AT,2024-01-14T23:12:18.454331
R00176,T00005,A0139,INITIATED_BY,2024-04-29T19:25:14.185709
R00177,T00005,M0027,PURCHASED_AT,2024-04-29T19:25:14.185709
R00178,T00006,A0097,INITIATED_BY,2024-01-30T23:06:07.689572
R00179,T00006,M0005,PURCHASED_AT,2024-01-30T23:06:07.689572
R00180,T00007,A0094,INITIATED_BY,2024-05-21T20:49:43.540986
R00181,T00007,M0022,PURCHASED_AT,2024-05-21T20:49:43.540986
R00182,T00008,A0080,INITIATED_BY,2024-04-13T05:54:06.641182
R00183,T00008,M0026,PURCHASED_AT,2024-04-13T05:54:06.641182
R00184,T00009,A0073,INITIATED_BY,2024-06-23T21:28:07.887096
R00185,T00009,M0025,PURCHASED_AT,2024-06-23T21:28:07.887096
R00186,T00010,A0036,INITIATED_BY,2024-06-07T05:09:50.433505
R00187,T00010,M0028,PURCHASED_AT,2024-06-07T05:09:50.433505
R00188,T00011,A0133,INITIATED_BY,2024-04-02T22:00:15.456822
R00189,T00011,M0028,PURCHASED_AT,2024-04-02T22:00:15.456822
R00190,T00012,A0057,INITIATED_BY,2024-01-05T19:51:19.111853
R00191,T00012,M0027,PURCHASED_AT,2024-01-05T19:51:19.111853
R00192,T00013,A0096,INITIATED_BY,2024-02-10T15:23:46.922602
R00193,T00013,M0008,PURCHASED_AT,2024-02-10T15:23:46.922602
R00194,T00014,A0086,INITIATED_BY,2024-05-30T10:20:38.223202
R00195,T00014,M0026,PURCHASED_AT,2024-05-30T10:20:38.223202
R00196,T00015,A0002,INITIATED_BY,2024-05-31T03:04:46.931818
R00197,T00015,M0029,PURCHASED_AT,2024-05-31T03:04:46.931818
R00198,T00016,A0136,INITIATED_BY,2024-02-24T12:12:02.841417
R00199,T00016,M0014,PURCHASED_AT,2024-02-24T12:12:02.841417
R00200,T00017,A0118,INITIATED_BY,2024-04-03T06:47:31.819307
R00201,T00017,M0003,PURCHASED_AT,2024-04-03T06:47:31.819307
R00202,T00018,A0075,INITIATED_BY,2024-04-30T22:43:31.937818
R00203,T00018,M0014,PURCHASED_AT,2024-04-30T22:43:31.937818
R00204,T00019,A0018,INITIATED_BY,2024-04-01T21:06:45.093149
R00205,T00019,M0017,PURCHASED_AT,2024-04-01T21:06:45.093149
R00206,T00020,A0121,INITIATED_BY,2024-05-12T15:53:44.869854
R00207,T00020,M0002,PURCHASED_AT,2024-05-12T15:53:44.869854
R00208,T00021,A0086,INITIATED_BY,2024-05-27T05:52:57.043112
R00209,T00021,M0005,PURCHASED_AT,2024-05-27T05:52:57.043112
R00210,T00022,A0119,INITIATED_BY,2024-01-25T09:47:58.605780
R00211,T00022,M0023,PURCHASED_AT,2024-01-25T09:47:58.605780
R00212,T00023,A0052,INITIATED_BY,2024-03-13T01:53:07.072440
R00213,T00023,M0002,PURCHASED_AT,2024-03-13T01:53:07.072440
R00214,T00024,A0010,INITIATED_BY,2024-06-05T01:07:47.194890
R00215,T00024,M0025,PURCHASED_AT,2024-06-05T01:07:47.194890
R00216,T00025,A0085,INITIATED_BY,2024-06-09T23:55:45.947645
R00217,T00025,M0009,PURCHASED_AT,2024-06-09T23:55:45.947645
R00218,T00026,A0099,INITIATED_BY,2024-03-31T01:14:29.821172
R00219,T00026,M0011,PURCHASED_AT,2024-03-31T01:14:29.821172
R00220,T00027,A0022,INITIATED_BY,2024-06-29T02:42:23.141098
R00221,T00027,M0024,PURCHASED_AT,2024-06-29T02:42:23.141098
R00222,T00028,A0083,INITIATED_BY,2024-03-18T03:02:53.594174
R00223,T00028,M0004,PURCHASED_AT,2024-03-18T03:02:53.594174
R00224,T00029,A0011,INITIATED_BY,2024-06-29T15:57:58.308214
R00225,T00029,M0024,PURCHASED_AT,2024-06-29T15:57:58.308214
R00226,T00030,A0015,INITIATED_BY,2024-04-02T20:50:44.406794
R00227,T00030,M0003,PURCHASED_AT,2024-04-02T20:50:44.406794
R00228,T00031,A0037,INITIATED_BY,2024-01-07T07:10:00.146744
R00229,T00031,M0028,PURCHASED_AT,2024-01-07T07:10:00.146744
R00230,T00032,A0094,INITIATED_BY,2024-04-19T12:31:54.971563
R00231,T00032,M0012,PURCHASED_AT,2024-04-19T12:31:54.971563
R00232,T00033,A0096,INITIATED_BY,2024-04-05T19:58:25.411417
R00233,T00033,M0015,PURCHASED_AT,2024-04-05T19:58:25.411417
R00234,T00034,A0072,INITIATED_BY,2024-06-14T08:25:43.122909
R00235,T00034,M0008,PURCHASED_AT,2024-06-14T08:25:43.122909
R00236,T00035,A0067,INITIATED_BY,2024-06-03T08:40:38.659546
R00237,T00035,M0023,PURCHASED_AT,2024-06-03T08:40:38.659546
R00238,T00036,A0114,INITIATED_BY,2024-02-22T13:20:01.522993
R00239,T00036,M0003,PURCHASED_AT,2024-02-22T13:20:01.522993
R00240,T00037,A0045,INITIATED_BY,2024-06-27T07:24:56.818785
R00241,T00037,M0026,PURCHASED_AT,2024-06-27T07:24:56.818785
R00242,T00038,A0127,INITIATED_BY,2024-03-25T14:24:39.477179
R00243,T00038,M0001,PURCHASED_AT,2024-03-25T14:24:39.477179
R00244,T00039,A0023,INITIATED_BY,2024-05-19T05:15:02.904580
R00245,T00039,M0003,PURCHASED_AT,2024-05-19T05:15:02.904580
R00246,T00040,A0082,INITIATED_BY,2024-04-03T15:24:42.808844
R00247,T00040,M0021,PURCHASED_AT,2024-04-03T15:24:42.808844
R00248,T00041,A0142,INITIATED_BY,2024-01-24T08:31:09.007211
R00249,T00041,M0021,PURCHASED_AT,2024-01-24T08:31:09.007211
R00250,T00042,A0015,INITIATED_BY,2024-01-30T19:16:13.278154
R00251,T00042,M0027,PURCHASED_AT,2024-01-30T19:16:13.278154
R00252,T00043,A0058,INITIATED_BY,2024-02-21T09:54:21.095240
R00253,T00043,M0012,PURCHASED_AT,2024-02-21T09:54:21.095240
R00254,T00044,A0142,INITIATED_BY,2024-04-06T13:25:42.820730
R00255,T00044,M0009,PURCHASED_AT,2024-04-06T13:25:42.820730
R00256,T00045,A0149,INITIATED_BY,2024-06-12T06:17:30.775893
R00257,T00045,M0005,PURCHASED_AT,2024-06-12T06:17:30.775893
R00258,T00046,A0145,INITIATED_BY,2024-05-18T19:40:11.639930
R00259,T00046,M0002,PURCHASED_AT,2024-05-18T19:40:11.639930
R00260,T00047,A0008,INITIATED_BY,2024-04-26T04:26:42.953008
R00261,T00047,M0016,PURCHASED_AT,2024-04-26T04:26:42.953008
R00262,T00048,A0104,INITIATED_BY,2024-01-29T14:42:05.262603
R00263,T00048,M0010,PURCHASED_AT,2024-01-29T14:42:05.262603
R00264,T00049,A0053,INITIATED_BY,2024-05-10T00:34:06.142542
R00265,T00049,M0011,PURCHASED_AT,2024-05-10T00:34:06.142542
R00266,T00050,A0034,INITIATED_BY,2024-02-27T18:14:21.877927
R00267,T00050,M0025,PURCHASED_AT,2024-02-27T18:14:21.877927
R00268,T00051,A0116,INITIATED_BY,2024-06-29T06:29:28.038475
R00269,T00051,M0008,PURCHASED_AT,2024-06-29T06:29:28.038475
R00270,T00052,A0079,INITIATED_BY,2024-02-08T22:35:14.537234
R00271,T00052,M0016,PURCHASED_AT,2024-02-08T22:35:14.537234
R00272,T00053,A0073,INITIATED_BY,2024-05-01T17:25:46.209926
R00273,T00053,M0016,PURCHASED_AT,2024-05-01T17:25:46.209926
R00274,T00054,A0028,INITIATED_BY,2024-03-07T04:56:17.041864
R00275,T00054,M0014,PURCHASED_AT,2024-03-07T04:56:17.041864
R00276,T00055,A0103,INITIATED_BY,2024-04-10T03:12:01.415672
R00277,T00055,M0002,PURCHASED_AT,2024-04-10T03:12:01.415672
R00278,T00056,A0116,INITIATED_BY,2024-04-22T19:21:41.103428
R00279,T00056,M0025,PURCHASED_AT,2024-04-22T19:21:41.103428
R00280,T00057,A0025,INITIATED_BY,2024-01-27T02:41:50.672755
R00281,T00057,M0013,PURCHASED_AT,2024-01-27T02:41:50.672755
R00282,T00058,A0129,INITIATED_BY,2024-03-23T17:09:29.885489
R00283,T00058,M0002,PURCHASED_AT,2024-03-23T17:09:29.885489
R00284,T00059,A0036,INITIATED_BY,2024-03-12T02:59:41.026891
R00285,T00059,M0011,PURCHASED_AT,2024-03-12T02:59:41.026891
R00286,T00060,A0077,INITIATED_BY,2024-04-06T08:29:03.195531
R00287,T00060,M0019,PURCHASED_AT,2024-04-06T08:29:03.195531
R00288,T00061,A0005,INITIATED_BY,2024-03-16T09:27:03.349489
R00289,T00061,M0012,PURCHASED_AT,2024-03-16T09:27:03.349489
R00290,T00062,A0007,INITIATED_BY,2024-05-21T16:56:05.779601
R00291,T00062,M0020,PURCHASED_AT,2024-05-21T16:56:05.779601
R00292,T00063,A0014,INITIATED_BY,2024-05-10T12:49:05.650760
R00293,T00063,M0019,PURCHASED_AT,2024-05-10T12:49:05.650760
R00294,T00064,A0063,INITIATED_BY,2024-02-04T12:46:01.632289
R00295,T00064,M0002,PURCHASED_AT,2024-02-04T12:46:01.632289
R00296,T00065,A0039,INITIATED_BY,2024-05-20T06:28:46.844580
R00297,T00065,M0014,PURCHASED_AT,2024-05-20T06:28:46.844580
R00298,T00066,A0016,INITIATED_BY,2024-02-28T20:00:54.639168
R00299,T00066,M0023,PURCHASED_AT,2024-02-28T20:00:54.639168
R00300,T00067,A0081,INITIATED_BY,2024-04-08T21:00:39.111838
R00301,T00067,M0006,PURCHASED_AT,2024-04-08T21:00:39.111838
R00302,T00068,A0050,INITIATED_BY,2024-06-19T09:48:47.567687
R00303,T00068,M0008,PURCHASED_AT,2024-06-19T09:48:47.567687
R00304,T00069,A0054,INITIATED_BY,2024-03-04T03:12:03.559430
R00305,T00069,M0023,PURCHASED_AT,2024-03-04T03:12:03.559430
R00306,T00070,A0147,INITIATED_BY,2024-03-12T09:50:56.354294
R00307,T00070,M0022,PURCHASED_AT,2024-03-12T09:50:56.354294
R00308,T00071,A0038,INITIATED_BY,2024-02-08T17:33:31.299431
R00309,T00071,M0010,PURCHASED_AT,2024-02-08T17:33:31.299431
R00310,T00072,A0144,INITIATED_BY,2024-05-14T02:25:49.449845
R00311,T00072,M0023,PURCHASED_AT,2024-05-14T02:25:49.449845
R00312,T00073,A0136,INITIATED_BY,2024-03-15T19:22:52.082809
R00313,T00073,M0008,PURCHASED_AT,2024-03-15T19:22:52.082809
R00314,T00074,A0036,INITIATED_BY,2024-06-08T09:31:57.195147
R00315,T00074,M0001,PURCHASED_AT,2024-06-08T09:31:57.195147
R00316,T00075,A0052,INITIATED_BY,2024-04-26T21:46:49.999135
R00317,T00075,M0025,PURCHASED_AT,2024-04-26T21:46:49.999135
R00318,T00076,A0060,INITIATED_BY,2024-01-07T18:01:24.899186
R00319,T00076,M0018,PURCHASED_AT,2024-01-07T18:01:24.899186
R00320,T00077,A0046,INITIATED_BY,2024-06-18T12:37:42.194333
R00321,T00077,M0030,PURCHASED_AT,2024-06-18T12:37:42.194333
R00322,T00078,A0003,INITIATED_BY,2024-06-26T22:07:31.623901
R00323,T00078,M0010,PURCHASED_AT,2024-06-26T22:07:31.623901
R00324,T00079,A0140,INITIATED_BY,2024-06-03T01:00:12.615778
R00325,T00079,M0017,PURCHASED_AT,2024-06-03T01:00:12.615778
R00326,T00080,A0029,INITIATED_BY,2024-02-16T13:33:31.102981
R00327,T00080,M0011,PURCHASED_AT,2024-02-16T13:33:31.102981
R00328,T00081,A0087,INITIATED_BY,2024-02-04T23:05:33.481899
R00329,T00081,M0026,PURCHASED_AT,2024-02-04T23:05:33.481899
R00330,T00082,A0104,INITIATED_BY,2024-03-13T13:13:10.644065
R00331,T00082,M0027,PURCHASED_AT,2024-03-13T13:13:10.644065
R00332,T00083,A0036,INITIATED_BY,2024-02-17T04:51:04.476860
R00333,T00083,M0016,PURCHASED_AT,2024-02-17T04:51:04.476860
R00334,T00084,A0069,INITIATED_BY,2024-01-03T01:40:36.585622
R00335,T00084,M0011,PURCHASED_AT,2024-01-03T01:40:36.585622
R00336,T00085,A0016,INITIATED_BY,2024-03-14T09:07:47.160245
R00337,T00085,M0022,PURCHASED_AT,2024-03-14T09:07:47.160245
R00338,T00086,A0080,INITIATED_BY,2024-02-09T15:53:40.712867
R00339,T00086,M0023,PURCHASED_AT,2024-02-09T15:53:40.712867
R00340,T00087,A0117,INITIATED_BY,2024-05-07T01:13:49.862859
R00341,T00087,M0024,PURCHASED_AT,2024-05-07T01:13:49.862859
R00342,T00088,A0056,INITIATED_BY,2024-06-07T00:53:55.298655
R00343,T00088,M0025,PURCHASED_AT,2024-06-07T00:53:55.298655
R00344,T00089,A0136,INITIATED_BY,2024-01-21T07:26:05.965576
R00345,T00089,M0023,PURCHASED_AT,2024-01-21T07:26:05.965576
R00346,T00090,A0052,INITIATED_BY,2024-06-03T15:53:13.978045
R00347,T00090,M0019,PURCHASED_AT,2024-06-03T15:53:13.978045
R00348,T00091,A0053,INITIATED_BY,2024-04-02T09:04:13.936507
R00349,T00091,M0023,PURCHASED_AT,2024-04-02T09:04:13.936507
R00350,T00092,A0132,INITIATED_BY,2024-03-24T16:34:16.896468
R00351,T00092,M0014,PURCHASED_AT,2024-03-24T16:34:16.896468
R00352,T00093,A0102,INITIATED_BY,2024-04-14T16:11:02.887499
R00353,T00093,M0009,PURCHASED_AT,2024-04-14T16:11:02.887499
R00354,T00094,A0017,INITIATED_BY,2024-05-19T04:24:52.703506
R00355,T00094,M0018,PURCHASED_AT,2024-05-19T04:24:52.703506
R00356,T00095,A0098,INITIATED_BY,2024-04-29T18:49:36.428221
R00357,T00095,M0015,PURCHASED_AT,2024-04-29T18:49:36.428221
R00358,T00096,A0090,INITIATED_BY,2024-04-05T17:17:31.170405
R00359,T00096,M0004,PURCHASED_AT,2024-04-05T17:17:31.170405
R00360,T00097,A0006,INITIATED_BY,2024-03-17T18:24:43.780183
R00361,T00097,M0010,PURCHASED_AT,2024-03-17T18:24:43.780183
R00362,T00098,A0064,INITIATED_BY,2024-06-18T16:06:38.191575
R00363,T00098,M0015,PURCHASED_AT,2024-06-18T16:06:38.191575
R00364,T00099,A0108,INITIATED_BY,2024-01-09T19:26:59.782138
R00365,T00099,M0020,PURCHASED_AT,2024-01-09T19:26:59.782138
R00366,T00100,A0060,INITIATED_BY,2024-02-22T08:33:37.557653
R00367,T00100,M0018,PURCHASED_AT,2024-02-22T08:33:37.557653
R00368,T00101,A0083,INITIATED_BY,2024-04-29T11:57:45.968522
R00369,T00101,M0008,PURCHASED_AT,2024-04-29T11:57:45.968522
R00370,T00102,A0071,INITIATED_BY,2024-05-13T01:45:41.050455
R00371,T00102,M0002,PURCHASED_AT,2024-05-13T01:45:41.050455
R00372,T00103,A0110,INITIATED_BY,2024-06-19T10:15:04.911515
R00373,T00103,M0018,PURCHASED_AT,2024-06-19T10:15:04.911515
R00374,T00104,A0082,INITIATED_BY,2024-03-09T03:20:35.011950
R00375,T00104,M0023,PURCHASED_AT,2024-03-09T03:20:35.011950
R00376,T00105,A0058,INITIATED_BY,2024-03-24T19:22:52.654303
R00377,T00105,M0010,PURCHASED_AT,2024-03-24T19:22:52.654303
R00378,T00106,A0107,INITIATED_BY,2024-02-16T03:42:03.904269
R00379,T00106,M0018,PURCHASED_AT,2024-02-16T03:42:03.904269
R00380,T00107,A0116,INITIATED_BY,2024-05-30T02:56:27.250707
R00381,T00107,M0028,PURCHASED_AT,2024-05-30T02:56:27.250707
R00382,T00108,A0011,INITIATED_BY,2024-02-09T06:43:11.172762
R00383,T00108,M0028,PURCHASED_AT,2024-02-09T06:43:11.172762
R00384,T00109,A0086,INITIATED_BY,2024-04-19T09:31:12.950538
R00385,T00109,M0010,PURCHASED_AT,2024-04-19T09:31:12.950538
R00386,T00110,A0062,INITIATED_BY,2024-03-25T09:23:31.206888
R00387,T00110,M0018,PURCHASED_AT,2024-03-25T09:23:31.206888
R00388,T00111,A0093,INITIATED_BY,2024-05-25T07:26:07.458670
R00389,T00111,M0017,PURCHASED_AT,2024-05-25T07:26:07.458670
R00390,T00112,A0082,INITIATED_BY,2024-01-09T06:35:16.461708
R00391,T00112,M0030,PURCHASED_AT,2024-01-09T06:35:16.461708
R00392,T00113,A0005,INITIATED_BY,2024-05-10T07:43:54.687297
R00393,T00113,M0009,PURCHASED_AT,2024-05-10T07:43:54.687297
R00394,T00114,A0085,INITIATED_BY,2024-03-31T08:57:56.301884
R00395,T00114,M0008,PURCHASED_AT,2024-03-31T08:57:56.301884
R00396,T00115,A0126,INITIATED_BY,2024-01-31T10:48:25.048849
R00397,T00115,M0024,PURCHASED_AT,2024-01-31T10:48:25.048849
R00398,T00116,A0140,INITIATED_BY,2024-01-14T10:53:28.706311
R00399,T00116,M0016,PURCHASED_AT,2024-01-14T10:53:28.706311
R00400,T00117,A0106,INITIATED_BY,2024-05-07T23:56:40.505020
R00401,T00117,M0005,PURCHASED_AT,2024-05-07T23:56:40.505020
R00402,T00118,A0117,INITIATED_BY,2024-01-04T00:39:30.186669
R00403,T00118,M0012,PURCHASED_AT,2024-01-04T00:39:30.186669
R00404,T00119,A0074,INITIATED_BY,2024-03-18T22:24:36.066559
R00405,T00119,M0001,PURCHASED_AT,2024-03-18T22:24:36.066559
R00406,T00120,A0025,INITIATED_BY,2024-04-05T06:55:29.282083
R00407,T00120,M0017,PURCHASED_AT,2024-04-05T06:55:29.282083
R00408,T00121,A0102,INITIATED_BY,2024-04-12T06:22:10.129994
R00409,T00121,M0003,PURCHASED_AT,2024-04-12T06:22:10.129994
R00410,T00122,A0021,INITIATED_BY,2024-03-09T06:25:28.579785
R00411,T00122,M0021,PURCHASED_AT,2024-03-09T06:25:28.579785
R00412,T00123,A0003,INITIATED_BY,2024-03-19T12:54:12.701394
R00413,T00123,M0023,PURCHASED_AT,2024-03-19T12:54:12.701394
R00414,T00124,A0025,INITIATED_BY,2024-02-08T06:23:44.486745
R00415,T00124,M0029,PURCHASED_AT,2024-02-08T06:23:44.486745
R00416,T00125,A0012,INITIATED_BY,2024-01-06T22:55:31.198752
R00417,T00125,M0030,PURCHASED_AT,2024-01-06T22:55:31.198752
R00418,T00126,A0054,INITIATED_BY,2024-04-12T13:43:37.473625
R00419,T00126,M0019,PURCHASED_AT,2024-04-12T13:43:37.473625
R00420,T00127,A0139,INITIATED_BY,2024-05-23T01:55:25.256126
R00421,T00127,M0011,PURCHASED_AT,2024-05-23T01:55:25.256126
R00422,T00128,A0089,INITIATED_BY,2024-01-14T18:13:23.747093
R00423,T00128,M0002,PURCHASED_AT,2024-01-14T18:13:23.747093
R00424,T00129,A0102,INITIATED_BY,2024-05-21T19:43:59.216632
R00425,T00129,M0025,PURCHASED_AT,2024-05-21T19:43:59.216632
R00426,T00130,A0092,INITIATED_BY,2024-05-03T00:35:40.068726
R00427,T00130,M0018,PURCHASED_AT,2024-05-03T00:35:40.068726
R00428,T00131,A0076,INITIATED_BY,2024-02-18T12:04:13.807942
R00429,T00131,M0026,PURCHASED_AT,2024-02-18T12:04:13.807942
R00430,T00132,A0040,INITIATED_BY,2024-01-17T13:33:53.072123
R00431,T00132,M0024,PURCHASED_AT,2024-01-17T13:33:53.072123
R00432,T00133,A0070,INITIATED_BY,2024-03-22T05:46:36.958732
R00433,T00133,M0004,PURCHASED_AT,2024-03-22T05:46:36.958732
R00434,T00134,A0027,INITIATED_BY,2024-04-18T01:02:24.965402
R00435,T00134,M0001,PURCHASED_AT,2024-04-18T01:02:24.965402
R00436,T00135,A0004,INITIATED_BY,2024-05-11T04:43:17.970554
R00437,T00135,M0010,PURCHASED_AT,2024-05-11T04:43:17.970554
R00438,T00136,A0063,INITIATED_BY,2024-01-31T16:18:56.092842
R00439,T00136,M0019,PURCHASED_AT,2024-01-31T16:18:56.092842
R00440,T00137,A0127,INITIATED_BY,2024-03-17T05:16:06.830299
R00441,T00137,M0005,PURCHASED_AT,2024-03-17T05:16:06.830299
R00442,T00138,A0093,INITIATED_BY,2024-03-23T20:57:03.360032
R00443,T00138,M0009,PURCHASED_AT,2024-03-23T20:57:03.360032
R00444,T00139,A0102,INITIATED_BY,2024-06-05T01:23:22.059948
R00445,T00139,M0011,PURCHASED_AT,2024-06-05T01:23:22.059948
R00446,T00140,A0035,INITIATED_BY,2024-06-23T14:06:43.785806
R00447,T00140,M0010,PURCHASED_AT,2024-06-23T14:06:43.785806
R00448,T00141,A0126,INITIATED_BY,2024-02-20T17:37:25.810466
R00449,T00141,M0019,PURCHASED_AT,2024-02-20T17:37:25.810466
R00450,T00142,A0145,INITIATED_BY,2024-05-03T09:21:34.841942
R00451,T00142,M0007,PURCHASED_AT,2024-05-03T09:21:34.841942
R00452,T00143,A0119,INITIATED_BY,2024-05-30T11:05:17.437336
R00453,T00143,M0023,PURCHASED_AT,2024-05-30T11:05:17.437336
R00454,T00144,A0105,INITIATED_BY,2024-02-13T19:20:23.828503
R00455,T00144,M0022,PURCHASED_AT,2024-02-13T19:20:23.828503
R00456,T00145,A0097,INITIATED_BY,2024-04-15T09:16:04.870113
R00457,T00145,M0003,PURCHASED_AT,2024-04-15T09:16:04.870113
R00458,T00146,A0108,INITIATED_BY,2024-04-17T11:33:13.802161
R00459,T00146,M0018,PURCHASED_AT,2024-04-17T11:33:13.802161
R00460,T00147,A0064,INITIATED_BY,2024-04-20T21:28:22.107536
R00461,T00147,M0022,PURCHASED_AT,2024-04-20T21:28:22.107536
R00462,T00148,A0103,INITIATED_BY,2024-01-20T04:13:23.275837
R00463,T00148,M0025,PURCHASED_AT,2024-01-20T04:13:23.275837
R00464,T00149,A0131,INITIATED_BY,2024-04-14T02:49:21.252312
R00465,T00149,M0024,PURCHASED_AT,2024-04-14T02:49:21.252312
R00466,T00150,A0119,INITIATED_BY,2024-01-28T06:50:09.552094
R00467,T00150,M0025,PURCHASED_AT,2024-01-28T06:50:09.552094
R00468,T00151,A0076,INITIATED_BY,2024-03-04T01:08:22.796464
R00469,T00151,M0014,PURCHASED_AT,2024-03-04T01:08:22.796464
R00470,T00152,A0053,INITIATED_BY,2024-03-20T07:23:34.209089
R00471,T00152,M0017,PURCHASED_AT,2024-03-20T07:23:34.209089
R00472,T00153,A0077,INITIATED_BY,2024-06-02T16:50:16.637841
R00473,T00153,M0002,PURCHASED_AT,2024-06-02T16:50:16.637841
R00474,T00154,A0043,INITIATED_BY,2024-04-11T07:59:01.858617
R00475,T00154,M0030,PURCHASED_AT,2024-04-11T07:59:01.858617
R00476,T00155,A0104,INITIATED_BY,2024-03-19T05:11:31.420870
R00477,T00155,M0021,PURCHASED_AT,2024-03-19T05:11:31.420870
R00478,T00156,A0051,INITIATED_BY,2024-05-07T13:22:17.456625
R00479,T00156,M0015,PURCHASED_AT,2024-05-07T13:22:17.456625
R00480,T00157,A0017,INITIATED_BY,2024-03-23T19:35:56.522629
R00481,T00157,M0019,PURCHASED_AT,2024-03-23T19:35:56.522629
R00482,T00158,A0126,INITIATED_BY,2024-03-11T08:14:56.217858
R00483,T00158,M0017,PURCHASED_AT,2024-03-11T08:14:56.217858
R00484,T00159,A0090,INITIATED_BY,2024-05-27T06:52:44.315434
R00485,T00159,M0012,PURCHASED_AT,2024-05-27T06:52:44.315434
R00486,T00160,A0022,INITIATED_BY,2024-05-05T12:17:18.013978
R00487,T00160,M0022,PURCHASED_AT,2024-05-05T12:17:18.013978
R00488,T00161,A0036,INITIATED_BY,2024-04-25T00:37:08.879170
R00489,T00161,M0019,PURCHASED_AT,2024-04-25T00:37:08.879170
R00490,T00162,A0126,INITIATED_BY,2024-03-22T15:08:53.580924
R00491,T00162,M0010,PURCHASED_AT,2024-03-22T15:08:53.580924
R00492,T00163,A0003,INITIATED_BY,2024-03-30T14:08:56.468874
R00493,T00163,M0016,PURCHASED_AT,2024-03-30T14:08:56.468874
R00494,T00164,A0114,INITIATED_BY,2024-05-24T01:18:23.703959
R00495,T00164,M0016,PURCHASED_AT,2024-05-24T01:18:23.703959
R00496,T00165,A0071,INITIATED_BY,2024-03-23T18:36:14.782737
R00497,T00165,M0008,PURCHASED_AT,2024-03-23T18:36:14.782737
R00498,T00166,A0029,INITIATED_BY,2024-05-28T21:25:18.733249
R00499,T00166,M0019,PURCHASED_AT,2024-05-28T21:25:18.733249
R00500,T00167,A0113,INITIATED_BY,2024-05-13T05:08:05.649074
R00501,T00167,M0018,PURCHASED_AT,2024-05-13T05:08:05.649074
R00502,T00168,A0009,INITIATED_BY,2024-05-04T17:35:46.688689
R00503,T00168,M0015,PURCHASED_AT,2024-05-04T17:35:46.688689
R00504,T00169,A0043,INITIATED_BY,2024-02-07T10:57:33.044204
R00505,T00169,M0020,PURCHASED_AT,2024-02-07T10:57:33.044204
R00506,T00170,A0137,INITIATED_BY,2024-06-26T04:46:36.045892
R00507,T00170,M0009,PURCHASED_AT,2024-06-26T04:46:36.045892
R00508,T00171,A0069,INITIATED_BY,2024-05-27T13:08:45.078401
R00509,T00171,M0028,PURCHASED_AT,2024-05-27T13:08:45.078401
R00510,T00172,A0106,INITIATED_BY,2024-04-28T17:12:48.341067
R00511,T00172,M0030,PURCHASED_AT,2024-04-28T17:12:48.341067
R00512,T00173,A0083,INITIATED_BY,2024-04-24T11:09:15.162530
R00513,T00173,M0027,PURCHASED_AT,2024-04-24T11:09:15.162530
R00514,T00174,A0020,INITIATED_BY,2024-03-13T21:59:01.533203
R00515,T00174,M0021,PURCHASED_AT,2024-03-13T21:59:01.533203
R00516,T00175,A0095,INITIATED_BY,2024-01-01T10:44:35.094684
R00517,T00175,M0015,PURCHASED_AT,2024-01-01T10:44:35.094684
R00518,T00176,A0118,INITIATED_BY,2024-01-12T11:06:30.600883
R00519,T00176,M0021,PURCHASED_AT,2024-01-12T11:06:30.600883
R00520,T00177,A0110,INITIATED_BY,2024-05-29T22:19:28.820856
R00521,T00177,M0027,PURCHASED_AT,2024-05-29T22:19:28.820856
R00522,T00178,A0034,INITIATED_BY,2024-06-07T15:55:43.830326
R00523,T00178,M0019,PURCHASED_AT,2024-06-07T15:55:43.830326
R00524,T00179,A0065,INITIATED_BY,2024-01-30T23:02:27.397925
R00525,T00179,M0003,PURCHASED_AT,2024-01-30T23:02:27.397925
R00526,T00180,A0060,INITIATED_BY,2024-01-01T04:43:08.051653
R00527,T00180,M0014,PURCHASED_AT,2024-01-01T04:43:08.051653
R00528,T00181,A0058,INITIATED_BY,2024-06-27T20:32:41.736166
R00529,T00181,M0017,PURCHASED_AT,2024-06-27T20:32:41.736166
R00530,T00182,A0123,INITIATED_BY,2024-05-25T21:04:35.350131
R00531,T00182,M0003,PURCHASED_AT,2024-05-25T21:04:35.350131
R00532,T00183,A0077,INITIATED_BY,2024-06-07T06:48:58.504665
R00533,T00183,M0005,PURCHASED_AT,2024-06-07T06:48:58.504665
R00534,T00184,A0145,INITIATED_BY,2024-03-04T13:33:34.022101
R00535,T00184,M0001,PURCHASED_AT,2024-03-04T13:33:34.022101
R00536,T00185,A0039,INITIATED_BY,2024-06-04T15:40:37.944738
R00537,T00185,M0030,PURCHASED_AT,2024-06-04T15:40:37.944738
R00538,T00186,A0036,INITIATED_BY,2024-05-23T04:26:13.258480
R00539,T00186,M0025,PURCHASED_AT,2024-05-23T04:26:13.258480
R00540,T00187,A0022,INITIATED_BY,2024-04-19T23:23:03.918081
R00541,T00187,M0008,PURCHASED_AT,2024-04-19T23:23:03.918081
R00542,T00188,A0078,INITIATED_BY,2024-05-15T08:37:57.995121
R00543,T00188,M0007,PURCHASED_AT,2024-05-15T08:37:57.995121
R00544,T00189,A0062,INITIATED_BY,2024-04-25T11:49:46.707652
R00545,T00189,M0016,PURCHASED_AT,2024-04-25T11:49:46.707652
R00546,T00190,A0004,INITIATED_BY,2024-03-07T03:21:06.259004
R00547,T00190,M0012,PURCHASED_AT,2024-03-07T03:21:06.259004
R00548,T00191,A0019,INITIATED_BY,2024-02-09T01:11:14.369708
R00549,T00191,M0001,PURCHASED_AT,2024-02-09T01:11:14.369708
R00550,T00192,A0102,INITIATED_BY,2024-05-18T20:19:33.034411
R00551,T00192,M0017,PURCHASED_AT,2024-05-18T20:19:33.034411
R00552,T00193,A0022,INITIATED_BY,2024-02-20T05:19:11.438511
R00553,T00193,M0021,PURCHASED_AT,2024-02-20T05:19:11.438511
R00554,T00194,A0053,INITIATED_BY,2024-04-16T03:28:58.930054
R00555,T00194,M0026,PURCHASED_AT,2024-04-16T03:28:58.930054
R00556,T00195,A0112,INITIATED_BY,2024-02-14T06:01:12.180565
R00557,T00195,M0024,PURCHASED_AT,2024-02-14T06:01:12.180565
R00558,T00196,A0015,INITIATED_BY,2024-02-01T19:00:20.899528
R00559,T00196,M0010,PURCHASED_AT,2024-02-01T19:00:20.899528
R00560,T00197,A0003,INITIATED_BY,2024-04-03T14:48:57.699329
R00561,T00197,M0006,PURCHASED_AT,2024-04-03T14:48:57.699329
R00562,T00198,A0033,INITIATED_BY,2024-06-09T10:35:08.578728
R00563,T00198,M0024,PURCHASED_AT,2024-06-09T10:35:08.578728
R00564,T00199,A0110,INITIATED_BY,2024-06-25T11:37:11.111910
R00565,T00199,M0009,PURCHASED_AT,2024-06-25T11:37:11.111910
R00566,T00200,A0131,INITIATED_BY,2024-05-19T23:20:27.502630
R00567,T00200,M0012,PURCHASED_AT,2024-05-19T23:20:27.502630
R00568,T00201,A0030,INITIATED_BY,2024-06-15T13:27:50.805394
R00569,T00201,M0008,PURCHASED_AT,2024-06-15T13:27:50.805394
R00570,T00202,A0010,INITIATED_BY,2024-04-28T16:22:30.399481
R00571,T00202,M0018,PURCHASED_AT,2024-04-28T16:22:30.399481
R00572,T00203,A0107,INITIATED_BY,2024-01-15T02:20:29.154971
R00573,T00203,M0030,PURCHASED_AT,2024-01-15T02:20:29.154971
R00574,T00204,A0014,INITIATED_BY,2024-01-09T07:30:49.773016
R00575,T00204,M0006,PURCHASED_AT,2024-01-09T07:30:49.773016
R00576,T00205,A0120,INITIATED_BY,2024-02-29T05:47:42.734322
R00577,T00205,M0028,PURCHASED_AT,2024-02-29T05:47:42.734322
R00578,T00206,A0095,INITIATED_BY,2024-05-13T20:43:05.110932
R00579,T00206,M0007,PURCHASED_AT,2024-05-13T20:43:05.110932
R00580,T00207,A0127,INITIATED_BY,2024-04-08T22:15:12.059628
R00581,T00207,M0025,PURCHASED_AT,2024-04-08T22:15:12.059628
R00582,T00208,A0105,INITIATED_BY,2024-05-31T23:06:34.149445
R00583,T00208,M0001,PURCHASED_AT,2024-05-31T23:06:34.149445
R00584,T00209,A0001,INITIATED_BY,2024-05-11T15:01:19.666538
R00585,T00209,M0025,PURCHASED_AT,2024-05-11T15:01:19.666538
R00586,T00210,A0061,INITIATED_BY,2024-06-29T10:47:27.849650
R00587,T00210,M0014,PURCHASED_AT,2024-06-29T10:47:27.849650
R00588,T00211,A0060,INITIATED_BY,2024-06-11T02:23:26.059083
R00589,T00211,M0029,PURCHASED_AT,2024-06-11T02:23:26.059083
R00590,T00212,A0022,INITIATED_BY,2024-06-23T12:33:51.067580
R00591,T00212,M0019,PURCHASED_AT,2024-06-23T12:33:51.067580
R00592,T00213,A0081,INITIATED_BY,2024-05-13T02:22:22.303166
R00593,T00213,M0030,PURCHASED_AT,2024-05-13T02:22:22.303166
R00594,T00214,A0060,INITIATED_BY,2024-01-20T02:58:38.159206
R00595,T00214,M0003,PURCHASED_AT,2024-01-20T02:58:38.159206
R00596,T00215,A0105,INITIATED_BY,2024-02-07T13:58:18.350585
R00597,T00215,M0004,PURCHASED_AT,2024-02-07T13:58:18.350585
R00598,T00216,A0031,INITIATED_BY,2024-05-29T13:49:25.580675
R00599,T00216,M0003,PURCHASED_AT,2024-05-29T13:49:25.580675
R00600,T00217,A0084,INITIATED_BY,2024-03-05T09:20:47.507678
R00601,T00217,M0005,PURCHASED_AT,2024-03-05T09:20:47.507678
R00602,T00218,A0077,INITIATED_BY,2024-06-21T07:54:27.576152
R00603,T00218,M0009,PURCHASED_AT,2024-06-21T07:54:27.576152
R00604,T00219,A0141,INITIATED_BY,2024-01-12T03:53:27.374788
R00605,T00219,M0008,PURCHASED_AT,2024-01-12T03:53:27.374788
R00606,T00220,A0103,INITIATED_BY,2024-06-15T01:18:35.129111
R00607,T00220,M0012,PURCHASED_AT,2024-06-15T01:18:35.129111
R00608,T00221,A0017,INITIATED_BY,2024-01-24T07:28:13.759835
R00609,T00221,M0007,PURCHASED_AT,2024-01-24T07:28:13.759835
R00610,T00222,A0119,INITIATED_BY,2024-05-28T17:24:04.983322
R00611,T00222,M0002,PURCHASED_AT,2024-05-28T17:24:04.983322
R00612,T00223,A0098,INITIATED_BY,2024-06-13T09:40:24.649491
R00613,T00223,M0022,PURCHASED_AT,2024-06-13T09:40:24.649491
R00614,T00224,A0039,INITIATED_BY,2024-04-27T03:46:38.537974
R00615,T00224,M0002,PURCHASED_AT,2024-04-27T03:46:38.537974
R00616,T00225,A0141,INITIATED_BY,2024-01-25T20:09:11.730318
R00617,T00225,M0016,PURCHASED_AT,2024-01-25T20:09:11.730318
R00618,T00226,A0135,INITIATED_BY,2024-05-23T20:48:43.506890
R00619,T00226,M0008,PURCHASED_AT,2024-05-23T20:48:43.506890
R00620,T00227,A0092,INITIATED_BY,2024-06-14T04:40:08.256372
R00621,T00227,M0016,PURCHASED_AT,2024-06-14T04:40:08.256372
R00622,T00228,A0070,INITIATED_BY,2024-03-26T08:59:49.091237
R00623,T00228,M0006,PURCHASED_AT,2024-03-26T08:59:49.091237
R00624,T00229,A0060,INITIATED_BY,2024-02-18T05:47:35.853466
R00625,T00229,M0006,PURCHASED_AT,2024-02-18T05:47:35.853466
R00626,T00230,A0057,INITIATED_BY,2024-06-01T23:38:22.559565
R00627,T00230,M0019,PURCHASED_AT,2024-06-01T23:38:22.559565
R00628,T00231,A0082,INITIATED_BY,2024-04-17T01:44:50.919396
R00629,T00231,M0026,PURCHASED_AT,2024-04-17T01:44:50.919396
R00630,T00232,A0145,INITIATED_BY,2024-06-27T19:53:56.320792
R00631,T00232,M0005,PURCHASED_AT,2024-06-27T19:53:56.320792
R00632,T00233,A0045,INITIATED_BY,2024-03-27T12:23:02.992538
R00633,T00233,M0016,PURCHASED_AT,2024-03-27T12:23:02.992538
R00634,T00234,A0052,INITIATED_BY,2024-06-15T07:11:01.464225
R00635,T00234,M0026,PURCHASED_AT,2024-06-15T07:11:01.464225
R00636,T00235,A0038,INITIATED_BY,2024-01-21T01:50:20.585913
R00637,T00235,M0019,PURCHASED_AT,2024-01-21T01:50:20.585913
R00638,T00236,A0019,INITIATED_BY,2024-04-16T01:39:22.985343
R00639,T00236,M0012,PURCHASED_AT,2024-04-16T01:39:22.985343
R00640,T00237,A0035,INITIATED_BY,2024-04-25T16:58:17.280759
R00641,T00237,M0006,PURCHASED_AT,2024-04-25T16:58:17.280759
R00642,T00238,A0045,INITIATED_BY,2024-02-01T17:43:38.930439
R00643,T00238,M0023,PURCHASED_AT,2024-02-01T17:43:38.930439
R00644,T00239,A0076,INITIATED_BY,2024-06-02T23:41:17.729823
R00645,T00239,M0005,PURCHASED_AT,2024-06-02T23:41:17.729823
R00646,T00240,A0082,INITIATED_BY,2024-04-25T18:37:32.091499
R00647,T00240,M0030,PURCHASED_AT,2024-04-25T18:37:32.091499
R00648,T00241,A0037,INITIATED_BY,2024-06-26T19:27:25.995819
R00649,T00241,M0011,PURCHASED_AT,2024-06-26T19:27:25.995819
R00650,T00242,A0023,INITIATED_BY,2024-06-09T11:37:22.332382
R00651,T00242,M0027,PURCHASED_AT,2024-06-09T11:37:22.332382
R00652,T00243,A0054,INITIATED_BY,2024-05-22T10:48:53.663248
R00653,T00243,M0008,PURCHASED_AT,2024-05-22T10:48:53.663248
R00654,T00244,A0113,INITIATED_BY,2024-03-15T22:29:57.288768
R00655,T00244,M0024,PURCHASED_AT,2024-03-15T22:29:57.288768
R00656,T00245,A0097,INITIATED_BY,2024-02-10T19:55:52.925918
R00657,T00245,M0004,PURCHASED_AT,2024-02-10T19:55:52.925918
R00658,T00246,A0009,INITIATED_BY,2024-06-09T17:10:24.337336
R00659,T00246,M0010,PURCHASED_AT,2024-06-09T17:10:24.337336
R00660,T00247,A0141,INITIATED_BY,2024-06-27T08:02:21.764447
R00661,T00247,M0029,PURCHASED_AT,2024-06-27T08:02:21.764447
R00662,T00248,A0111,INITIATED_BY,2024-05-06T04:37:20.932821
R00663,T00248,M0021,PURCHASED_AT,2024-05-06T04:37:20.932821
R00664,T00249,A0073,INITIATED_BY,2024-01-28T19:11:40.831946
R00665,T00249,M0010,PURCHASED_AT,2024-01-28T19:11:40.831946
R00666,T00250,A0023,INITIATED_BY,2024-03-27T22:32:47.610688
R00667,T00250,M0010,PURCHASED_AT,2024-03-27T22:32:47.610688
R00668,T00251,A0044,INITIATED_BY,2024-06-01T17:19:58.292267
R00669,T00251,M0021,PURCHASED_AT,2024-06-01T17:19:58.292267
R00670,T00252,A0121,INITIATED_BY,2024-04-26T04:16:03.236717
R00671,T00252,M0016,PURCHASED_AT,2024-04-26T04:16:03.236717
R00672,T00253,A0098,INITIATED_BY,2024-05-31T12:16:12.357379
R00673,T00253,M0012,PURCHASED_AT,2024-05-31T12:16:12.357379
R00674,T00254,A0025,INITIATED_BY,2024-03-15T22:21:28.872262
R00675,T00254,M0003,PURCHASED_AT,2024-03-15T22:21:28.872262
R00676,T00255,A0016,INITIATED_BY,2024-06-23T18:41:12.287489
R00677,T00255,M0027,PURCHASED_AT,2024-06-23T18:41:12.287489
R00678,T00256,A0061,INITIATED_BY,2024-06-03T13:30:52.507325
R00679,T00256,M0016,PURCHASED_AT,2024-06-03T13:30:52.507325
R00680,T00257,A0133,INITIATED_BY,2024-01-31T06:09:49.811944
R00681,T00257,M0026,PURCHASED_AT,2024-01-31T06:09:49.811944
R00682,T00258,A0033,INITIATED_BY,2024-02-16T16:15:30.052033
R00683,T00258,M0002,PURCHASED_AT,2024-02-16T16:15:30.052033
R00684,T00259,A0143,INITIATED_BY,2024-04-04T01:31:31.595674
R00685,T00259,M0013,PURCHASED_AT,2024-04-04T01:31:31.595674
R00686,T00260,A0134,INITIATED_BY,2024-01-27T19:46:46.834243
R00687,T00260,M0026,PURCHASED_AT,2024-01-27T19:46:46.834243
R00688,T00261,A0026,INITIATED_BY,2024-04-13T12:52:08.233266
R00689,T00261,M0030,PURCHASED_AT,2024-04-13T12:52:08.233266
R00690,T00262,A0071,INITIATED_BY,2024-05-05T13:15:52.141528
R00691,T00262,M0013,PURCHASED_AT,2024-05-05T13:15:52.141528
R00692,T00263,A0085,INITIATED_BY,2024-06-15T16:06:25.796680
R00693,T00263,M0023,PURCHASED_AT,2024-06-15T16:06:25.796680
R00694,T00264,A0078,INITIATED_BY,2024-05-06T00:13:05.798165
R00695,T00264,M0010,PURCHASED_AT,2024-05-06T00:13:05.798165
R00696,T00265,A0059,INITIATED_BY,2024-05-20T02:23:24.829593
R00697,T00265,M0005,PURCHASED_AT,2024-05-20T02:23:24.829593
R00698,T00266,A0107,INITIATED_BY,2024-02-08T06:16:49.228133
R00699,T00266,M0020,PURCHASED_AT,2024-02-08T06:16:49.228133
R00700,T00267,A0133,INITIATED_BY,2024-05-23T06:14:03.347523
R00701,T00267,M0028,PURCHASED_AT,2024-05-23T06:14:03.347523
R00702,T00268,A0130,INITIATED_BY,2024-03-23T14:48:46.836016
R00703,T00268,M0013,PURCHASED_AT,2024-03-23T14:48:46.836016
R00704,T00269,A0071,INITIATED_BY,2024-04-25T00:13:12.758252
R00705,T00269,M0012,PURCHASED_AT,2024-04-25T00:13:12.758252
R00706,T00270,A0062,INITIATED_BY,2024-06-22T20:30:01.883698
R00707,T00270,M0012,PURCHASED_AT,2024-06-22T20:30:01.883698
R00708,T00271,A0090,INITIATED_BY,2024-02-21T14:20:28.936437
R00709,T00271,M0012,PURCHASED_AT,2024-02-21T14:20:28.936437
R00710,T00272,A0147,INITIATED_BY,2024-02-18T16:53:56.646040
R00711,T00272,M0025,PURCHASED_AT,2024-02-18T16:53:56.646040
R00712,T00273,A0003,INITIATED_BY,2024-04-18T19:21:38.278614
R00713,T00273,M0016,PURCHASED_AT,2024-04-18T19:21:38.278614
R00714,T00274,A0079,INITIATED_BY,2024-03-04T02:47:33.941897
R00715,T00274,M0023,PURCHASED_AT,2024-03-04T02:47:33.941897
R00716,T00275,A0078,INITIATED_BY,2024-04-15T19:00:43.937922
R00717,T00275,M0022,PURCHASED_AT,2024-04-15T19:00:43.937922
R00718,T00276,A0096,INITIATED_BY,2024-02-24T00:34:45.925120
R00719,T00276,M0018,PURCHASED_AT,2024-02-24T00:34:45.925120
R00720,T00277,A0087,INITIATED_BY,2024-02-17T06:25:19.804918
R00721,T00277,M0009,PURCHASED_AT,2024-02-17T06:25:19.804918
R00722,T00278,A0133,INITIATED_BY,2024-06-04T04:10:40.526251
R00723,T00278,M0025,PURCHASED_AT,2024-06-04T04:10:40.526251
R00724,T00279,A0082,INITIATED_BY,2024-06-13T03:37:25.779336
R00725,T00279,M0022,PURCHASED_AT,2024-06-13T03:37:25.779336
R00726,T00280,A0010,INITIATED_BY,2024-02-04T08:59:29.244577
R00727,T00280,M0019,PURCHASED_AT,2024-02-04T08:59:29.244577
R00728,T00281,A0122,INITIATED_BY,2024-02-24T08:02:46.806807
R00729,T00281,M0030,PURCHASED_AT,2024-02-24T08:02:46.806807
R00730,T00282,A0143,INITIATED_BY,2024-05-14T02:33:05.993911
R00731,T00282,M0006,PURCHASED_AT,2024-05-14T02:33:05.993911
R00732,T00283,A0047,INITIATED_BY,2024-02-10T05:28:09.314443
R00733,T00283,M0022,PURCHASED_AT,2024-02-10T05:28:09.314443
R00734,T00284,A0079,INITIATED_BY,2024-02-17T03:52:09.546969
R00735,T00284,M0014,PURCHASED_AT,2024-02-17T03:52:09.546969
R00736,T00285,A0031,INITIATED_BY,2024-03-26T11:19:20.281339
R00737,T00285,M0016,PURCHASED_AT,2024-03-26T11:19:20.281339
R00738,T00286,A0098,INITIATED_BY,2024-06-03T14:49:03.225476
R00739,T00286,M0017,PURCHASED_AT,2024-06-03T14:49:03.225476
R00740,T00287,A0088,INITIATED_BY,2024-01-15T15:02:42.044425
R00741,T00287,M0014,PURCHASED_AT,2024-01-15T15:02:42.044425
R00742,T00288,A0046,INITIATED_BY,2024-01-31T12:25:24.263746
R00743,T00288,M0011,PURCHASED_AT,2024-01-31T12:25:24.263746
R00744,T00289,A0023,INITIATED_BY,2024-03-14T00:20:28.603855
R00745,T00289,M0005,PURCHASED_AT,2024-03-14T00:20:28.603855
R00746,T00290,A0010,INITIATED_BY,2024-01-03T13:09:03.613463
R00747,T00290,M0018,PURCHASED_AT,2024-01-03T13:09:03.613463
R00748,T00291,A0136,INITIATED_BY,2024-06-07T17:37:24.339248
R00749,T00291,M0007,PURCHASED_AT,2024-06-07T17:37:24.339248
R00750,T00292,A0099,INITIATED_BY,2024-05-29T02:46:39.345980
R00751,T00292,M0017,PURCHASED_AT,2024-05-29T02:46:39.345980
R00752,T00293,A0117,INITIATED_BY,2024-03-19T11:50:30.333389
R00753,T00293,M0024,PURCHASED_AT,2024-03-19T11:50:30.333389
R00754,T00294,A0126,INITIATED_BY,2024-06-13T03:32:54.823291
R00755,T00294,M0012,PURCHASED_AT,2024-06-13T03:32:54.823291
R00756,T00295,A0058,INITIATED_BY,2024-01-23T07:00:56.335414
R00757,T00295,M0024,PURCHASED_AT,2024-01-23T07:00:56.335414
R00758,T00296,A0066,INITIATED_BY,2024-06-29T00:53:27.366023
R00759,T00296,M0025,PURCHASED_AT,2024-06-29T00:53:27.366023
R00760,T00297,A0006,INITIATED_BY,2024-03-09T19:49:20.446167
R00761,T00297,M0002,PURCHASED_AT,2024-03-09T19:49:20.446167
R00762,T00298,A0040,INITIATED_BY,2024-02-24T12:02:59.566069
R00763,T00298,M0007,PURCHASED_AT,2024-02-24T12:02:59.566069
R00764,T00299,A0070,INITIATED_BY,2024-05-30T08:21:19.503812
R00765,T00299,M0020,PURCHASED_AT,2024-05-30T08:21:19.503812
R00766,T00300,A0031,INITIATED_BY,2024-02-17T14:26:44.049934
R00767,T00300,M0010,PURCHASED_AT,2024-02-17T14:26:44.049934
R00768,T00301,A0092,INITIATED_BY,2024-04-09T05:06:53.242690
R00769,T00301,M0023,PURCHASED_AT,2024-04-09T05:06:53.242690
R00770,T00302,A0124,INITIATED_BY,2024-06-20T20:23:36.572409
R00771,T00302,M0011,PURCHASED_AT,2024-06-20T20:23:36.572409
R00772,T00303,A0026,INITIATED_BY,2024-06-27T22:45:53.291560
R00773,T00303,M0029,PURCHASED_AT,2024-06-27T22:45:53.291560
R00774,T00304,A0013,INITIATED_BY,2024-05-02T11:52:25.734172
R00775,T00304,M0004,PURCHASED_AT,2024-05-02T11:52:25.734172
R00776,T00305,A0025,INITIATED_BY,2024-01-31T20:42:19.182572
R00777,T00305,M0028,PURCHASED_AT,2024-01-31T20:42:19.182572
R00778,T00306,A0069,INITIATED_BY,2024-03-03T00:47:15.027616
R00779,T00306,M0029,PURCHASED_AT,2024-03-03T00:47:15.027616
R00780,T00307,A0117,INITIATED_BY,2024-03-27T13:29:46.779573
R00781,T00307,M0009,PURCHASED_AT,2024-03-27T13:29:46.779573
R00782,T00308,A0043,INITIATED_BY,2024-03-20T07:22:45.209718
R00783,T00308,M0004,PURCHASED_AT,2024-03-20T07:22:45.209718
R00784,T00309,A0092,INITIATED_BY,2024-01-09T07:42:13.613217
R00785,T00309,M0020,PURCHASED_AT,2024-01-09T07:42:13.613217
R00786,T00310,A0004,INITIATED_BY,2024-05-14T14:18:06.626627
R00787,T00310,M0023,PURCHASED_AT,2024-05-14T14:18:06.626627
R00788,T00311,A0087,INITIATED_BY,2024-01-18T05:43:54.657963
R00789,T00311,M0017,PURCHASED_AT,2024-01-18T05:43:54.657963
R00790,T00312,A0099,INITIATED_BY,2024-06-27T18:58:00.544670
R00791,T00312,M0005,PURCHASED_AT,2024-06-27T18:58:00.544670
R00792,T00313,A0041,INITIATED_BY,2024-06-24T14:18:36.330894
R00793,T00313,M0017,PURCHASED_AT,2024-06-24T14:18:36.330894
R00794,T00314,A0141,INITIATED_BY,2024-01-15T06:26:24.388652
R00795,T00314,M0021,PURCHASED_AT,2024-01-15T06:26:24.388652
R00796,T00315,A0115,INITIATED_BY,2024-01-22T11:39:45.235156
R00797,T00315,M0003,PURCHASED_AT,2024-01-22T11:39:45.235156
R00798,T00316,A0005,INITIATED_BY,2024-04-09T09:17:06.512738
R00799,T00316,M0004,PURCHASED_AT,2024-04-09T09:17:06.512738
R00800,T00317,A0078,INITIATED_BY,2024-05-01T12:53:04.799993
R00801,T00317,M0029,PURCHASED_AT,2024-05-01T12:53:04.799993
R00802,T00318,A0014,INITIATED_BY,2024-04-11T09:17:42.976107
R00803,T00318,M0027,PURCHASED_AT,2024-04-11T09:17:42.976107
R00804,T00319,A0094,INITIATED_BY,2024-04-29T06:18:22.113120
R00805,T00319,M0023,PURCHASED_AT,2024-04-29T06:18:22.113120
R00806,T00320,A0075,INITIATED_BY,2024-01-09T06:51:36.393157
R00807,T00320,M0018,PURCHASED_AT,2024-01-09T06:51:36.393157
R00808,T00321,A0105,INITIATED_BY,2024-01-22T20:31:11.233915
R00809,T00321,M0004,PURCHASED_AT,2024-01-22T20:31:11.233915
R00810,T00322,A0049,INITIATED_BY,2024-01-09T09:59:51.259680
R00811,T00322,M0023,PURCHASED_AT,2024-01-09T09:59:51.259680
R00812,T00323,A0116,INITIATED_BY,2024-04-05T23:54:09.812242
R00813,T00323,M0015,PURCHASED_AT,2024-04-05T23:54:09.812242
R00814,T00324,A0111,INITIATED_BY,2024-05-21T09:01:04.883965
R00815,T00324,M0027,PURCHASED_AT,2024-05-21T09:01:04.883965
R00816,T00325,A0045,INITIATED_BY,2024-04-29T00:16:29.091202
R00817,T00325,M0024,PURCHASED_AT,2024-04-29T00:16:29.091202
R00818,T00326,A0130,INITIATED_BY,2024-01-25T03:22:02.042162
R00819,T00326,M0029,PURCHASED_AT,2024-01-25T03:22:02.042162
R00820,T00327,A0132,INITIATED_BY,2024-02-26T19:37:42.577961
R00821,T00327,M0010,PURCHASED_AT,2024-02-26T19:37:42.577961
R00822,T00328,A0052,INITIATED_BY,2024-03-03T11:57:19.135524
R00823,T00328,M0007,PURCHASED_AT,2024-03-03T11:57:19.135524
R00824,T00329,A0046,INITIATED_BY,2024-05-08T13:46:20.088114
R00825,T00329,M0017,PURCHASED_AT,2024-05-08T13:46:20.088114
R00826,T00330,A0150,INITIATED_BY,2024-04-06T15:16:25.605438
R00827,T00330,M0019,PURCHASED_AT,2024-04-06T15:16:25.605438
R00828,T00331,A0134,INITIATED_BY,2024-05-15T18:48:13.395970
R00829,T00331,M0004,PURCHASED_AT,2024-05-15T18:48:13.395970
R00830,T00332,A0065,INITIATED_BY,2024-02-23T10:05:26.226734
R00831,T00332,M0005,PURCHASED_AT,2024-02-23T10:05:26.226734
R00832,T00333,A0116,INITIATED_BY,2024-04-11T16:49:42.123887
R00833,T00333,M0004,PURCHASED_AT,2024-04-11T16:49:42.123887
R00834,T00334,A0144,INITIATED_BY,2024-05-24T14:04:54.094133
R00835,T00334,M0013,PURCHASED_AT,2024-05-24T14:04:54.094133
R00836,T00335,A0013,INITIATED_BY,2024-05-22T15:33:23.351756
R00837,T00335,M0030,PURCHASED_AT,2024-05-22T15:33:23.351756
R00838,T00336,A0014,INITIATED_BY,2024-06-06T06:17:03.235068
R00839,T00336,M0001,PURCHASED_AT,2024-06-06T06:17:03.235068
R00840,T00337,A0095,INITIATED_BY,2024-02-05T13:27:42.088204
R00841,T00337,M0025,PURCHASED_AT,2024-02-05T13:27:42.088204
R00842,T00338,A0046,INITIATED_BY,2024-01-08T08:30:54.388907
R00843,T00338,M0022,PURCHASED_AT,2024-01-08T08:30:54.388907
R00844,T00339,A0034,INITIATED_BY,2024-02-29T19:57:53.115467
R00845,T00339,M0006,PURCHASED_AT,2024-02-29T19:57:53.115467
R00846,T00340,A0083,INITIATED_BY,2024-03-29T18:57:11.838138
R00847,T00340,M0020,PURCHASED_AT,2024-03-29T18:57:11.838138
R00848,T00341,A0019,INITIATED_BY,2024-06-22T05:09:16.723346
R00849,T00341,M0026,PURCHASED_AT,2024-06-22T05:09:16.723346
R00850,T00342,A0130,INITIATED_BY,2024-01-17T15:24:41.350721
R00851,T00342,M0006,PURCHASED_AT,2024-01-17T15:24:41.350721
R00852,T00343,A0085,INITIATED_BY,2024-05-16T05:32:10.735529
R00853,T00343,M0011,PURCHASED_AT,2024-05-16T05:32:10.735529
R00854,T00344,A0144,INITIATED_BY,2024-01-21T18:21:07.764809
R00855,T00344,M0027,PURCHASED_AT,2024-01-21T18:21:07.764809
R00856,T00345,A0063,INITIATED_BY,2024-06-14T18:48:37.717983
R00857,T00345,M0002,PURCHASED_AT,2024-06-14T18:48:37.717983
R00858,T00346,A0139,INITIATED_BY,2024-05-25T07:26:09.267850
R00859,T00346,M0024,PURCHASED_AT,2024-05-25T07:26:09.267850
R00860,T00347,A0076,INITIATED_BY,2024-01-15T21:42:31.054762
R00861,T00347,M0029,PURCHASED_AT,2024-01-15T21:42:31.054762
R00862,T00348,A0138,INITIATED_BY,2024-06-05T13:20:47.461976
R00863,T00348,M0018,PURCHASED_AT,2024-06-05T13:20:47.461976
R00864,T00349,A0053,INITIATED_BY,2024-05-27T19:58:51.197752
R00865,T00349,M0018,PURCHASED_AT,2024-05-27T19:58:51.197752
R00866,T00350,A0040,INITIATED_BY,2024-01-16T20:11:26.810254
R00867,T00350,M0001,PURCHASED_AT,2024-01-16T20:11:26.810254
R00868,T00351,A0065,INITIATED_BY,2024-03-22T15:41:23.579895
R00869,T00351,M0018,PURCHASED_AT,2024-03-22T15:41:23.579895
R00870,T00352,A0005,INITIATED_BY,2024-04-26T02:20:25.478578
R00871,T00352,M0013,PURCHASED_AT,2024-04-26T02:20:25.478578
R00872,T00353,A0150,INITIATED_BY,2024-06-16T23:26:21.936201
R00873,T00353,M0002,PURCHASED_AT,2024-06-16T23:26:21.936201
R00874,T00354,A0078,INITIATED_BY,2024-04-29T14:10:53.142085
R00875,T00354,M0020,PURCHASED_AT,2024-04-29T14:10:53.142085
R00876,T00355,A0057,INITIATED_BY,2024-06-02T18:05:11.583280
R00877,T00355,M0005,PURCHASED_AT,2024-06-02T18:05:11.583280
R00878,T00356,A0037,INITIATED_BY,2024-03-08T12:52:44.244217
R00879,T00356,M0010,PURCHASED_AT,2024-03-08T12:52:44.244217
R00880,T00357,A0143,INITIATED_BY,2024-06-20T09:40:42.480517
R00881,T00357,M0005,PURCHASED_AT,2024-06-20T09:40:42.480517
R00882,T00358,A0089,INITIATED_BY,2024-04-02T18:31:44.058413
R00883,T00358,M0007,PURCHASED_AT,2024-04-02T18:31:44.058413
R00884,T00359,A0065,INITIATED_BY,2024-04-12T16:19:09.291323
R00885,T00359,M0007,PURCHASED_AT,2024-04-12T16:19:09.291323
R00886,T00360,A0141,INITIATED_BY,2024-05-01T13:48:02.599764
R00887,T00360,M0015,PURCHASED_AT,2024-05-01T13:48:02.599764
R00888,T00361,A0149,INITIATED_BY,2024-05-01T12:06:28.575895
R00889,T00361,M0016,PURCHASED_AT,2024-05-01T12:06:28.575895
R00890,T00362,A0018,INITIATED_BY,2024-02-29T10:20:07.309629
R00891,T00362,M0029,PURCHASED_AT,2024-02-29T10:20:07.309629
R00892,T00363,A0040,INITIATED_BY,2024-06-22T12:24:51.684702
R00893,T00363,M0019,PURCHASED_AT,2024-06-22T12:24:51.684702
R00894,T00364,A0064,INITIATED_BY,2024-03-19T22:31:22.595137
R00895,T00364,M0026,PURCHASED_AT,2024-03-19T22:31:22.595137
R00896,T00365,A0085,INITIATED_BY,2024-05-20T05:35:15.651127
R00897,T00365,M0029,PURCHASED_AT,2024-05-20T05:35:15.651127
R00898,T00366,A0045,INITIATED_BY,2024-06-04T10:15:07.628151
R00899,T00366,M0021,PURCHASED_AT,2024-06-04T10:15:07.628151
R00900,T00367,A0051,INITIATED_BY,2024-05-11T15:56:08.862450
R00901,T00367,M0009,PURCHASED_AT,2024-05-11T15:56:08.862450
R00902,T00368,A0008,INITIATED_BY,2024-04-16T19:07:03.859090
R00903,T00368,M0027,PURCHASED_AT,2024-04-16T19:07:03.859090
R00904,T00369,A0140,INITIATED_BY,2024-02-10T10:02:38.678209
R00905,T00369,M0029,PURCHASED_AT,2024-02-10T10:02:38.678209
R00906,T00370,A0075,INITIATED_BY,2024-03-12T19:38:05.009389
R00907,T00370,M0005,PURCHASED_AT,2024-03-12T19:38:05.009389
R00908,T00371,A0062,INITIATED_BY,2024-01-26T09:46:13.040049
R00909,T00371,M0028,PURCHASED_AT,2024-01-26T09:46:13.040049
R00910,T00372,A0145,INITIATED_BY,2024-05-12T11:49:38.777549
R00911,T00372,M0022,PURCHASED_AT,2024-05-12T11:49:38.777549
R00912,T00373,A0125,INITIATED_BY,2024-01-08T17:57:35.521211
R00913,T00373,M0008,PURCHASED_AT,2024-01-08T17:57:35.521211
R00914,T00374,A0093,INITIATED_BY,2024-01-09T09:43:27.535386
R00915,T00374,M0013,PURCHASED_AT,2024-01-09T09:43:27.535386
R00916,T00375,A0134,INITIATED_BY,2024-02-01T11:12:12.969516
R00917,T00375,M0021,PURCHASED_AT,2024-02-01T11:12:12.969516
R00918,T00376,A0020,INITIATED_BY,2024-05-27T22:04:35.429429
R00919,T00376,M0017,PURCHASED_AT,2024-05-27T22:04:35.429429
R00920,T00377,A0124,INITIATED_BY,2024-01-26T03:40:41.973395
R00921,T00377,M0029,PURCHASED_AT,2024-01-26T03:40:41.973395
R00922,T00378,A0132,INITIATED_BY,2024-01-29T11:33:37.224316
R00923,T00378,M0021,PURCHASED_AT,2024-01-29T11:33:37.224316
R00924,T00379,A0031,INITIATED_BY,2024-05-10T08:47:26.095750
R00925,T00379,M0022,PURCHASED_AT,2024-05-10T08:47:26.095750
R00926,T00380,A0123,INITIATED_BY,2024-03-15T08:56:46.161301
R00927,T00380,M0007,PURCHASED_AT,2024-03-15T08:56:46.161301
R00928,T00381,A0147,INITIATED_BY,2024-01-08T02:14:42.426961
R00929,T00381,M0019,PURCHASED_AT,2024-01-08T02:14:42.426961
R00930,T00382,A0043,INITIATED_BY,2024-03-14T09:18:08.059427
R00931,T00382,M0009,PURCHASED_AT,2024-03-14T09:18:08.059427
R00932,T00383,A0073,INITIATED_BY,2024-03-26T07:49:12.173340
R00933,T00383,M0003,PURCHASED_AT,2024-03-26T07:49:12.173340
R00934,T00384,A0106,INITIATED_BY,2024-05-18T21:58:37.377612
R00935,T00384,M0020,PURCHASED_AT,2024-05-18T21:58:37.377612
R00936,T00385,A0068,INITIATED_BY,2024-03-23T01:52:27.517759
R00937,T00385,M0006,PURCHASED_AT,2024-03-23T01:52:27.517759
R00938,T00386,A0097,INITIATED_BY,2024-05-03T20:53:37.891420
R00939,T00386,M0013,PURCHASED_AT,2024-05-03T20:53:37.891420
R00940,T00387,A0046,INITIATED_BY,2024-06-07T20:57:26.850080
R00941,T00387,M0016,PURCHASED_AT,2024-06-07T20:57:26.850080
R00942,T00388,A0031,INITIATED_BY,2024-04-19T05:29:37.979457
R00943,T00388,M0003,PURCHASED_AT,2024-04-19T05:29:37.979457
R00944,T00389,A0111,INITIATED_BY,2024-05-06T06:33:37.275172
R00945,T00389,M0017,PURCHASED_AT,2024-05-06T06:33:37.275172
R00946,T00390,A0124,INITIATED_BY,2024-05-25T15:16:25.654645
R00947,T00390,M0026,PURCHASED_AT,2024-05-25T15:16:25.654645
R00948,T00391,A0035,INITIATED_BY,2024-06-04T11:43:38.302598
R00949,T00391,M0009,PURCHASED_AT,2024-06-04T11:43:38.302598
R00950,T00392,A0140,INITIATED_BY,2024-03-08T21:07:47.302055
R00951,T00392,M0014,PURCHASED_AT,2024-03-08T21:07:47.302055
R00952,T00393,A0081,INITIATED_BY,2024-04-27T22:26:45.098431
R00953,T00393,M0014,PURCHASED_AT,2024-04-27T22:26:45.098431
R00954,T00394,A0138,INITIATED_BY,2024-06-28T12:22:24.386151
R00955,T00394,M0014,PURCHASED_AT,2024-06-28T12:22:24.386151
R00956,T00395,A0106,INITIATED_BY,2024-03-08T00:12:18.492520
R00957,T00395,M0018,PURCHASED_AT,2024-03-08T00:12:18.492520
R00958,T00396,A0079,INITIATED_BY,2024-05-13T04:14:19.962767
R00959,T00396,M0019,PURCHASED_AT,2024-05-13T04:14:19.962767
R00960,T00397,A0115,INITIATED_BY,2024-02-08T19:36:22.200629
R00961,T00397,M0026,PURCHASED_AT,2024-02-08T19:36:22.200629
R00962,T00398,A0141,INITIATED_BY,2024-01-30T02:14:45.282029
R00963,T00398,M0020,PURCHASED_AT,2024-01-30T02:14:45.282029
R00964,T00399,A0038,INITIATED_BY,2024-01-12T14:21:55.808886
R00965,T00399,M0016,PURCHASED_AT,2024-01-12T14:21:55.808886
R00966,T00400,A0010,INITIATED_BY,2024-05-08T19:12:56.638598
R00967,T00400,M0024,PURCHASED_AT,2024-05-08T19:12:56.638598
R00968,T00401,A0045,INITIATED_BY,2024-06-02T22:51:56.923790
R00969,T00401,M0021,PURCHASED_AT,2024-06-02T22:51:56.923790
R00970,T00402,A0009,INITIATED_BY,2024-02-11T22:22:43.341318
R00971,T00402,M0026,PURCHASED_AT,2024-02-11T22:22:43.341318
R00972,T00403,A0093,INITIATED_BY,2024-03-13T07:08:23.817075
R00973,T00403,M0008,PURCHASED_AT,2024-03-13T07:08:23.817075
R00974,T00404,A0052,INITIATED_BY,2024-05-11T10:20:47.597887
R00975,T00404,M0017,PURCHASED_AT,2024-05-11T10:20:47.597887
R00976,T00405,A0090,INITIATED_BY,2024-04-19T18:02:33.519546
R00977,T00405,M0012,PURCHASED_AT,2024-04-19T18:02:33.519546
R00978,T00406,A0104,INITIATED_BY,2024-04-01T01:46:00.689545
R00979,T00406,M0019,PURCHASED_AT,2024-04-01T01:46:00.689545
R00980,T00407,A0132,INITIATED_BY,2024-06-23T20:32:41.637373
R00981,T00407,M0009,PURCHASED_AT,2024-06-23T20:32:41.637373
R00982,T00408,A0063,INITIATED_BY,2024-05-03T08:50:50.138176
R00983,T00408,M0025,PURCHASED_AT,2024-05-03T08:50:50.138176
R00984,T00409,A0124,INITIATED_BY,2024-05-22T17:55:18.281761
R00985,T00409,M0004,PURCHASED_AT,2024-05-22T17:55:18.281761
R00986,T00410,A0059,INITIATED_BY,2024-05-30T14:58:37.499327
R00987,T00410,M0026,PURCHASED_AT,2024-05-30T14:58:37.499327
R00988,T00411,A0103,INITIATED_BY,2024-04-10T08:58:18.240798
R00989,T00411,M0022,PURCHASED_AT,2024-04-10T08:58:18.240798
R00990,T00412,A0091,INITIATED_BY,2024-06-20T10:16:51.836778
R00991,T00412,M0007,PURCHASED_AT,2024-06-20T10:16:51.836778
R00992,T00413,A0052,INITIATED_BY,2024-02-15T04:40:37.074236
R00993,T00413,M0008,PURCHASED_AT,2024-02-15T04:40:37.074236
R00994,T00414,A0028,INITIATED_BY,2024-05-18T07:52:36.694879
R00995,T00414,M0004,PURCHASED_AT,2024-05-18T07:52:36.694879
R00996,T00415,A0124,INITIATED_BY,2024-06-27T08:24:34.612507
R00997,T00415,M0012,PURCHASED_AT,2024-06-27T08:24:34.612507
R00998,T00416,A0126,INITIATED_BY,2024-04-14T09:02:00.850175
R00999,T00416,M0006,PURCHASED_AT,2024-04-14T09:02:00.850175
R01000,T00417,A0109,INITIATED_BY,2024-05-20T10:31:36.548349
R01001,T00417,M0016,PURCHASED_AT,2024-05-20T10:31:36.548349
R01002,T00418,A0133,INITIATED_BY,2024-01-19T05:38:54.804306
R01003,T00418,M0015,PURCHASED_AT,2024-01-19T05:38:54.804306
R01004,T00419,A0067,INITIATED_BY,2024-03-26T07:31:27.351926
R01005,T00419,M0006,PURCHASED_AT,2024-03-26T07:31:27.351926
R01006,T00420,A0048,INITIATED_BY,2024-05-16T03:32:18.226067
R01007,T00420,M0016,PURCHASED_AT,2024-05-16T03:32:18.226067
R01008,T00421,A0072,INITIATED_BY,2024-04-14T05:40:40.856446
R01009,T00421,M0015,PURCHASED_AT,2024-04-14T05:40:40.856446
R01010,T00422,A0070,INITIATED_BY,2024-03-09T22:33:26.684689
R01011,T00422,M0026,PURCHASED_AT,2024-03-09T22:33:26.684689
R01012,T00423,A0039,INITIATED_BY,2024-03-31T10:15:10.643868
R01013,T00423,M0016,PURCHASED_AT,2024-03-31T10:15:10.643868
R01014,T00424,A0081,INITIATED_BY,2024-06-04T09:19:57.402334
R01015,T00424,M0026,PURCHASED_AT,2024-06-04T09:19:57.402334
R01016,T00425,A0042,INITIATED_BY,2024-05-31T20:29:35.173047
R01017,T00425,M0002,PURCHASED_AT,2024-05-31T20:29:35.173047
R01018,T00426,A0086,INITIATED_BY,2024-06-17T15:55:58.213843
R01019,T00426,M0009,PURCHASED_AT,2024-06-17T15:55:58.213843
R01020,T00427,A0106,INITIATED_BY,2024-04-19T14:37:20.224965
R01021,T00427,M0004,PURCHASED_AT,2024-04-19T14:37:20.224965
R01022,T00428,A0138,INITIATED_BY,2024-02-28T20:11:31.939232
R01023,T00428,M0006,PURCHASED_AT,2024-02-28T20:11:31.939232
R01024,T00429,A0115,INITIATED_BY,2024-03-24T22:32:20.539388
R01025,T00429,M0029,PURCHASED_AT,2024-03-24T22:32:20.539388
R01026,T00430,A0087,INITIATED_BY,2024-06-02T15:37:29.831888
R01027,T00430,M0014,PURCHASED_AT,2024-06-02T15:37:29.831888
R01028,T00431,A0088,INITIATED_BY,2024-05-08T14:07:23.013647
R01029,T00431,M0008,PURCHASED_AT,2024-05-08T14:07:23.013647
R01030,T00432,A0070,INITIATED_BY,2024-03-06T17:35:17.037772
R01031,T00432,M0029,PURCHASED_AT,2024-03-06T17:35:17.037772
R01032,T00433,A0116,INITIATED_BY,2024-02-15T13:09:16.601212
R01033,T00433,M0014,PURCHASED_AT,2024-02-15T13:09:16.601212
R01034,T00434,A0102,INITIATED_BY,2024-05-19T12:56:09.660811
R01035,T00434,M0004,PURCHASED_AT,2024-05-19T12:56:09.660811
R01036,T00435,A0022,INITIATED_BY,2024-04-28T12:35:35.313217
R01037,T00435,M0004,PURCHASED_AT,2024-04-28T12:35:35.313217
R01038,T00436,A0064,INITIATED_BY,2024-01-24T18:16:03.966827
R01039,T00436,M0024,PURCHASED_AT,2024-01-24T18:16:03.966827
R01040,T00437,A0092,INITIATED_BY,2024-06-18T05:01:16.648719
R01041,T00437,M0028,PURCHASED_AT,2024-06-18T05:01:16.648719
R01042,T00438,A0139,INITIATED_BY,2024-05-15T13:16:19.190025
R01043,T00438,M0006,PURCHASED_AT,2024-05-15T13:16:19.190025
R01044,T00439,A0137,INITIATED_BY,2024-02-11T02:38:45.468769
R01045,T00439,M0010,PURCHASED_AT,2024-02-11T02:38:45.468769
R01046,T00440,A0094,INITIATED_BY,2024-01-01T00:24:04.149862
R01047,T00440,M0014,PURCHASED_AT,2024-01-01T00:24:04.149862
R01048,T00441,A0121,INITIATED_BY,2024-01-02T15:40:19.245215
R01049,T00441,M0018,PURCHASED_AT,2024-01-02T15:40:19.245215
R01050,T00442,A0060,INITIATED_BY,2024-03-15T12:34:50.214804
R01051,T00442,M0026,PURCHASED_AT,2024-03-15T12:34:50.214804
R01052,T00443,A0064,INITIATED_BY,2024-05-29T22:41:10.539261
R01053,T00443,M0006,PURCHASED_AT,2024-05-29T22:41:10.539261
R01054,T00444,A0109,INITIATED_BY,2024-06-13T16:50:30.942745
R01055,T00444,M0021,PURCHASED_AT,2024-06-13T16:50:30.942745
R01056,T00445,A0137,INITIATED_BY,2024-01-13T09:24:26.678033
R01057,T00445,M0026,PURCHASED_AT,2024-01-13T09:24:26.678033
R01058,T00446,A0117,INITIATED_BY,2024-03-30T01:13:50.465763
R01059,T00446,M0020,PURCHASED_AT,2024-03-30T01:13:50.465763
R01060,T00447,A0013,INITIATED_BY,2024-03-20T08:28:54.711775
R01061,T00447,M0018,PURCHASED_AT,2024-03-20T08:28:54.711775
R01062,T00448,A0039,INITIATED_BY,2024-02-26T09:29:20.833879
R01063,T00448,M0001,PURCHASED_AT,2024-02-26T09:29:20.833879
R01064,T00449,A0119,INITIATED_BY,2024-06-01T16:21:54.446474
R01065,T00449,M0023,PURCHASED_AT,2024-06-01T16:21:54.446474
R01066,T00450,A0101,INITIATED_BY,2024-06-11T02:54:58.902502
R01067,T00450,M0003,PURCHASED_AT,2024-06-11T02:54:58.902502
R01068,T00451,A0004,INITIATED_BY,2024-01-18T00:09:48.817616
R01069,T00451,M0004,PURCHASED_AT,2024-01-18T00:09:48.817616
R01070,T00452,A0080,INITIATED_BY,2024-01-08T15:15:20.222437
R01071,T00452,M0030,PURCHASED_AT,2024-01-08T15:15:20.222437
R01072,T00453,A0065,INITIATED_BY,2024-06-09T15:23:06.137999
R01073,T00453,M0016,PURCHASED_AT,2024-06-09T15:23:06.137999
R01074,T00454,A0061,INITIATED_BY,2024-05-23T18:49:54.789774
R01075,T00454,M0021,PURCHASED_AT,2024-05-23T18:49:54.789774
R01076,T00455,A0063,INITIATED_BY,2024-01-29T01:17:05.992513
R01077,T00455,M0001,PURCHASED_AT,2024-01-29T01:17:05.992513
R01078,T00456,A0128,INITIATED_BY,2024-06-24T12:10:01.246839
R01079,T00456,M0003,PURCHASED_AT,2024-06-24T12:10:01.246839
R01080,T00457,A0040,INITIATED_BY,2024-03-29T07:11:22.124664
R01081,T00457,M0023,PURCHASED_AT,2024-03-29T07:11:22.124664
R01082,T00458,A0089,INITIATED_BY,2024-05-11T02:47:23.790470
R01083,T00458,M0026,PURCHASED_AT,2024-05-11T02:47:23.790470
R01084,T00459,A0125,INITIATED_BY,2024-05-06T03:55:55.540492
R01085,T00459,M0023,PURCHASED_AT,2024-05-06T03:55:55.540492
R01086,T00460,A0140,INITIATED_BY,2024-06-06T01:07:22.917986
R01087,T00460,M0012,PURCHASED_AT,2024-06-06T01:07:22.917986
R01088,T00461,A0142,INITIATED_BY,2024-03-07T10:44:15.357220
R01089,T00461,M0006,PURCHASED_AT,2024-03-07T10:44:15.357220
R01090,T00462,A0130,INITIATED_BY,2024-04-22T06:08:13.656849
R01091,T00462,M0013,PURCHASED_AT,2024-04-22T06:08:13.656849
R01092,T00463,A0138,INITIATED_BY,2024-03-31T01:21:12.777012
R01093,T00463,M0027,PURCHASED_AT,2024-03-31T01:21:12.777012
R01094,T00464,A0073,INITIATED_BY,2024-01-18T10:08:14.478986
R01095,T00464,M0011,PURCHASED_AT,2024-01-18T10:08:14.478986
R01096,T00465,A0034,INITIATED_BY,2024-03-28T20:26:54.699922
R01097,T00465,M0006,PURCHASED_AT,2024-03-28T20:26:54.699922
R01098,T00466,A0100,INITIATED_BY,2024-04-16T20:16:01.783499
R01099,T00466,M0022,PURCHASED_AT,2024-04-16T20:16:01.783499
R01100,T00467,A0019,INITIATED_BY,2024-03-29T22:39:55.793536
R01101,T00467,M0001,PURCHASED_AT,2024-03-29T22:39:55.793536
R01102,T00468,A0016,INITIATED_BY,2024-03-16T06:54:02.565256
R01103,T00468,M0012,PURCHASED_AT,2024-03-16T06:54:02.565256
R01104,T00469,A0015,INITIATED_BY,2024-05-12T21:48:02.409787
R01105,T00469,M0027,PURCHASED_AT,2024-05-12T21:48:02.409787
R01106,T00470,A0056,INITIATED_BY,2024-04-05T05:46:41.313619
R01107,T00470,M0017,PURCHASED_AT,2024-04-05T05:46:41.313619
R01108,T00471,A0046,INITIATED_BY,2024-01-20T02:21:12.982212
R01109,T00471,M0018,PURCHASED_AT,2024-01-20T02:21:12.982212
R01110,T00472,A0118,INITIATED_BY,2024-01-31T04:37:10.852741
R01111,T00472,M0023,PURCHASED_AT,2024-01-31T04:37:10.852741
R01112,T00473,A0130,INITIATED_BY,2024-04-18T14:02:02.171950
R01113,T00473,M0011,PURCHASED_AT,2024-04-18T14:02:02.171950
R01114,T00474,A0141,INITIATED_BY,2024-04-24T14:47:53.273666
R01115,T00474,M0011,PURCHASED_AT,2024-04-24T14:47:53.273666
R01116,T00475,A0145,INITIATED_BY,2024-06-16T15:10:56.034273
R01117,T00475,M0018,PURCHASED_AT,2024-06-16T15:10:56.034273
R01118,T00476,A0116,INITIATED_BY,2024-01-03T22:49:04.201197
R01119,T00476,M0015,PURCHASED_AT,2024-01-03T22:49:04.201197
R01120,T00477,A0078,INITIATED_BY,2024-06-03T21:14:58.302268
R01121,T00477,M0001,PURCHASED_AT,2024-06-03T21:14:58.302268
R01122,T00478,A0071,INITIATED_BY,2024-06-16T14:12:25.645391
R01123,T00478,M0030,PURCHASED_AT,2024-06-16T14:12:25.645391
R01124,T00479,A0118,INITIATED_BY,2024-06-10T00:31:57.112350
R01125,T00479,M0012,PURCHASED_AT,2024-06-10T00:31:57.112350
R01126,T00480,A0077,INITIATED_BY,2024-02-09T08:32:51.163067
R01127,T00480,M0003,PURCHASED_AT,2024-02-09T08:32:51.163067
R01128,T00481,A0124,INITIATED_BY,2024-05-07T05:10:16.518809
R01129,T00481,M0006,PURCHASED_AT,2024-05-07T05:10:16.518809
R01130,T00482,A0077,INITIATED_BY,2024-01-15T04:54:20.908400
R01131,T00482,M0002,PURCHASED_AT,2024-01-15T04:54:20.908400
R01132,T00483,A0086,INITIATED_BY,2024-06-17T08:59:20.359146
R01133,T00483,M0012,PURCHASED_AT,2024-06-17T08:59:20.359146
R01134,T00484,A0059,INITIATED_BY,2024-01-03T01:40:15.423246
R01135,T00484,M0024,PURCHASED_AT,2024-01-03T01:40:15.423246
R01136,T00485,A0135,INITIATED_BY,2024-02-29T03:45:23.725921
R01137,T00485,M0002,PURCHASED_AT,2024-02-29T03:45:23.725921
R01138,T00486,A0101,INITIATED_BY,2024-01-17T07:19:13.245076
R01139,T00486,M0015,PURCHASED_AT,2024-01-17T07:19:13.245076
R01140,T00487,A0101,INITIATED_BY,2024-03-13T06:05:13.218835
R01141,T00487,M0005,PURCHASED_AT,2024-03-13T06:05:13.218835
R01142,T00488,A0112,INITIATED_BY,2024-03-28T01:07:38.454902
R01143,T00488,M0025,PURCHASED_AT,2024-03-28T01:07:38.454902
R01144,T00489,A0147,INITIATED_BY,2024-02-18T04:37:14.887101
R01145,T00489,M0007,PURCHASED_AT,2024-02-18T04:37:14.887101
R01146,T00490,A0148,INITIATED_BY,2024-03-07T02:43:21.530771
R01147,T00490,M0003,PURCHASED_AT,2024-03-07T02:43:21.530771
R01148,T00491,A0007,INITIATED_BY,2024-01-09T02:56:53.092485
R01149,T00491,M0025,PURCHASED_AT,2024-01-09T02:56:53.092485
R01150,T00492,A0096,INITIATED_BY,2024-01-05T02:49:04.123981
R01151,T00492,M0005,PURCHASED_AT,2024-01-05T02:49:04.123981
R01152,T00493,A0055,INITIATED_BY,2024-04-09T07:59:14.777158
R01153,T00493,M0007,PURCHASED_AT,2024-04-09T07:59:14.777158
R01154,T00494,A0037,INITIATED_BY,2024-01-08T20:53:09.026080
R01155,T00494,M0023,PURCHASED_AT,2024-01-08T20:53:09.026080
R01156,T00495,A0052,INITIATED_BY,2024-03-25T03:47:23.262477
R01157,T00495,M0026,PURCHASED_AT,2024-03-25T03:47:23.262477
R01158,T00496,A0070,INITIATED_BY,2024-06-05T10:26:31.906840
R01159,T00496,M0022,PURCHASED_AT,2024-06-05T10:26:31.906840
R01160,T00497,A0099,INITIATED_BY,2024-05-08T10:53:17.303886
R01161,T00497,M0008,PURCHASED_AT,2024-05-08T10:53:17.303886
R01162,T00498,A0137,INITIATED_BY,2024-03-23T21:29:32.361972
R01163,T00498,M0003,PURCHASED_AT,2024-03-23T21:29:32.361972
R01164,T00499,A0136,INITIATED_BY,2024-01-29T10:01:50.910840
R01165,T00499,M0010,PURCHASED_AT,2024-01-29T10:01:50.910840
R01166,T00500,A0091,INITIATED_BY,2024-01-12T05:22:12.443291
R01167,T00500,M0021,PURCHASED_AT,2024-01-12T05:22:12.443291
R01168,T00501,A0008,INITIATED_BY,2024-03-02T20:43:08.572705
R01169,T00501,M0018,PURCHASED_AT,2024-03-02T20:43:08.572705
R01170,T00502,A0023,INITIATED_BY,2024-02-11T03:56:49.682596
R01171,T00502,M0024,PURCHASED_AT,2024-02-11T03:56:49.682596
R01172,T00503,A0110,INITIATED_BY,2024-04-08T03:27:48.294858
R01173,T00503,M0010,PURCHASED_AT,2024-04-08T03:27:48.294858
R01174,T00504,A0149,INITIATED_BY,2024-01-25T23:56:53.819029
R01175,T00504,M0018,PURCHASED_AT,2024-01-25T23:56:53.819029
R01176,T00505,A0111,INITIATED_BY,2024-06-20T16:43:30.701034
R01177,T00505,M0030,PURCHASED_AT,2024-06-20T16:43:30.701034
R01178,T00506,A0038,INITIATED_BY,2024-06-25T02:15:37.355624
R01179,T00506,M0024,PURCHASED_AT,2024-06-25T02:15:37.355624
R01180,T00507,A0071,INITIATED_BY,2024-02-03T10:32:19.612032
R01181,T00507,M0005,PURCHASED_AT,2024-02-03T10:32:19.612032
R01182,T00508,A0146,INITIATED_BY,2024-05-04T09:58:10.319573
R01183,T00508,M0020,PURCHASED_AT,2024-05-04T09:58:10.319573
R01184,T00509,A0123,INITIATED_BY,2024-05-08T21:00:39.930950
R01185,T00509,M0005,PURCHASED_AT,2024-05-08T21:00:39.930950
R01186,T00510,A0100,INITIATED_BY,2024-02-10T22:55:48.622835
R01187,T00510,M0016,PURCHASED_AT,2024-02-10T22:55:48.622835
R01188,T00511,A0004,INITIATED_BY,2024-05-14T08:50:26.801749
R01189,T00511,M0030,PURCHASED_AT,2024-05-14T08:50:26.801749
R01190,T00512,A0017,INITIATED_BY,2024-02-28T19:20:47.770212
R01191,T00512,M0006,PURCHASED_AT,2024-02-28T19:20:47.770212
R01192,T00513,A0110,INITIATED_BY,2024-05-29T04:52:59.045651
R01193,T00513,M0013,PURCHASED_AT,2024-05-29T04:52:59.045651
R01194,T00514,A0147,INITIATED_BY,2024-05-07T10:39:53.710033
R01195,T00514,M0020,PURCHASED_AT,2024-05-07T10:39:53.710033
R01196,T00515,A0116,INITIATED_BY,2024-04-10T22:39:10.533562
R01197,T00515,M0015,PURCHASED_AT,2024-04-10T22:39:10.533562
R01198,T00516,A0013,INITIATED_BY,2024-02-25T02:58:59.585303
R01199,T00516,M0007,PURCHASED_AT,2024-02-25T02:58:59.585303
R01200,T00517,A0109,INITIATED_BY,2024-04-03T13:42:58.178722
R01201,T00517,M0010,PURCHASED_AT,2024-04-03T13:42:58.178722
R01202,T00518,A0116,INITIATED_BY,2024-05-20T22:48:29.089114
R01203,T00518,M0003,PURCHASED_AT,2024-05-20T22:48:29.089114
R01204,T00519,A0106,INITIATED_BY,2024-04-16T20:19:49.528770
R01205,T00519,M0011,PURCHASED_AT,2024-04-16T20:19:49.528770
R01206,T00520,A0024,INITIATED_BY,2024-05-08T18:37:28.469744
R01207,T00520,M0009,PURCHASED_AT,2024-05-08T18:37:28.469744
R01208,T00521,A0032,INITIATED_BY,2024-03-06T16:37:33.896997
R01209,T00521,M0003,PURCHASED_AT,2024-03-06T16:37:33.896997
R01210,T00522,A0131,INITIATED_BY,2024-03-09T21:21:24.653630
R01211,T00522,M0020,PURCHASED_AT,2024-03-09T21:21:24.653630
R01212,T00523,A0145,INITIATED_BY,2024-06-06T06:08:51.816499
R01213,T00523,M0028,PURCHASED_AT,2024-06-06T06:08:51.816499
R01214,T00524,A0014,INITIATED_BY,2024-06-22T22:26:12.470209
R01215,T00524,M0014,PURCHASED_AT,2024-06-22T22:26:12.470209
R01216,T00525,A0031,INITIATED_BY,2024-04-22T16:24:07.433197
R01217,T00525,M0029,PURCHASED_AT,2024-04-22T16:24:07.433197
R01218,T00526,A0128,INITIATED_BY,2024-04-20T01:04:55.906944
R01219,T00526,M0028,PURCHASED_AT,2024-04-20T01:04:55.906944
R01220,T00527,A0122,INITIATED_BY,2024-04-18T14:50:36.747816
R01221,T00527,M0015,PURCHASED_AT,2024-04-18T14:50:36.747816
R01222,T00528,A0072,INITIATED_BY,2024-02-07T13:58:39.858934
R01223,T00528,M0020,PURCHASED_AT,2024-02-07T13:58:39.858934
R01224,T00529,A0090,INITIATED_BY,2024-02-29T22:20:47.635482
R01225,T00529,M0002,PURCHASED_AT,2024-02-29T22:20:47.635482
R01226,T00530,A0107,INITIATED_BY,2024-04-29T15:03:23.439437
R01227,T00530,M0006,PURCHASED_AT,2024-04-29T15:03:23.439437
R01228,T00531,A0144,INITIATED_BY,2024-05-19T02:24:57.794977
R01229,T00531,M0006,PURCHASED_AT,2024-05-19T02:24:57.794977
R01230,T00532,A0098,INITIATED_BY,2024-04-09T15:14:46.981470
R01231,T00532,M0027,PURCHASED_AT,2024-04-09T15:14:46.981470
R01232,T00533,A0032,INITIATED_BY,2024-03-15T21:21:51.688374
R01233,T00533,M0023,PURCHASED_AT,2024-03-15T21:21:51.688374
R01234,T00534,A0015,INITIATED_BY,2024-05-11T01:22:40.997688
R01235,T00534,M0004,PURCHASED_AT,2024-05-11T01:22:40.997688
R01236,T00535,A0074,INITIATED_BY,2024-04-05T02:17:58.138226
R01237,T00535,M0014,PURCHASED_AT,2024-04-05T02:17:58.138226
R01238,T00536,A0034,INITIATED_BY,2024-04-24T08:47:22.009079
R01239,T00536,M0020,PURCHASED_AT,2024-04-24T08:47:22.009079
R01240,T00537,A0060,INITIATED_BY,2024-01-22T09:29:30.451933
R01241,T00537,M0023,PURCHASED_AT,2024-01-22T09:29:30.451933
R01242,T00538,A0031,INITIATED_BY,2024-03-01T09:59:36.830834
R01243,T00538,M0024,PURCHASED_AT,2024-03-01T09:59:36.830834
R01244,T00539,A0055,INITIATED_BY,2024-02-16T01:11:22.978837
R01245,T00539,M0001,PURCHASED_AT,2024-02-16T01:11:22.978837
R01246,T00540,A0130,INITIATED_BY,2024-05-11T02:46:44.458936
R01247,T00540,M0018,PURCHASED_AT,2024-05-11T02:46:44.458936
R01248,T00541,A0045,INITIATED_BY,2024-05-01T17:13:21.096473
R01249,T00541,M0007,PURCHASED_AT,2024-05-01T17:13:21.096473
R01250,T00542,A0035,INITIATED_BY,2024-06-05T14:32:04.483160
R01251,T00542,M0016,PURCHASED_AT,2024-06-05T14:32:04.483160
R01252,T00543,A0106,INITIATED_BY,2024-02-24T04:20:57.247445
R01253,T00543,M0030,PURCHASED_AT,2024-02-24T04:20:57.247445
R01254,T00544,A0005,INITIATED_BY,2024-06-14T19:54:50.196533
R01255,T00544,M0007,PURCHASED_AT,2024-06-14T19:54:50.196533
R01256,T00545,A0039,INITIATED_BY,2024-03-08T22:02:45.376896
R01257,T00545,M0009,PURCHASED_AT,2024-03-08T22:02:45.376896
R01258,T00546,A0147,INITIATED_BY,2024-06-05T11:47:41.969550
R01259,T00546,M0020,PURCHASED_AT,2024-06-05T11:47:41.969550
R01260,T00547,A0081,INITIATED_BY,2024-03-30T23:12:16.066869
R01261,T00547,M0023,PURCHASED_AT,2024-03-30T23:12:16.066869
R01262,T00548,A0078,INITIATED_BY,2024-03-08T17:35:34.657121
R01263,T00548,M0007,PURCHASED_AT,2024-03-08T17:35:34.657121
R01264,T00549,A0024,INITIATED_BY,2024-06-12T19:07:40.792464
R01265,T00549,M0015,PURCHASED_AT,2024-06-12T19:07:40.792464
R01266,T00550,A0124,INITIATED_BY,2024-02-29T05:57:21.821296
R01267,T00550,M0024,PURCHASED_AT,2024-02-29T05:57:21.821296
R01268,T00551,A0133,INITIATED_BY,2024-06-05T12:44:07.869794
R01269,T00551,M0022,PURCHASED_AT,2024-06-05T12:44:07.869794
R01270,T00552,A0012,INITIATED_BY,2024-01-19T15:52:43.288237
R01271,T00552,M0022,PURCHASED_AT,2024-01-19T15:52:43.288237
R01272,T00553,A0080,INITIATED_BY,2024-02-04T20:25:05.730687
R01273,T00553,M0021,PURCHASED_AT,2024-02-04T20:25:05.730687
R01274,T00554,A0113,INITIATED_BY,2024-02-19T12:40:43.075523
R01275,T00554,M0022,PURCHASED_AT,2024-02-19T12:40:43.075523
R01276,T00555,A0144,INITIATED_BY,2024-04-09T10:26:39.889813
R01277,T00555,M0017,PURCHASED_AT,2024-04-09T10:26:39.889813
R01278,T00556,A0073,INITIATED_BY,2024-04-21T00:00:50.277576
R01279,T00556,M0019,PURCHASED_AT,2024-04-21T00:00:50.277576
R01280,T00557,A0013,INITIATED_BY,2024-01-16T14:06:12.447160
R01281,T00557,M0005,PURCHASED_AT,2024-01-16T14:06:12.447160
R01282,T00558,A0115,INITIATED_BY,2024-02-05T20:45:04.207657
R01283,T00558,M0020,PURCHASED_AT,2024-02-05T20:45:04.207657
R01284,T00559,A0120,INITIATED_BY,2024-03-23T11:03:27.495806
R01285,T00559,M0019,PURCHASED_AT,2024-03-23T11:03:27.495806
R01286,T00560,A0058,INITIATED_BY,2024-06-14T05:28:15.012407
R01287,T00560,M0005,PURCHASED_AT,2024-06-14T05:28:15.012407
R01288,T00561,A0085,INITIATED_BY,2024-03-29T05:43:45.286624
R01289,T00561,M0026,PURCHASED_AT,2024-03-29T05:43:45.286624
R01290,T00562,A0090,INITIATED_BY,2024-05-18T23:56:16.584498
R01291,T00562,M0016,PURCHASED_AT,2024-05-18T23:56:16.584498
R01292,T00563,A0131,INITIATED_BY,2024-01-20T08:43:36.280521
R01293,T00563,M0004,PURCHASED_AT,2024-01-20T08:43:36.280521
R01294,T00564,A0078,INITIATED_BY,2024-02-13T04:22:15.843115
R01295,T00564,M0018,PURCHASED_AT,2024-02-13T04:22:15.843115
R01296,T00565,A0124,INITIATED_BY,2024-05-05T14:59:45.724618
R01297,T00565,M0013,PURCHASED_AT,2024-05-05T14:59:45.724618
R01298,T00566,A0112,INITIATED_BY,2024-02-12T17:51:15.704524
R01299,T00566,M0019,PURCHASED_AT,2024-02-12T17:51:15.704524
R01300,T00567,A0147,INITIATED_BY,2024-03-24T18:52:27.259143
R01301,T00567,M0027,PURCHASED_AT,2024-03-24T18:52:27.259143
R01302,T00568,A0114,INITIATED_BY,2024-04-18T06:50:16.385446
R01303,T00568,M0006,PURCHASED_AT,2024-04-18T06:50:16.385446
R01304,T00569,A0098,INITIATED_BY,2024-01-17T09:16:31.342770
R01305,T00569,M0011,PURCHASED_AT,2024-01-17T09:16:31.342770
R01306,T00570,A0001,INITIATED_BY,2024-04-06T03:46:31.032304
R01307,T00570,M0025,PURCHASED_AT,2024-04-06T03:46:31.032304
R01308,T00571,A0115,INITIATED_BY,2024-05-03T00:00:14.333375
R01309,T00571,M0007,PURCHASED_AT,2024-05-03T00:00:14.333375
R01310,T00572,A0089,INITIATED_BY,2024-04-02T09:16:52.794931
R01311,T00572,M0003,PURCHASED_AT,2024-04-02T09:16:52.794931
R01312,T00573,A0016,INITIATED_BY,2024-04-23T03:55:51.362602
R01313,T00573,M0012,PURCHASED_AT,2024-04-23T03:55:51.362602
R01314,T00574,A0112,INITIATED_BY,2024-01-26T04:06:54.549181
R01315,T00574,M0018,PURCHASED_AT,2024-01-26T04:06:54.549181
R01316,T00575,A0093,INITIATED_BY,2024-06-06T23:09:49.839402
R01317,T00575,M0027,PURCHASED_AT,2024-06-06T23:09:49.839402
R01318,T00576,A0019,INITIATED_BY,2024-06-28T05:30:19.572771
R01319,T00576,M0021,PURCHASED_AT,2024-06-28T05:30:19.572771
R01320,T00577,A0107,INITIATED_BY,2024-04-19T09:38:30.491358
R01321,T00577,M0028,PURCHASED_AT,2024-04-19T09:38:30.491358
R01322,T00578,A0117,INITIATED_BY,2024-03-10T15:12:02.643313
R01323,T00578,M0017,PURCHASED_AT,2024-03-10T15:12:02.643313
R01324,T00579,A0002,INITIATED_BY,2024-05-08T21:29:33.775815
R01325,T00579,M0019,PURCHASED_AT,2024-05-08T21:29:33.775815
R01326,T00580,A0140,INITIATED_BY,2024-01-21T11:35:09.677786
R01327,T00580,M0019,PURCHASED_AT,2024-01-21T11:35:09.677786
R01328,T00581,A0021,INITIATED_BY,2024-06-04T13:01:09.343071
R01329,T00581,M0005,PURCHASED_AT,2024-06-04T13:01:09.343071
R01330,T00582,A0021,INITIATED_BY,2024-06-22T20:01:32.116738
R01331,T00582,M0017,PURCHASED_AT,2024-06-22T20:01:32.116738
R01332,T00583,A0139,INITIATED_BY,2024-06-12T13:10:27.927134
R01333,T00583,M0026,PURCHASED_AT,2024-06-12T13:10:27.927134
R01334,T00584,A0121,INITIATED_BY,2024-05-12T19:41:25.418775
R01335,T00584,M0015,PURCHASED_AT,2024-05-12T19:41:25.418775
R01336,T00585,A0076,INITIATED_BY,2024-04-18T04:07:58.938662
R01337,T00585,M0010,PURCHASED_AT,2024-04-18T04:07:58.938662
R01338,T00586,A0145,INITIATED_BY,2024-01-31T14:28:48.801741
R01339,T00586,M0009,PURCHASED_AT,2024-01-31T14:28:48.801741
R01340,T00587,A0075,INITIATED_BY,2024-01-14T21:53:22.760411
R01341,T00587,M0026,PURCHASED_AT,2024-01-14T21:53:22.760411
R01342,T00588,A0072,INITIATED_BY,2024-04-17T02:38:57.930163
R01343,T00588,M0009,PURCHASED_AT,2024-04-17T02:38:57.930163
R01344,T00589,A0095,INITIATED_BY,2024-04-05T10:58:37.866699
R01345,T00589,M0026,PURCHASED_AT,2024-04-05T10:58:37.866699
R01346,T00590,A0022,INITIATED_BY,2024-05-31T14:35:46.211879
R01347,T00590,M0005,PURCHASED_AT,2024-05-31T14:35:46.211879
R01348,T00591,A0061,INITIATED_BY,2024-02-08T03:57:42.159503
R01349,T00591,M0022,PURCHASED_AT,2024-02-08T03:57:42.159503
R01350,T00592,A0068,INITIATED_BY,2024-03-27T04:54:01.978131
R01351,T00592,M0025,PURCHASED_AT,2024-03-27T04:54:01.978131
R01352,T00593,A0100,INITIATED_BY,2024-03-19T16:29:09.341106
R01353,T00593,M0016,PURCHASED_AT,2024-03-19T16:29:09.341106
R01354,T00594,A0115,INITIATED_BY,2024-06-15T02:32:29.546777
R01355,T00594,M0013,PURCHASED_AT,2024-06-15T02:32:29.546777
R01356,T00595,A0111,INITIATED_BY,2024-01-18T18:54:51.727850
R01357,T00595,M0020,PURCHASED_AT,2024-01-18T18:54:51.727850
R01358,T00596,A0062,INITIATED_BY,2024-04-04T02:40:22.393558
R01359,T00596,M0024,PURCHASED_AT,2024-04-04T02:40:22.393558
R01360,T00597,A0003,INITIATED_BY,2024-05-04T01:48:36.197665
R01361,T00597,M0022,PURCHASED_AT,2024-05-04T01:48:36.197665
R01362,T00598,A0073,INITIATED_BY,2024-06-21T00:55:26.540308
R01363,T00598,M0009,PURCHASED_AT,2024-06-21T00:55:26.540308
R01364,T00599,A0031,INITIATED_BY,2024-04-28T19:22:41.764764
R01365,T00599,M0003,PURCHASED_AT,2024-04-28T19:22:41.764764
R01366,T00600,A0048,INITIATED_BY,2024-02-23T07:36:21.854630
R01367,T00600,M0029,PURCHASED_AT,2024-02-23T07:36:21.854630
R01368,T00601,A0071,INITIATED_BY,2024-05-19T08:21:39.354352
R01369,T00601,M0025,PURCHASED_AT,2024-05-19T08:21:39.354352
R01370,T00602,A0019,INITIATED_BY,2024-03-01T05:03:07.837630
R01371,T00602,M0009,PURCHASED_AT,2024-03-01T05:03:07.837630
R01372,T00603,A0068,INITIATED_BY,2024-06-17T01:46:43.966276
R01373,T00603,M0006,PURCHASED_AT,2024-06-17T01:46:43.966276
R01374,T00604,A0126,INITIATED_BY,2024-06-14T04:22:28.070479
R01375,T00604,M0004,PURCHASED_AT,2024-06-14T04:22:28.070479
R01376,T00605,A0019,INITIATED_BY,2024-03-21T16:54:41.887047
R01377,T00605,M0003,PURCHASED_AT,2024-03-21T16:54:41.887047
R01378,T00606,A0001,INITIATED_BY,2024-01-28T10:34:58.320464
R01379,T00606,M0030,PURCHASED_AT,2024-01-28T10:34:58.320464
R01380,T00607,A0148,INITIATED_BY,2024-03-29T19:30:41.571800
R01381,T00607,M0001,PURCHASED_AT,2024-03-29T19:30:41.571800
R01382,T00608,A0018,INITIATED_BY,2024-05-04T18:09:04.046007
R01383,T00608,M0018,PURCHASED_AT,2024-05-04T18:09:04.046007
R01384,T00609,A0138,INITIATED_BY,2024-02-24T19:29:06.591325
R01385,T00609,M0030,PURCHASED_AT,2024-02-24T19:29:06.591325
R01386,T00610,A0024,INITIATED_BY,2024-01-15T13:30:15.381452
R01387,T00610,M0012,PURCHASED_AT,2024-01-15T13:30:15.381452
R01388,T00611,A0075,INITIATED_BY,2024-06-24T02:52:34.683266
R01389,T00611,M0021,PURCHASED_AT,2024-06-24T02:52:34.683266
R01390,T00612,A0100,INITIATED_BY,2024-03-20T06:36:05.065444
R01391,T00612,M0029,PURCHASED_AT,2024-03-20T06:36:05.065444
R01392,T00613,A0050,INITIATED_BY,2024-03-29T13:13:34.317391
R01393,T00613,M0001,PURCHASED_AT,2024-03-29T13:13:34.317391
R01394,T00614,A0079,INITIATED_BY,2024-03-22T07:47:26.929232
R01395,T00614,M0016,PURCHASED_AT,2024-03-22T07:47:26.929232
R01396,T00615,A0015,INITIATED_BY,2024-05-02T17:34:12.234189
R01397,T00615,M0011,PURCHASED_AT,2024-05-02T17:34:12.234189
R01398,T00616,A0149,INITIATED_BY,2024-03-26T06:58:41.152625
R01399,T00616,M0008,PURCHASED_AT,2024-03-26T06:58:41.152625
R01400,T00617,A0034,INITIATED_BY,2024-03-23T13:39:57.138025
R01401,T00617,M0001,PURCHASED_AT,2024-03-23T13:39:57.138025
R01402,T00618,A0017,INITIATED_BY,2024-04-17T16:34:54.683995
R01403,T00618,M0027,PURCHASED_AT,2024-04-17T16:34:54.683995
R01404,T00619,A0052,INITIATED_BY,2024-05-13T13:33:39.537600
R01405,T00619,M0014,PURCHASED_AT,2024-05-13T13:33:39.537600
R01406,T00620,A0148,INITIATED_BY,2024-04-17T08:21:44.421154
R01407,T00620,M0018,PURCHASED_AT,2024-04-17T08:21:44.421154
R01408,T00621,A0071,INITIATED_BY,2024-03-07T22:57:51.766698
R01409,T00621,M0005,PURCHASED_AT,2024-03-07T22:57:51.766698
R01410,T00622,A0149,INITIATED_BY,2024-01-29T13:16:54.858303
R01411,T00622,M0002,PURCHASED_AT,2024-01-29T13:16:54.858303
R01412,T00623,A0002,INITIATED_BY,2024-05-05T12:34:45.562869
R01413,T00623,M0006,PURCHASED_AT,2024-05-05T12:34:45.562869
R01414,T00624,A0053,INITIATED_BY,2024-03-15T13:51:50.665065
R01415,T00624,M0005,PURCHASED_AT,2024-03-15T13:51:50.665065
R01416,T00625,A0010,INITIATED_BY,2024-06-21T00:05:41.245822
R01417,T00625,M0020,PURCHASED_AT,2024-06-21T00:05:41.245822
R01418,T00626,A0002,INITIATED_BY,2024-04-05T23:11:04.368882
R01419,T00626,M0018,PURCHASED_AT,2024-04-05T23:11:04.368882
R01420,T00627,A0139,INITIATED_BY,2024-04-29T08:07:01.833802
R01421,T00627,M0017,PURCHASED_AT,2024-04-29T08:07:01.833802
R01422,T00628,A0029,INITIATED_BY,2024-01-29T21:59:44.427499
R01423,T00628,M0026,PURCHASED_AT,2024-01-29T21:59:44.427499
R01424,T00629,A0094,INITIATED_BY,2024-04-21T15:27:47.730231
R01425,T00629,M0010,PURCHASED_AT,2024-04-21T15:27:47.730231
R01426,T00630,A0014,INITIATED_BY,2024-01-06T06:15:33.617175
R01427,T00630,M0030,PURCHASED_AT,2024-01-06T06:15:33.617175
R01428,T00631,A0061,INITIATED_BY,2024-03-16T20:25:26.021774
R01429,T00631,M0024,PURCHASED_AT,2024-03-16T20:25:26.021774
R01430,T00632,A0029,INITIATED_BY,2024-03-15T16:18:52.800368
R01431,T00632,M0011,PURCHASED_AT,2024-03-15T16:18:52.800368
R01432,T00633,A0057,INITIATED_BY,2024-06-10T04:17:00.736243
R01433,T00633,M0003,PURCHASED_AT,2024-06-10T04:17:00.736243
R01434,T00634,A0117,INITIATED_BY,2024-05-10T06:54:12.106210
R01435,T00634,M0006,PURCHASED_AT,2024-05-10T06:54:12.106210
R01436,T00635,A0052,INITIATED_BY,2024-01-11T19:07:37.452329
R01437,T00635,M0011,PURCHASED_AT,2024-01-11T19:07:37.452329
R01438,T00636,A0120,INITIATED_BY,2024-02-09T19:02:37.979176
R01439,T00636,M0015,PURCHASED_AT,2024-02-09T19:02:37.979176
R01440,T00637,A0044,INITIATED_BY,2024-04-17T01:49:38.297661
R01441,T00637,M0019,PURCHASED_AT,2024-04-17T01:49:38.297661
R01442,T00638,A0110,INITIATED_BY,2024-03-19T14:22:35.182167
R01443,T00638,M0024,PURCHASED_AT,2024-03-19T14:22:35.182167
R01444,T00639,A0039,INITIATED_BY,2024-06-26T09:55:10.111359
R01445,T00639,M0030,PURCHASED_AT,2024-06-26T09:55:10.111359
R01446,T00640,A0130,INITIATED_BY,2024-05-26T13:24:30.844958
R01447,T00640,M0002,PURCHASED_AT,2024-05-26T13:24:30.844958
R01448,T00641,A0062,INITIATED_BY,2024-05-12T10:52:46.622141
R01449,T00641,M0003,PURCHASED_AT,2024-05-12T10:52:46.622141
R01450,T00642,A0076,INITIATED_BY,2024-03-27T20:10:37.707056
R01451,T00642,M0008,PURCHASED_AT,2024-03-27T20:10:37.707056
R01452,T00643,A0118,INITIATED_BY,2024-06-25T17:34:18.701630
R01453,T00643,M0028,PURCHASED_AT,2024-06-25T17:34:18.701630
R01454,T00644,A0104,INITIATED_BY,2024-03-25T00:54:03.241572
R01455,T00644,M0006,PURCHASED_AT,2024-03-25T00:54:03.241572
R01456,T00645,A0019,INITIATED_BY,2024-01-06T22:06:37.360693
R01457,T00645,M0013,PURCHASED_AT,2024-01-06T22:06:37.360693
R01458,T00646,A0139,INITIATED_BY,2024-01-15T15:41:09.875673
R01459,T00646,M0019,PURCHASED_AT,2024-01-15T15:41:09.875673
R01460,T00647,A0015,INITIATED_BY,2024-03-07T04:02:27.777909
R01461,T00647,M0017,PURCHASED_AT,2024-03-07T04:02:27.777909
R01462,T00648,A0018,INITIATED_BY,2024-06-26T14:33:25.369420
R01463,T00648,M0018,PURCHASED_AT,2024-06-26T14:33:25.369420
R01464,T00649,A0123,INITIATED_BY,2024-06-22T14:20:47.788234
R01465,T00649,M0024,PURCHASED_AT,2024-06-22T14:20:47.788234
R01466,T00650,A0058,INITIATED_BY,2024-05-03T02:54:17.833954
R01467,T00650,M0011,PURCHASED_AT,2024-05-03T02:54:17.833954
R01468,T00651,A0096,INITIATED_BY,2024-05-30T03:36:28.387219
R01469,T00651,M0012,PURCHASED_AT,2024-05-30T03:36:28.387219
R01470,T00652,A0137,INITIATED_BY,2024-05-24T18:46:56.636740
R01471,T00652,M0029,PURCHASED_AT,2024-05-24T18:46:56.636740
R01472,T00653,A0118,INITIATED_BY,2024-05-06T04:07:28.882343
R01473,T00653,M0003,PURCHASED_AT,2024-05-06T04:07:28.882343
R01474,T00654,A0053,INITIATED_BY,2024-06-17T15:23:53.071380
R01475,T00654,M0017,PURCHASED_AT,2024-06-17T15:23:53.071380
R01476,T00655,A0114,INITIATED_BY,2024-01-12T09:27:09.595177
R01477,T00655,M0024,PURCHASED_AT,2024-01-12T09:27:09.595177
R01478,T00656,A0134,INITIATED_BY,2024-04-28T16:37:25.029289
R01479,T00656,M0021,PURCHASED_AT,2024-04-28T16:37:25.029289
R01480,T00657,A0136,INITIATED_BY,2024-04-12T16:08:28.374020
R01481,T00657,M0027,PURCHASED_AT,2024-04-12T16:08:28.374020
R01482,T00658,A0067,INITIATED_BY,2024-05-19T07:47:34.289055
R01483,T00658,M0008,PURCHASED_AT,2024-05-19T07:47:34.289055
R01484,T00659,A0073,INITIATED_BY,2024-02-02T23:49:35.534846
R01485,T00659,M0015,PURCHASED_AT,2024-02-02T23:49:35.534846
R01486,T00660,A0040,INITIATED_BY,2024-02-17T03:12:31.913466
R01487,T00660,M0006,PURCHASED_AT,2024-02-17T03:12:31.913466
R01488,T00661,A0009,INITIATED_BY,2024-03-08T11:56:32.935287
R01489,T00661,M0022,PURCHASED_AT,2024-03-08T11:56:32.935287
R01490,T00662,A0137,INITIATED_BY,2024-04-27T03:37:39.819687
R01491,T00662,M0010,PURCHASED_AT,2024-04-27T03:37:39.819687
R01492,T00663,A0075,INITIATED_BY,2024-06-13T03:29:24.513904
R01493,T00663,M0025,PURCHASED_AT,2024-06-13T03:29:24.513904
R01494,T00664,A0029,INITIATED_BY,2024-05-02T17:16:05.576614
R01495,T00664,M0024,PURCHASED_AT,2024-05-02T17:16:05.576614
R01496,T00665,A0103,INITIATED_BY,2024-01-17T17:44:16.923770
R01497,T00665,M0020,PURCHASED_AT,2024-01-17T17:44:16.923770
R01498,T00666,A0050,INITIATED_BY,2024-05-18T20:15:40.337616
R01499,T00666,M0019,PURCHASED_AT,2024-05-18T20:15:40.337616
R01500,T00667,A0138,INITIATED_BY,2024-01-16T19:33:55.492991
R01501,T00667,M0028,PURCHASED_AT,2024-01-16T19:33:55.492991
R01502,T00668,A0126,INITIATED_BY,2024-01-11T03:28:15.064749
R01503,T00668,M0011,PURCHASED_AT,2024-01-11T03:28:15.064749
R01504,T00669,A0110,INITIATED_BY,2024-03-03T10:20:00.261452
R01505,T00669,M0012,PURCHASED_AT,2024-03-03T10:20:00.261452
R01506,T00670,A0144,INITIATED_BY,2024-03-21T02:14:20.236944
R01507,T00670,M0003,PURCHASED_AT,2024-03-21T02:14:20.236944
R01508,T00671,A0109,INITIATED_BY,2024-02-07T14:36:46.032512
R01509,T00671,M0024,PURCHASED_AT,2024-02-07T14:36:46.032512
R01510,T00672,A0135,INITIATED_BY,2024-03-15T02:41:49.253069
R01511,T00672,M0011,PURCHASED_AT,2024-03-15T02:41:49.253069
R01512,T00673,A0143,INITIATED_BY,2024-01-25T18:48:39.821018
R01513,T00673,M0015,PURCHASED_AT,2024-01-25T18:48:39.821018
R01514,T00674,A0075,INITIATED_BY,2024-02-24T15:51:25.758558
R01515,T00674,M0018,PURCHASED_AT,2024-02-24T15:51:25.758558
R01516,T00675,A0144,INITIATED_BY,2024-01-01T10:37:42.081664
R01517,T00675,M0024,PURCHASED_AT,2024-01-01T10:37:42.081664
R01518,T00676,A0121,INITIATED_BY,2024-03-16T12:07:44.465775
R01519,T00676,M0004,PURCHASED_AT,2024-03-16T12:07:44.465775
R01520,T00677,A0063,INITIATED_BY,2024-06-28T23:22:56.468907
R01521,T00677,M0001,PURCHASED_AT,2024-06-28T23:22:56.468907
R01522,T00678,A0093,INITIATED_BY,2024-02-16T16:22:03.792673
R01523,T00678,M0019,PURCHASED_AT,2024-02-16T16:22:03.792673
R01524,T00679,A0031,INITIATED_BY,2024-06-01T23:53:47.816447
R01525,T00679,M0012,PURCHASED_AT,2024-06-01T23:53:47.816447
R01526,T00680,A0038,INITIATED_BY,2024-03-05T16:28:56.859443
R01527,T00680,M0011,PURCHASED_AT,2024-03-05T16:28:56.859443
R01528,T00681,A0108,INITIATED_BY,2024-02-22T11:08:07.160906
R01529,T00681,M0021,PURCHASED_AT,2024-02-22T11:08:07.160906
R01530,T00682,A0020,INITIATED_BY,2024-05-18T09:48:38.386814
R01531,T00682,M0017,PURCHASED_AT,2024-05-18T09:48:38.386814
R01532,T00683,A0140,INITIATED_BY,2024-05-04T01:34:03.062424
R01533,T00683,M0011,PURCHASED_AT,2024-05-04T01:34:03.062424
R01534,T00684,A0149,INITIATED_BY,2024-03-28T18:24:04.908724
R01535,T00684,M0012,PURCHASED_AT,2024-03-28T18:24:04.908724
R01536,T00685,A0042,INITIATED_BY,2024-05-30T12:21:19.879184
R01537,T00685,M0004,PURCHASED_AT,2024-05-30T12:21:19.879184
R01538,T00686,A0135,INITIATED_BY,2024-05-16T21:23:47.379756
R01539,T00686,M0028,PURCHASED_AT,2024-05-16T21:23:47.379756
R01540,T00687,A0020,INITIATED_BY,2024-03-06T14:59:52.258605
R01541,T00687,M0004,PURCHASED_AT,2024-03-06T14:59:52.258605
R01542,T00688,A0134,INITIATED_BY,2024-01-22T11:11:05.616075
R01543,T00688,M0025,PURCHASED_AT,2024-01-22T11:11:05.616075
R01544,T00689,A0037,INITIATED_BY,2024-01-24T13:40:05.118315
R01545,T00689,M0023,PURCHASED_AT,2024-01-24T13:40:05.118315
R01546,T00690,A0029,INITIATED_BY,2024-03-19T01:20:20.483012
R01547,T00690,M0003,PURCHASED_AT,2024-03-19T01:20:20.483012
R01548,T00691,A0132,INITIATED_BY,2024-04-30T19:59:43.525782
R01549,T00691,M0019,PURCHASED_AT,2024-04-30T19:59:43.525782
R01550,T00692,A0053,INITIATED_BY,2024-03-04T15:03:44.089741
R01551,T00692,M0019,PURCHASED_AT,2024-03-04T15:03:44.089741
R01552,T00693,A0072,INITIATED_BY,2024-03-31T14:45:21.240301
R01553,T00693,M0019,PURCHASED_AT,2024-03-31T14:45:21.240301
R01554,T00694,A0146,INITIATED_BY,2024-01-03T12:44:52.258321
R01555,T00694,M0003,PURCHASED_AT,2024-01-03T12:44:52.258321
R01556,T00695,A0073,INITIATED_BY,2024-06-25T05:13:51.968851
R01557,T00695,M0006,PURCHASED_AT,2024-06-25T05:13:51.968851
R01558,T00696,A0130,INITIATED_BY,2024-04-16T16:16:09.123643
R01559,T00696,M0028,PURCHASED_AT,2024-04-16T16:16:09.123643
R01560,T00697,A0028,INITIATED_BY,2024-03-14T18:31:07.325651
R01561,T00697,M0006,PURCHASED_AT,2024-03-14T18:31:07.325651
R01562,T00698,A0029,INITIATED_BY,2024-01-08T08:24:12.953838
R01563,T00698,M0017,PURCHASED_AT,2024-01-08T08:24:12.953838
R01564,T00699,A0099,INITIATED_BY,2024-05-04T08:31:48.884611
R01565,T00699,M0010,PURCHASED_AT,2024-05-04T08:31:48.884611
R01566,T00700,A0105,INITIATED_BY,2024-06-04T01:49:30.604376
R01567,T00700,M0010,PURCHASED_AT,2024-06-04T01:49:30.604376
R01568,T00701,A0095,INITIATED_BY,2024-04-04T14:26:43.305586
R01569,T00701,M0006,PURCHASED_AT,2024-04-04T14:26:43.305586
R01570,T00702,A0102,INITIATED_BY,2024-02-06T00:49:52.531130
R01571,T00702,M0013,PURCHASED_AT,2024-02-06T00:49:52.531130
R01572,T00703,A0104,INITIATED_BY,2024-03-31T08:08:03.578303
R01573,T00703,M0004,PURCHASED_AT,2024-03-31T08:08:03.578303
R01574,T00704,A0103,INITIATED_BY,2024-03-14T04:54:10.781584
R01575,T00704,M0012,PURCHASED_AT,2024-03-14T04:54:10.781584
R01576,T00705,A0038,INITIATED_BY,2024-03-29T13:41:56.266970
R01577,T00705,M0025,PURCHASED_AT,2024-03-29T13:41:56.266970
R01578,T00706,A0035,INITIATED_BY,2024-05-02T22:27:49.496055
R01579,T00706,M0001,PURCHASED_AT,2024-05-02T22:27:49.496055
R01580,T00707,A0025,INITIATED_BY,2024-02-06T13:11:29.548818
R01581,T00707,M0025,PURCHASED_AT,2024-02-06T13:11:29.548818
R01582,T00708,A0067,INITIATED_BY,2024-04-08T22:31:02.736782
R01583,T00708,M0018,PURCHASED_AT,2024-04-08T22:31:02.736782
R01584,T00709,A0031,INITIATED_BY,2024-03-21T02:27:50.037230
R01585,T00709,M0013,PURCHASED_AT,2024-03-21T02:27:50.037230
R01586,T00710,A0143,INITIATED_BY,2024-05-07T19:07:16.252312
R01587,T00710,M0022,PURCHASED_AT,2024-05-07T19:07:16.252312
R01588,T00711,A0080,INITIATED_BY,2024-04-12T23:06:25.529038
R01589,T00711,M0023,PURCHASED_AT,2024-04-12T23:06:25.529038
R01590,T00712,A0139,INITIATED_BY,2024-01-29T07:00:53.269557
R01591,T00712,M0019,PURCHASED_AT,2024-01-29T07:00:53.269557
R01592,T00713,A0127,INITIATED_BY,2024-01-09T03:59:40.400908
R01593,T00713,M0019,PURCHASED_AT,2024-01-09T03:59:40.400908
R01594,T00714,A0150,INITIATED_BY,2024-03-09T21:12:38.710426
R01595,T00714,M0001,PURCHASED_AT,2024-03-09T21:12:38.710426
R01596,T00715,A0092,INITIATED_BY,2024-02-14T19:38:05.697927
R01597,T00715,M0014,PURCHASED_AT,2024-02-14T19:38:05.697927
R01598,T00716,A0017,INITIATED_BY,2024-01-04T13:37:43.987475
R01599,T00716,M0028,PURCHASED_AT,2024-01-04T13:37:43.987475
R01600,T00717,A0109,INITIATED_BY,2024-01-04T16:37:38.902339
R01601,T00717,M0019,PURCHASED_AT,2024-01-04T16:37:38.902339
R01602,T00718,A0082,INITIATED_BY,2024-01-18T16:31:13.165924
R01603,T00718,M0013,PURCHASED_AT,2024-01-18T16:31:13.165924
R01604,T00719,A0053,INITIATED_BY,2024-04-30T19:07:53.541506
R01605,T00719,M0011,PURCHASED_AT,2024-04-30T19:07:53.541506
R01606,T00720,A0094,INITIATED_BY,2024-06-25T07:31:19.035563
R01607,T00720,M0014,PURCHASED_AT,2024-06-25T07:31:19.035563
R01608,T00721,A0138,INITIATED_BY,2024-06-29T07:36:47.159848
R01609,T00721,M0007,PURCHASED_AT,2024-06-29T07:36:47.159848
R01610,T00722,A0024,INITIATED_BY,2024-05-25T00:21:02.004740
R01611,T00722,M0023,PURCHASED_AT,2024-05-25T00:21:02.004740
R01612,T00723,A0089,INITIATED_BY,2024-04-30T02:03:21.215284
R01613,T00723,M0026,PURCHASED_AT,2024-04-30T02:03:21.215284
R01614,T00724,A0103,INITIATED_BY,2024-05-18T04:23:34.734004
R01615,T00724,M0009,PURCHASED_AT,2024-05-18T04:23:34.734004
R01616,T00725,A0133,INITIATED_BY,2024-04-29T14:32:31.928565
R01617,T00725,M0028,PURCHASED_AT,2024-04-29T14:32:31.928565
R01618,T00726,A0137,INITIATED_BY,2024-03-19T12:05:56.983890
R01619,T00726,M0026,PURCHASED_AT,2024-03-19T12:05:56.983890
R01620,T00727,A0016,INITIATED_BY,2024-02-13T12:11:03.946017
R01621,T00727,M0017,PURCHASED_AT,2024-02-13T12:11:03.946017
R01622,T00728,A0106,INITIATED_BY,2024-02-18T07:33:52.528912
R01623,T00728,M0011,PURCHASED_AT,2024-02-18T07:33:52.528912
R01624,T00729,A0066,INITIATED_BY,2024-01-21T13:17:54.444744
R01625,T00729,M0022,PURCHASED_AT,2024-01-21T13:17:54.444744
R01626,T00730,A0080,INITIATED_BY,2024-03-17T09:15:03.944624
R01627,T00730,M0015,PURCHASED_AT,2024-03-17T09:15:03.944624
R01628,T00731,A0070,INITIATED_BY,2024-04-26T14:48:44.494225
R01629,T00731,M0005,PURCHASED_AT,2024-04-26T14:48:44.494225
R01630,T00732,A0125,INITIATED_BY,2024-06-05T22:59:39.160421
R01631,T00732,M0026,PURCHASED_AT,2024-06-05T22:59:39.160421
R01632,T00733,A0024,INITIATED_BY,2024-06-20T21:23:09.706111
R01633,T00733,M0013,PURCHASED_AT,2024-06-20T21:23:09.706111
R01634,T00734,A0024,INITIATED_BY,2024-02-26T17:27:16.093598
R01635,T00734,M0008,PURCHASED_AT,2024-02-26T17:27:16.093598
R01636,T00735,A0061,INITIATED_BY,2024-02-01T16:52:12.308205
R01637,T00735,M0030,PURCHASED_AT,2024-02-01T16:52:12.308205
R01638,T00736,A0066,INITIATED_BY,2024-03-08T19:43:06.430741
R01639,T00736,M0028,PURCHASED_AT,2024-03-08T19:43:06.430741
R01640,T00737,A0109,INITIATED_BY,2024-05-28T16:00:40.142656
R01641,T00737,M0016,PURCHASED_AT,2024-05-28T16:00:40.142656
R01642,T00738,A0009,INITIATED_BY,2024-01-10T21:29:47.972125
R01643,T00738,M0027,PURCHASED_AT,2024-01-10T21:29:47.972125
R01644,T00739,A0099,INITIATED_BY,2024-06-12T11:18:51.972038
R01645,T00739,M0010,PURCHASED_AT,2024-06-12T11:18:51.972038
R01646,T00740,A0061,INITIATED_BY,2024-06-22T21:29:21.016642
R01647,T00740,M0028,PURCHASED_AT,2024-06-22T21:29:21.016642
R01648,T00741,A0061,INITIATED_BY,2024-06-08T04:24:20.603582
R01649,T00741,M0010,PURCHASED_AT,2024-06-08T04:24:20.603582
R01650,T00742,A0071,INITIATED_BY,2024-06-16T16:42:14.122271
R01651,T00742,M0028,PURCHASED_AT,2024-06-16T16:42:14.122271
R01652,T00743,A0026,INITIATED_BY,2024-01-13T00:17:57.351106
R01653,T00743,M0027,PURCHASED_AT,2024-01-13T00:17:57.351106
R01654,T00744,A0141,INITIATED_BY,2024-05-17T22:01:16.802864
R01655,T00744,M0024,PURCHASED_AT,2024-05-17T22:01:16.802864
R01656,T00745,A0035,INITIATED_BY,2024-02-26T18:48:27.038569
R01657,T00745,M0001,PURCHASED_AT,2024-02-26T18:48:27.038569
R01658,T00746,A0064,INITIATED_BY,2024-04-27T12:02:25.378818
R01659,T00746,M0017,PURCHASED_AT,2024-04-27T12:02:25.378818
R01660,T00747,A0106,INITIATED_BY,2024-06-07T02:30:33.786006
R01661,T00747,M0026,PURCHASED_AT,2024-06-07T02:30:33.786006
R01662,T00748,A0084,INITIATED_BY,2024-03-07T12:51:09.008610
R01663,T00748,M0026,PURCHASED_AT,2024-03-07T12:51:09.008610
R01664,T00749,A0147,INITIATED_BY,2024-02-11T09:30:15.392536
R01665,T00749,M0008,PURCHASED_AT,2024-02-11T09:30:15.392536
R01666,T00750,A0051,INITIATED_BY,2024-03-13T14:05:44.353919
R01667,T00750,M0009,PURCHASED_AT,2024-03-13T14:05:44.353919
R01668,T00751,A0039,INITIATED_BY,2024-04-05T04:14:20.292855
R01669,T00751,M0003,PURCHASED_AT,2024-04-05T04:14:20.292855
R01670,T00752,A0127,INITIATED_BY,2024-06-20T05:39:04.706232
R01671,T00752,M0004,PURCHASED_AT,2024-06-20T05:39:04.706232
R01672,T00753,A0127,INITIATED_BY,2024-03-16T17:13:47.371561
R01673,T00753,M0013,PURCHASED_AT,2024-03-16T17:13:47.371561
R01674,T00754,A0008,INITIATED_BY,2024-04-15T12:07:51.484614
R01675,T00754,M0010,PURCHASED_AT,2024-04-15T12:07:51.484614
R01676,T00755,A0121,INITIATED_BY,2024-03-10T09:54:15.328136
R01677,T00755,M0005,PURCHASED_AT,2024-03-10T09:54:15.328136
R01678,T00756,A0066,INITIATED_BY,2024-06-13T09:20:09.881913
R01679,T00756,M0003,PURCHASED_AT,2024-06-13T09:20:09.881913
R01680,T00757,A0012,INITIATED_BY,2024-02-24T18:05:31.030468
R01681,T00757,M0001,PURCHASED_AT,2024-02-24T18:05:31.030468
R01682,T00758,A0034,INITIATED_BY,2024-02-17T02:42:24.973091
R01683,T00758,M0029,PURCHASED_AT,2024-02-17T02:42:24.973091
R01684,T00759,A0087,INITIATED_BY,2024-05-08T13:21:00.778789
R01685,T00759,M0029,PURCHASED_AT,2024-05-08T13:21:00.778789
R01686,T00760,A0030,INITIATED_BY,2024-02-17T17:45:52.176844
R01687,T00760,M0011,PURCHASED_AT,2024-02-17T17:45:52.176844
R01688,T00761,A0043,INITIATED_BY,2024-06-20T23:01:12.833377
R01689,T00761,M0011,PURCHASED_AT,2024-06-20T23:01:12.833377
R01690,T00762,A0113,INITIATED_BY,2024-01-30T14:28:57.836553
R01691,T00762,M0002,PURCHASED_AT,2024-01-30T14:28:57.836553
R01692,T00763,A0127,INITIATED_BY,2024-01-21T08:39:37.437392
R01693,T00763,M0002,PURCHASED_AT,2024-01-21T08:39:37.437392
R01694,T00764,A0024,INITIATED_BY,2024-01-31T11:04:24.553188
R01695,T00764,M0007,PURCHASED_AT,2024-01-31T11:04:24.553188
R01696,T00765,A0145,INITIATED_BY,2024-06-29T15:19:54.440588
R01697,T00765,M0029,PURCHASED_AT,2024-06-29T15:19:54.440588
R01698,T00766,A0147,INITIATED_BY,2024-05-19T01:17:34.392559
R01699,T00766,M0006,PURCHASED_AT,2024-05-19T01:17:34.392559
R01700,T00767,A0007,INITIATED_BY,2024-03-12T08:16:25.043587
R01701,T00767,M0010,PURCHASED_AT,2024-03-12T08:16:25.043587
R01702,T00768,A0028,INITIATED_BY,2024-03-24T07:15:10.569206
R01703,T00768,M0027,PURCHASED_AT,2024-03-24T07:15:10.569206
R01704,T00769,A0069,INITIATED_BY,2024-01-08T22:28:16.917408
R01705,T00769,M0020,PURCHASED_AT,2024-01-08T22:28:16.917408
R01706,T00770,A0084,INITIATED_BY,2024-06-05T06:04:59.871276
R01707,T00770,M0024,PURCHASED_AT,2024-06-05T06:04:59.871276
R01708,T00771,A0015,INITIATED_BY,2024-02-02T05:16:44.106910
R01709,T00771,M0024,PURCHASED_AT,2024-02-02T05:16:44.106910
R01710,T00772,A0054,INITIATED_BY,2024-04-27T03:17:52.069639
R01711,T00772,M0006,PURCHASED_AT,2024-04-27T03:17:52.069639
R01712,T00773,A0126,INITIATED_BY,2024-02-26T03:04:48.282694
R01713,T00773,M0026,PURCHASED_AT,2024-02-26T03:04:48.282694
R01714,T00774,A0025,INITIATED_BY,2024-03-21T15:00:06.661487
R01715,T00774,M0027,PURCHASED_AT,2024-03-21T15:00:06.661487
R01716,T00775,A0145,INITIATED_BY,2024-05-26T18:57:34.193391
R01717,T00775,M0020,PURCHASED_AT,2024-05-26T18:57:34.193391
R01718,T00776,A0110,INITIATED_BY,2024-03-24T21:33:07.414807
R01719,T00776,M0003,PURCHASED_AT,2024-03-24T21:33:07.414807
R01720,T00777,A0040,INITIATED_BY,2024-04-04T23:12:01.055373
R01721,T00777,M0030,PURCHASED_AT,2024-04-04T23:12:01.055373
R01722,T00778,A0021,INITIATED_BY,2024-06-27T03:18:17.986806
R01723,T00778,M0030,PURCHASED_AT,2024-06-27T03:18:17.986806
R01724,T00779,A0134,INITIATED_BY,2024-01-14T20:27:26.156665
R01725,T00779,M0014,PURCHASED_AT,2024-01-14T20:27:26.156665
R01726,T00780,A0131,INITIATED_BY,2024-05-10T09:01:35.893840
R01727,T00780,M0014,PURCHASED_AT,2024-05-10T09:01:35.893840
R01728,T00781,A0150,INITIATED_BY,2024-05-22T07:09:11.845824
R01729,T00781,M0003,PURCHASED_AT,2024-05-22T07:09:11.845824
R01730,T00782,A0107,INITIATED_BY,2024-05-11T01:28:02.319273
R01731,T00782,M0029,PURCHASED_AT,2024-05-11T01:28:02.319273
R01732,T00783,A0068,INITIATED_BY,2024-05-15T05:05:43.306516
R01733,T00783,M0011,PURCHASED_AT,2024-05-15T05:05:43.306516
R01734,T00784,A0028,INITIATED_BY,2024-01-22T02:51:01.306906
R01735,T00784,M0014,PURCHASED_AT,2024-01-22T02:51:01.306906
R01736,T00785,A0118,INITIATED_BY,2024-05-14T17:00:29.627214
R01737,T00785,M0023,PURCHASED_AT,2024-05-14T17:00:29.627214
R01738,T00786,A0093,INITIATED_BY,2024-03-12T11:52:04.801380
R01739,T00786,M0023,PURCHASED_AT,2024-03-12T11:52:04.801380
R01740,T00787,A0035,INITIATED_BY,2024-01-05T20:29:08.337138
R01741,T00787,M0001,PURCHASED_AT,2024-01-05T20:29:08.337138
R01742,T00788,A0062,INITIATED_BY,2024-05-19T07:40:07.175869
R01743,T00788,M0014,PURCHASED_AT,2024-05-19T07:40:07.175869
R01744,T00789,A0006,INITIATED_BY,2024-05-07T04:05:10.216308
R01745,T00789,M0004,PURCHASED_AT,2024-05-07T04:05:10.216308
R01746,T00790,A0116,INITIATED_BY,2024-05-30T03:08:02.804655
R01747,T00790,M0019,PURCHASED_AT,2024-05-30T03:08:02.804655
R01748,T00791,A0003,INITIATED_BY,2024-06-26T06:53:28.530246
R01749,T00791,M0004,PURCHASED_AT,2024-06-26T06:53:28.530246
R01750,T00792,A0142,INITIATED_BY,2024-04-02T22:01:02.114582
R01751,T00792,M0010,PURCHASED_AT,2024-04-02T22:01:02.114582
R01752,T00793,A0125,INITIATED_BY,2024-03-17T09:11:15.916240
R01753,T00793,M0008,PURCHASED_AT,2024-03-17T09:11:15.916240
R01754,T00794,A0069,INITIATED_BY,2024-01-22T03:59:26.075564
R01755,T00794,M0029,PURCHASED_AT,2024-01-22T03:59:26.075564
R01756,T00795,A0089,INITIATED_BY,2024-03-03T05:40:23.020698
R01757,T00795,M0015,PURCHASED_AT,2024-03-03T05:40:23.020698
R01758,T00796,A0087,INITIATED_BY,2024-04-28T21:49:34.121413
R01759,T00796,M0030,PURCHASED_AT,2024-04-28T21:49:34.121413
R01760,T00797,A0100,INITIATED_BY,2024-05-12T23:02:08.312506
R01761,T00797,M0014,PURCHASED_AT,2024-05-12T23:02:08.312506
R01762,T00798,A0042,INITIATED_BY,2024-01-16T14:25:03.371332
R01763,T00798,M0020,PURCHASED_AT,2024-01-16T14:25:03.371332
R01764,T00799,A0052,INITIATED_BY,2024-03-16T07:02:09.845755
R01765,T00799,M0006,PURCHASED_AT,2024-03-16T07:02:09.845755
R01766,T00800,A0054,INITIATED_BY,2024-01-29T16:58:55.705491
R01767,T00800,M0018,PURCHASED_AT,2024-01-29T16:58:55.705491
R01768,T00801,A0017,INITIATED_BY,2024-01-22T20:16:07.732463
R01769,T00801,M0011,PURCHASED_AT,2024-01-22T20:16:07.732463
R01770,T00802,A0088,INITIATED_BY,2024-06-07T20:47:17.099818
R01771,T00802,M0026,PURCHASED_AT,2024-06-07T20:47:17.099818
R01772,T00803,A0132,INITIATED_BY,2024-06-16T17:17:23.408451
R01773,T00803,M0020,PURCHASED_AT,2024-06-16T17:17:23.408451
R01774,T00804,A0029,INITIATED_BY,2024-06-04T08:50:05.676433
R01775,T00804,M0004,PURCHASED_AT,2024-06-04T08:50:05.676433
R01776,T00805,A0011,INITIATED_BY,2024-06-06T15:03:25.184596
R01777,T00805,M0017,PURCHASED_AT,2024-06-06T15:03:25.184596
R01778,T00806,A0075,INITIATED_BY,2024-05-12T14:12:19.540961
R01779,T00806,M0023,PURCHASED_AT,2024-05-12T14:12:19.540961
R01780,T00807,A0094,INITIATED_BY,2024-02-06T13:00:41.741489
R01781,T00807,M0011,PURCHASED_AT,2024-02-06T13:00:41.741489
R01782,T00808,A0002,INITIATED_BY,2024-02-21T21:40:40.998007
R01783,T00808,M0008,PURCHASED_AT,2024-02-21T21:40:40.998007
R01784,T00809,A0096,INITIATED_BY,2024-04-30T08:44:21.794460
R01785,T00809,M0023,PURCHASED_AT,2024-04-30T08:44:21.794460
R01786,T00810,A0136,INITIATED_BY,2024-03-18T14:48:23.230866
R01787,T00810,M0014,PURCHASED_AT,2024-03-18T14:48:23.230866
R01788,T00811,A0133,INITIATED_BY,2024-05-09T21:21:58.305901
R01789,T00811,M0026,PURCHASED_AT,2024-05-09T21:21:58.305901
R01790,T00812,A0022,INITIATED_BY,2024-04-26T02:31:38.054259
R01791,T00812,M0011,PURCHASED_AT,2024-04-26T02:31:38.054259
R01792,T00813,A0134,INITIATED_BY,2024-05-06T20:14:00.505302
R01793,T00813,M0010,PURCHASED_AT,2024-05-06T20:14:00.505302
R01794,T00814,A0081,INITIATED_BY,2024-06-11T22:30:20.947965
R01795,T00814,M0030,PURCHASED_AT,2024-06-11T22:30:20.947965
R01796,T00815,A0104,INITIATED_BY,2024-04-23T00:13:06.429492
R01797,T00815,M0015,PURCHASED_AT,2024-04-23T00:13:06.429492
R01798,T00816,A0089,INITIATED_BY,2024-05-20T08:20:20.592241
R01799,T00816,M0029,PURCHASED_AT,2024-05-20T08:20:20.592241
R01800,T00817,A0138,INITIATED_BY,2024-06-08T06:10:46.836037
R01801,T00817,M0011,PURCHASED_AT,2024-06-08T06:10:46.836037
R01802,T00818,A0073,INITIATED_BY,2024-04-04T08:40:58.793021
R01803,T00818,M0007,PURCHASED_AT,2024-04-04T08:40:58.793021
R01804,T00819,A0139,INITIATED_BY,2024-02-25T00:19:27.975961
R01805,T00819,M0019,PURCHASED_AT,2024-02-25T00:19:27.975961
R01806,T00820,A0029,INITIATED_BY,2024-04-23T11:38:33.102201
R01807,T00820,M0024,PURCHASED_AT,2024-04-23T11:38:33.102201
R01808,T00821,A0032,INITIATED_BY,2024-03-23T00:28:16.555581
R01809,T00821,M0015,PURCHASED_AT,2024-03-23T00:28:16.555581
R01810,T00822,A0149,INITIATED_BY,2024-02-12T07:47:30.579479
R01811,T00822,M0019,PURCHASED_AT,2024-02-12T07:47:30.579479
R01812,T00823,A0147,INITIATED_BY,2024-05-13T11:45:12.698321
R01813,T00823,M0022,PURCHASED_AT,2024-05-13T11:45:12.698321
R01814,T00824,A0150,INITIATED_BY,2024-01-18T17:39:32.907739
R01815,T00824,M0007,PURCHASED_AT,2024-01-18T17:39:32.907739
R01816,T00825,A0021,INITIATED_BY,2024-03-07T20:12:50.672360
R01817,T00825,M0003,PURCHASED_AT,2024-03-07T20:12:50.672360
R01818,T00826,A0144,INITIATED_BY,2024-06-29T08:50:49.750821
R01819,T00826,M0017,PURCHASED_AT,2024-06-29T08:50:49.750821
R01820,T00827,A0107,INITIATED_BY,2024-03-28T17:48:59.631162
R01821,T00827,M0027,PURCHASED_AT,2024-03-28T17:48:59.631162
R01822,T00828,A0132,INITIATED_BY,2024-03-23T10:23:53.634932
R01823,T00828,M0028,PURCHASED_AT,2024-03-23T10:23:53.634932
R01824,T00829,A0144,INITIATED_BY,2024-03-07T21:28:53.160739
R01825,T00829,M0012,PURCHASED_AT,2024-03-07T21:28:53.160739
R01826,T00830,A0040,INITIATED_BY,2024-05-23T04:59:19.958820
R01827,T00830,M0004,PURCHASED_AT,2024-05-23T04:59:19.958820
R01828,T00831,A0108,INITIATED_BY,2024-02-21T07:26:49.598149
R01829,T00831,M0002,PURCHASED_AT,2024-02-21T07:26:49.598149
R01830,T00832,A0126,INITIATED_BY,2024-06-06T13:07:58.339633
R01831,T00832,M0001,PURCHASED_AT,2024-06-06T13:07:58.339633
R01832,T00833,A0080,INITIATED_BY,2024-03-09T07:00:56.370603
R01833,T00833,M0019,PURCHASED_AT,2024-03-09T07:00:56.370603
R01834,T00834,A0036,INITIATED_BY,2024-04-30T18:24:24.896360
R01835,T00834,M0017,PURCHASED_AT,2024-04-30T18:24:24.896360
R01836,T00835,A0084,INITIATED_BY,2024-03-15T03:25:31.630454
R01837,T00835,M0003,PURCHASED_AT,2024-03-15T03:25:31.630454
R01838,T00836,A0087,INITIATED_BY,2024-01-17T00:34:25.851591
R01839,T00836,M0018,PURCHASED_AT,2024-01-17T00:34:25.851591
R01840,T00837,A0147,INITIATED_BY,2024-04-11T13:10:36.042378
R01841,T00837,M0021,PURCHASED_AT,2024-04-11T13:10:36.042378
R01842,T00838,A0022,INITIATED_BY,2024-05-17T03:04:48.985643
R01843,T00838,M0007,PURCHASED_AT,2024-05-17T03:04:48.985643
R01844,T00839,A0122,INITIATED_BY,2024-06-09T15:58:36.912181
R01845,T00839,M0017,PURCHASED_AT,2024-06-09T15:58:36.912181
R01846,T00840,A0137,INITIATED_BY,2024-03-29T22:57:31.995718
R01847,T00840,M0020,PURCHASED_AT,2024-03-29T22:57:31.995718
R01848,T00841,A0047,INITIATED_BY,2024-03-10T03:27:20.562125
R01849,T00841,M0014,PURCHASED_AT,2024-03-10T03:27:20.562125
R01850,T00842,A0026,INITIATED_BY,2024-02-16T06:07:43.888734
R01851,T00842,M0018,PURCHASED_AT,2024-02-16T06:07:43.888734
R01852,T00843,A0105,INITIATED_BY,2024-02-28T21:03:46.023216
R01853,T00843,M0022,PURCHASED_AT,2024-02-28T21:03:46.023216
R01854,T00844,A0077,INITIATED_BY,2024-06-19T10:12:45.813903
R01855,T00844,M0013,PURCHASED_AT,2024-06-19T10:12:45.813903
R01856,T00845,A0062,INITIATED_BY,2024-04-02T01:27:02.924755
R01857,T00845,M0025,PURCHASED_AT,2024-04-02T01:27:02.924755
R01858,T00846,A0030,INITIATED_BY,2024-03-14T16:20:24.568221
R01859,T00846,M0009,PURCHASED_AT,2024-03-14T16:20:24.568221
R01860,T00847,A0060,INITIATED_BY,2024-06-23T09:20:02.558175
R01861,T00847,M0030,PURCHASED_AT,2024-06-23T09:20:02.558175
R01862,T00848,A0143,INITIATED_BY,2024-03-14T14:54:15.417502
R01863,T00848,M0021,PURCHASED_AT,2024-03-14T14:54:15.417502
R01864,T00849,A0129,INITIATED_BY,2024-04-07T19:40:13.058572
R01865,T00849,M0007,PURCHASED_AT,2024-04-07T19:40:13.058572
R01866,T00850,A0138,INITIATED_BY,2024-01-08T13:32:41.260960
R01867,T00850,M0014,PURCHASED_AT,2024-01-08T13:32:41.260960
R01868,T00851,A0075,INITIATED_BY,2024-04-18T05:08:15.045068
R01869,T00851,M0021,PURCHASED_AT,2024-04-18T05:08:15.045068
R01870,T00852,A0055,INITIATED_BY,2024-01-30T05:11:32.746434
R01871,T00852,M0019,PURCHASED_AT,2024-01-30T05:11:32.746434
R01872,T00853,A0077,INITIATED_BY,2024-01-26T06:38:26.755696
R01873,T00853,M0003,PURCHASED_AT,2024-01-26T06:38:26.755696
R01874,T00854,A0111,INITIATED_BY,2024-03-03T00:24:27.192342
R01875,T00854,M0007,PURCHASED_AT,2024-03-03T00:24:27.192342
R01876,T00855,A0116,INITIATED_BY,2024-04-18T12:17:14.534530
R01877,T00855,M0009,PURCHASED_AT,2024-04-18T12:17:14.534530
R01878,T00856,A0035,INITIATED_BY,2024-01-01T18:35:20.586952
R01879,T00856,M0021,PURCHASED_AT,2024-01-01T18:35:20.586952
R01880,T00857,A0106,INITIATED_BY,2024-05-22T12:03:14.186152
R01881,T00857,M0018,PURCHASED_AT,2024-05-22T12:03:14.186152
R01882,T00858,A0114,INITIATED_BY,2024-03-11T00:02:47.380832
R01883,T00858,M0022,PURCHASED_AT,2024-03-11T00:02:47.380832
R01884,T00859,A0095,INITIATED_BY,2024-05-03T04:19:41.180117
R01885,T00859,M0030,PURCHASED_AT,2024-05-03T04:19:41.180117
R01886,T00860,A0078,INITIATED_BY,2024-03-30T09:06:17.529768
R01887,T00860,M0026,PURCHASED_AT,2024-03-30T09:06:17.529768
R01888,T00861,A0127,INITIATED_BY,2024-01-02T06:59:46.241657
R01889,T00861,M0029,PURCHASED_AT,2024-01-02T06:59:46.241657
R01890,T00862,A0072,INITIATED_BY,2024-02-05T01:44:16.788388
R01891,T00862,M0019,PURCHASED_AT,2024-02-05T01:44:16.788388
R01892,T00863,A0145,INITIATED_BY,2024-04-13T03:39:35.621050
R01893,T00863,M0006,PURCHASED_AT,2024-04-13T03:39:35.621050
R01894,T00864,A0071,INITIATED_BY,2024-06-08T20:11:41.317295
R01895,T00864,M0007,PURCHASED_AT,2024-06-08T20:11:41.317295
R01896,T00865,A0014,INITIATED_BY,2024-06-29T02:44:33.123608
R01897,T00865,M0028,PURCHASED_AT,2024-06-29T02:44:33.123608
R01898,T00866,A0133,INITIATED_BY,2024-01-08T20:48:37.968515
R01899,T00866,M0015,PURCHASED_AT,2024-01-08T20:48:37.968515
R01900,T00867,A0108,INITIATED_BY,2024-02-05T05:22:39.928839
R01901,T00867,M0018,PURCHASED_AT,2024-02-05T05:22:39.928839
R01902,T00868,A0007,INITIATED_BY,2024-06-22T08:34:39.237361
R01903,T00868,M0024,PURCHASED_AT,2024-06-22T08:34:39.237361
R01904,T00869,A0085,INITIATED_BY,2024-01-05T08:21:29.568918
R01905,T00869,M0010,PURCHASED_AT,2024-01-05T08:21:29.568918
R01906,T00870,A0064,INITIATED_BY,2024-05-30T16:27:21.868234
R01907,T00870,M0004,PURCHASED_AT,2024-05-30T16:27:21.868234
R01908,T00871,A0061,INITIATED_BY,2024-05-18T07:14:39.084338
R01909,T00871,M0003,PURCHASED_AT,2024-05-18T07:14:39.084338
R01910,T00872,A0022,INITIATED_BY,2024-06-10T02:31:25.505454
R01911,T00872,M0002,PURCHASED_AT,2024-06-10T02:31:25.505454
R01912,T00873,A0016,INITIATED_BY,2024-01-19T10:20:20.455295
R01913,T00873,M0030,PURCHASED_AT,2024-01-19T10:20:20.455295
R01914,T00874,A0076,INITIATED_BY,2024-05-16T02:31:43.773214
R01915,T00874,M0028,PURCHASED_AT,2024-05-16T02:31:43.773214
R01916,T00875,A0003,INITIATED_BY,2024-06-08T06:27:05.038385
R01917,T00875,M0015,PURCHASED_AT,2024-06-08T06:27:05.038385
R01918,T00876,A0007,INITIATED_BY,2024-01-20T13:10:50.255176
R01919,T00876,M0015,PURCHASED_AT,2024-01-20T13:10:50.255176
R01920,T00877,A0018,INITIATED_BY,2024-04-13T18:02:00.617525
R01921,T00877,M0019,PURCHASED_AT,2024-04-13T18:02:00.617525
R01922,T00878,A0108,INITIATED_BY,2024-02-14T00:15:15.709968
R01923,T00878,M0016,PURCHASED_AT,2024-02-14T00:15:15.709968
R01924,T00879,A0080,INITIATED_BY,2024-05-16T12:59:56.654160
R01925,T00879,M0019,PURCHASED_AT,2024-05-16T12:59:56.654160
R01926,T00880,A0139,INITIATED_BY,2024-04-19T04:51:47.891721
R01927,T00880,M0025,PURCHASED_AT,2024-04-19T04:51:47.891721
R01928,T00881,A0003,INITIATED_BY,2024-01-11T08:59:16.277182
R01929,T00881,M0017,PURCHASED_AT,2024-01-11T08:59:16.277182
R01930,T00882,A0144,INITIATED_BY,2024-06-25T17:57:46.058593
R01931,T00882,M0028,PURCHASED_AT,2024-06-25T17:57:46.058593
R01932,T00883,A0088,INITIATED_BY,2024-06-26T17:28:28.643918
R01933,T00883,M0007,PURCHASED_AT,2024-06-26T17:28:28.643918
R01934,T00884,A0149,INITIATED_BY,2024-03-23T05:29:17.866085
R01935,T00884,M0019,PURCHASED_AT,2024-03-23T05:29:17.866085
R01936,T00885,A0001,INITIATED_BY,2024-04-22T22:18:30.802903
R01937,T00885,M0021,PURCHASED_AT,2024-04-22T22:18:30.802903
R01938,T00886,A0085,INITIATED_BY,2024-02-03T08:21:29.379837
R01939,T00886,M0026,PURCHASED_AT,2024-02-03T08:21:29.379837
R01940,T00887,A0019,INITIATED_BY,2024-04-16T00:13:18.079405
R01941,T00887,M0012,PURCHASED_AT,2024-04-16T00:13:18.079405
R01942,T00888,A0008,INITIATED_BY,2024-06-09T06:06:01.458621
R01943,T00888,M0007,PURCHASED_AT,2024-06-09T06:06:01.458621
R01944,T00889,A0142,INITIATED_BY,2024-01-21T02:02:57.758734
R01945,T00889,M0008,PURCHASED_AT,2024-01-21T02:02:57.758734
R01946,T00890,A0062,INITIATED_BY,2024-06-19T08:24:23.999917
R01947,T00890,M0012,PURCHASED_AT,2024-06-19T08:24:23.999917
R01948,T00891,A0017,INITIATED_BY,2024-03-09T10:52:52.966798
R01949,T00891,M0004,PURCHASED_AT,2024-03-09T10:52:52.966798
R01950,T00892,A0110,INITIATED_BY,2024-04-06T22:04:28.121282
R01951,T00892,M0021,PURCHASED_AT,2024-04-06T22:04:28.121282
R01952,T00893,A0014,INITIATED_BY,2024-01-15T17:38:06.204688
R01953,T00893,M0021,PURCHASED_AT,2024-01-15T17:38:06.204688
R01954,T00894,A0017,INITIATED_BY,2024-04-26T18:11:27.150378
R01955,T00894,M0006,PURCHASED_AT,2024-04-26T18:11:27.150378
R01956,T00895,A0133,INITIATED_BY,2024-04-05T02:39:58.734953
R01957,T00895,M0015,PURCHASED_AT,2024-04-05T02:39:58.734953
R01958,T00896,A0127,INITIATED_BY,2024-06-15T17:37:43.002128
R01959,T00896,M0016,PURCHASED_AT,2024-06-15T17:37:43.002128
R01960,T00897,A0054,INITIATED_BY,2024-02-12T10:10:00.001139
R01961,T00897,M0008,PURCHASED_AT,2024-02-12T10:10:00.001139
R01962,T00898,A0097,INITIATED_BY,2024-05-16T01:02:57.244583
R01963,T00898,M0019,PURCHASED_AT,2024-05-16T01:02:57.244583
R01964,T00899,A0091,INITIATED_BY,2024-04-22T10:10:14.020440
R01965,T00899,M0008,PURCHASED_AT,2024-04-22T10:10:14.020440
R01966,T00900,A0111,INITIATED_BY,2024-02-19T09:59:47.611977
R01967,T00900,M0014,PURCHASED_AT,2024-02-19T09:59:47.611977
R01968,T00901,A0060,INITIATED_BY,2024-01-15T22:01:33.642767
R01969,T00901,M0009,PURCHASED_AT,2024-01-15T22:01:33.642767
R01970,T00902,A0021,INITIATED_BY,2024-01-22T11:08:44.731652
R01971,T00902,M0026,PURCHASED_AT,2024-01-22T11:08:44.731652
R01972,T00903,A0052,INITIATED_BY,2024-02-24T18:59:47.369081
R01973,T00903,M0011,PURCHASED_AT,2024-02-24T18:59:47.369081
R01974,T00904,A0036,INITIATED_BY,2024-06-14T03:23:22.959208
R01975,T00904,M0028,PURCHASED_AT,2024-06-14T03:23:22.959208
R01976,T00905,A0073,INITIATED_BY,2024-02-07T23:41:49.527459
R01977,T00905,M0027,PURCHASED_AT,2024-02-07T23:41:49.527459
R01978,T00906,A0142,INITIATED_BY,2024-03-02T15:49:30.652702
R01979,T00906,M0025,PURCHASED_AT,2024-03-02T15:49:30.652702
R01980,T00907,A0049,INITIATED_BY,2024-02-07T22:26:10.209189
R01981,T00907,M0014,PURCHASED_AT,2024-02-07T22:26:10.209189
R01982,T00908,A0008,INITIATED_BY,2024-03-31T11:07:55.623904
R01983,T00908,M0012,PURCHASED_AT,2024-03-31T11:07:55.623904
R01984,T00909,A0108,INITIATED_BY,2024-05-20T22:25:37.018837
R01985,T00909,M0014,PURCHASED_AT,2024-05-20T22:25:37.018837
R01986,T00910,A0006,INITIATED_BY,2024-04-19T03:26:38.768485
R01987,T00910,M0019,PURCHASED_AT,2024-04-19T03:26:38.768485
R01988,T00911,A0101,INITIATED_BY,2024-04-06T17:49:37.498090
R01989,T00911,M0013,PURCHASED_AT,2024-04-06T17:49:37.498090
R01990,T00912,A0085,INITIATED_BY,2024-05-02T03:42:09.995419
R01991,T00912,M0019,PURCHASED_AT,2024-05-02T03:42:09.995419
R01992,T00913,A0126,INITIATED_BY,2024-02-12T04:19:23.759437
R01993,T00913,M0001,PURCHASED_AT,2024-02-12T04:19:23.759437
R01994,T00914,A0015,INITIATED_BY,2024-06-04T14:34:07.381216
R01995,T00914,M0012,PURCHASED_AT,2024-06-04T14:34:07.381216
R01996,T00915,A0029,INITIATED_BY,2024-01-13T10:42:23.154550
R01997,T00915,M0005,PURCHASED_AT,2024-01-13T10:42:23.154550
R01998,T00916,A0053,INITIATED_BY,2024-03-26T22:26:39.931716
R01999,T00916,M0010,PURCHASED_AT,2024-03-26T22:26:39.931716
R02000,T00917,A0080,INITIATED_BY,2024-03-24T01:42:24.350245
R02001,T00917,M0019,PURCHASED_AT,2024-03-24T01:42:24.350245
R02002,T00918,A0037,INITIATED_BY,2024-05-26T04:03:57.514765
R02003,T00918,M0015,PURCHASED_AT,2024-05-26T04:03:57.514765
R02004,T00919,A0146,INITIATED_BY,2024-01-08T01:47:03.582748
R02005,T00919,M0029,PURCHASED_AT,2024-01-08T01:47:03.582748
R02006,T00920,A0117,INITIATED_BY,2024-02-23T20:07:02.178918
R02007,T00920,M0012,PURCHASED_AT,2024-02-23T20:07:02.178918
R02008,T00921,A0045,INITIATED_BY,2024-06-13T20:39:32.279952
R02009,T00921,M0014,PURCHASED_AT,2024-06-13T20:39:32.279952
R02010,T00922,A0025,INITIATED_BY,2024-06-09T06:47:37.167729
R02011,T00922,M0013,PURCHASED_AT,2024-06-09T06:47:37.167729
R02012,T00923,A0138,INITIATED_BY,2024-05-11T12:04:48.020811
R02013,T00923,M0010,PURCHASED_AT,2024-05-11T12:04:48.020811
R02014,T00924,A0106,INITIATED_BY,2024-03-22T14:51:57.282738
R02015,T00924,M0025,PURCHASED_AT,2024-03-22T14:51:57.282738
R02016,T00925,A0012,INITIATED_BY,2024-03-03T04:50:56.813633
R02017,T00925,M0015,PURCHASED_AT,2024-03-03T04:50:56.813633
R02018,T00926,A0102,INITIATED_BY,2024-05-15T12:14:55.193714
R02019,T00926,M0002,PURCHASED_AT,2024-05-15T12:14:55.193714
R02020,T00927,A0022,INITIATED_BY,2024-03-20T05:28:17.568403
R02021,T00927,M0018,PURCHASED_AT,2024-03-20T05:28:17.568403
R02022,T00928,A0042,INITIATED_BY,2024-02-02T01:54:56.906459
R02023,T00928,M0006,PURCHASED_AT,2024-02-02T01:54:56.906459
R02024,T00929,A0101,INITIATED_BY,2024-03-05T19:31:47.579031
R02025,T00929,M0006,PURCHASED_AT,2024-03-05T19:31:47.579031
R02026,T00930,A0137,INITIATED_BY,2024-04-24T21:31:46.373974
R02027,T00930,M0007,PURCHASED_AT,2024-04-24T21:31:46.373974
R02028,T00931,A0027,INITIATED_BY,2024-04-18T06:36:14.551291
R02029,T00931,M0013,PURCHASED_AT,2024-04-18T06:36:14.551291
R02030,T00932,A0052,INITIATED_BY,2024-01-12T10:25:00.954459
R02031,T00932,M0030,PURCHASED_AT,2024-01-12T10:25:00.954459
R02032,T00933,A0043,INITIATED_BY,2024-01-20T11:46:42.785014
R02033,T00933,M0024,PURCHASED_AT,2024-01-20T11:46:42.785014
R02034,T00934,A0049,INITIATED_BY,2024-06-18T22:40:57.008673
R02035,T00934,M0020,PURCHASED_AT,2024-06-18T22:40:57.008673
R02036,T00935,A0028,INITIATED_BY,2024-04-29T02:11:08.287738
R02037,T00935,M0012,PURCHASED_AT,2024-04-29T02:11:08.287738
R02038,T00936,A0095,INITIATED_BY,2024-02-24T13:51:53.194036
R02039,T00936,M0002,PURCHASED_AT,2024-02-24T13:51:53.194036
R02040,T00937,A0027,INITIATED_BY,2024-06-22T14:02:48.320942
R02041,T00937,M0023,PURCHASED_AT,2024-06-22T14:02:48.320942
R02042,T00938,A0100,INITIATED_BY,2024-05-17T20:53:43.919963
R02043,T00938,M0022,PURCHASED_AT,2024-05-17T20:53:43.919963
R02044,T00939,A0124,INITIATED_BY,2024-04-15T21:24:01.282388
R02045,T00939,M0003,PURCHASED_AT,2024-04-15T21:24:01.282388
R02046,T00940,A0060,INITIATED_BY,2024-06-11T07:36:35.381290
R02047,T00940,M0017,PURCHASED_AT,2024-06-11T07:36:35.381290
R02048,T00941,A0110,INITIATED_BY,2024-01-25T21:32:27.662122
R02049,T00941,M0025,PURCHASED_AT,2024-01-25T21:32:27.662122
R02050,T00942,A0039,INITIATED_BY,2024-06-20T04:53:15.016253
R02051,T00942,M0013,PURCHASED_AT,2024-06-20T04:53:15.016253
R02052,T00943,A0082,INITIATED_BY,2024-05-27T02:24:52.518990
R02053,T00943,M0021,PURCHASED_AT,2024-05-27T02:24:52.518990
R02054,T00944,A0085,INITIATED_BY,2024-06-13T02:24:34.771278
R02055,T00944,M0011,PURCHASED_AT,2024-06-13T02:24:34.771278
R02056,T00945,A0057,INITIATED_BY,2024-02-03T05:19:17.533307
R02057,T00945,M0020,PURCHASED_AT,2024-02-03T05:19:17.533307
R02058,T00946,A0126,INITIATED_BY,2024-04-09T08:11:30.494446
R02059,T00946,M0003,PURCHASED_AT,2024-04-09T08:11:30.494446
R02060,T00947,A0021,INITIATED_BY,2024-05-10T14:57:03.018464
R02061,T00947,M0014,PURCHASED_AT,2024-05-10T14:57:03.018464
R02062,T00948,A0064,INITIATED_BY,2024-04-25T01:03:46.029831
R02063,T00948,M0010,PURCHASED_AT,2024-04-25T01:03:46.029831
R02064,T00949,A0124,INITIATED_BY,2024-03-09T08:48:17.176287
R02065,T00949,M0003,PURCHASED_AT,2024-03-09T08:48:17.176287
R02066,T00950,A0130,INITIATED_BY,2024-05-28T08:21:32.189145
R02067,T00950,M0020,PURCHASED_AT,2024-05-28T08:21:32.189145
R02068,T00951,A0098,INITIATED_BY,2024-01-28T15:45:27.329607
R02069,T00951,M0014,PURCHASED_AT,2024-01-28T15:45:27.329607
R02070,T00952,A0119,INITIATED_BY,2024-04-19T16:34:26.937539
R02071,T00952,M0010,PURCHASED_AT,2024-04-19T16:34:26.937539
R02072,T00953,A0121,INITIATED_BY,2024-01-03T07:45:07.483123
R02073,T00953,M0007,PURCHASED_AT,2024-01-03T07:45:07.483123
R02074,T00954,A0096,INITIATED_BY,2024-03-12T10:21:29.854569
R02075,T00954,M0016,PURCHASED_AT,2024-03-12T10:21:29.854569
R02076,T00955,A0079,INITIATED_BY,2024-05-08T08:27:14.593603
R02077,T00955,M0021,PURCHASED_AT,2024-05-08T08:27:14.593603
R02078,T00956,A0099,INITIATED_BY,2024-03-27T11:14:23.369981
R02079,T00956,M0030,PURCHASED_AT,2024-03-27T11:14:23.369981
R02080,T00957,A0008,INITIATED_BY,2024-04-19T14:00:44.643185
R02081,T00957,M0023,PURCHASED_AT,2024-04-19T14:00:44.643185
R02082,T00958,A0149,INITIATED_BY,2024-06-14T22:56:20.809815
R02083,T00958,M0022,PURCHASED_AT,2024-06-14T22:56:20.809815
R02084,T00959,A0021,INITIATED_BY,2024-05-05T05:20:20.596741
R02085,T00959,M0017,PURCHASED_AT,2024-05-05T05:20:20.596741
R02086,T00960,A0098,INITIATED_BY,2024-06-07T15:05:01.112703
R02087,T00960,M0019,PURCHASED_AT,2024-06-07T15:05:01.112703
R02088,T00961,A0009,INITIATED_BY,2024-05-27T09:00:23.494111
R02089,T00961,M0019,PURCHASED_AT,2024-05-27T09:00:23.494111
R02090,T00962,A0009,INITIATED_BY,2024-05-06T12:29:42.284610
R02091,T00962,M0021,PURCHASED_AT,2024-05-06T12:29:42.284610
R02092,T00963,A0009,INITIATED_BY,2024-01-18T12:48:22.149709
R02093,T00963,M0005,PURCHASED_AT,2024-01-18T12:48:22.149709
R02094,T00964,A0009,INITIATED_BY,2024-05-12T16:20:07.701947
R02095,T00964,M0018,PURCHASED_AT,2024-05-12T16:20:07.701947
R02096,T00965,A0009,INITIATED_BY,2024-02-05T20:12:04.239168
R02097,T00965,M0016,PURCHASED_AT,2024-02-05T20:12:04.239168
R02098,T00966,A0009,INITIATED_BY,2024-02-03T14:24:41.952906
R02099,T00966,M0017,PURCHASED_AT,2024-02-03T14:24:41.952906
R02100,T00967,A0009,INITIATED_BY,2024-02-16T22:37:29.010746
R02101,T00967,M0017,PURCHASED_AT,2024-02-16T22:37:29.010746
R02102,T00968,A0009,INITIATED_BY,2024-01-20T18:20:42.085831
R02103,T00968,M0027,PURCHASED_AT,2024-01-20T18:20:42.085831
R02104,T00969,A0009,INITIATED_BY,2024-01-23T13:37:00.407356
R02105,T00969,M0021,PURCHASED_AT,2024-01-23T13:37:00.407356
R02106,T00970,A0009,INITIATED_BY,2024-03-28T19:41:03.367009
R02107,T00970,M0022,PURCHASED_AT,2024-03-28T19:41:03.367009
R02108,T00971,A0009,INITIATED_BY,2024-04-30T10:09:35.917111
R02109,T00971,M0005,PURCHASED_AT,2024-04-30T10:09:35.917111
R02110,T00972,A0009,INITIATED_BY,2024-05-23T07:31:14.574411
R02111,T00972,M0023,PURCHASED_AT,2024-05-23T07:31:14.574411
R02112,T00973,A0009,INITIATED_BY,2024-05-17T00:01:26.958291
R02113,T00973,M0022,PURCHASED_AT,2024-05-17T00:01:26.958291
R02114,T00974,A0009,INITIATED_BY,2024-06-29T21:35:22.803247
R02115,T00974,M0019,PURCHASED_AT,2024-06-29T21:35:22.803247
R02116,T00975,A0027,INITIATED_BY,2024-06-07T00:38:54.117149
R02117,T00975,M0019,PURCHASED_AT,2024-06-07T00:38:54.117149
R02118,T00976,A0027,INITIATED_BY,2024-05-11T06:21:23.376639
R02119,T00976,M0021,PURCHASED_AT,2024-05-11T06:21:23.376639
R02120,T00977,A0027,INITIATED_BY,2024-06-06T06:57:32.197437
R02121,T00977,M0013,PURCHASED_AT,2024-06-06T06:57:32.197437
R02122,T00978,A0027,INITIATED_BY,2024-05-04T04:47:13.869432
R02123,T00978,M0027,PURCHASED_AT,2024-05-04T04:47:13.869432
R02124,T00979,A0027,INITIATED_BY,2024-06-27T11:58:19.291307
R02125,T00979,M0005,PURCHASED_AT,2024-06-27T11:58:19.291307
R02126,T00980,A0027,INITIATED_BY,2024-06-07T02:11:57.956510
R02127,T00980,M0019,PURCHASED_AT,2024-06-07T02:11:57.956510
R02128,T00981,A0027,INITIATED_BY,2024-04-19T19:46:42.754377
R02129,T00981,M0017,PURCHASED_AT,2024-04-19T19:46:42.754377
R02130,T00982,A0027,INITIATED_BY,2024-06-27T14:58:10.694721
R02131,T00982,M0022,PURCHASED_AT,2024-06-27T14:58:10.694721
R02132,T00983,A0027,INITIATED_BY,2024-04-19T21:33:46.900490
R02133,T00983,M0018,PURCHASED_AT,2024-04-19T21:33:46.900490
R02134,T00984,A0027,INITIATED_BY,2024-02-24T13:03:25.332749
R02135,T00984,M0013,PURCHASED_AT,2024-02-24T13:03:25.332749
R02136,T00985,A0027,INITIATED_BY,2024-06-21T20:44:33.027237
R02137,T00985,M0022,PURCHASED_AT,2024-06-21T20:44:33.027237
R02138,T00986,A0071,INITIATED_BY,2024-01-20T02:09:36.998551
R02139,T00986,M0013,PURCHASED_AT,2024-01-20T02:09:36.998551
R02140,T00987,A0071,INITIATED_BY,2024-06-12T09:06:18.597286
R02141,T00987,M0019,PURCHASED_AT,2024-06-12T09:06:18.597286
R02142,T00988,A0071,INITIATED_BY,2024-06-21T05:19:58.270086
R02143,T00988,M0022,PURCHASED_AT,2024-06-21T05:19:58.270086
R02144,T00989,A0071,INITIATED_BY,2024-01-17T08:52:44.332433
R02145,T00989,M0022,PURCHASED_AT,2024-01-17T08:52:44.332433
R02146,T00990,A0071,INITIATED_BY,2024-01-12T16:54:48.858751
R02147,T00990,M0027,PURCHASED_AT,2024-01-12T16:54:48.858751
R02148,T00991,A0071,INITIATED_BY,2024-06-23T21:22:52.677945
R02149,T00991,M0023,PURCHASED_AT,2024-06-23T21:22:52.677945
R02150,T00992,A0071,INITIATED_BY,2024-02-22T16:00:06.939113
R02151,T00992,M0013,PURCHASED_AT,2024-02-22T16:00:06.939113
R02152,T00993,A0073,INITIATED_BY,2024-04-13T16:24:45.566500
R02153,T00993,M0013,PURCHASED_AT,2024-04-13T16:24:45.566500
R02154,T00994,A0073,INITIATED_BY,2024-05-13T09:10:16.740685
R02155,T00994,M0027,PURCHASED_AT,2024-05-13T09:10:16.740685
R02156,T00995,A0073,INITIATED_BY,2024-02-27T20:31:44.921108
R02157,T00995,M0021,PURCHASED_AT,2024-02-27T20:31:44.921108
R02158,T00996,A0073,INITIATED_BY,2024-04-16T22:19:51.135683
R02159,T00996,M0027,PURCHASED_AT,2024-04-16T22:19:51.135683
R02160,T00997,A0073,INITIATED_BY,2024-02-27T04:23:00.678157
R02161,T00997,M0022,PURCHASED_AT,2024-02-27T04:23:00.678157
R02162,T00998,A0073,INITIATED_BY,2024-05-03T01:50:13.653121
R02163,T00998,M0022,PURCHASED_AT,2024-05-03T01:50:13.653121
R02164,T00999,A0073,INITIATED_BY,2024-04-18T09:32:09.812873
R02165,T00999,M0005,PURCHASED_AT,2024-04-18T09:32:09.812873
R02166,T01000,A0073,INITIATED_BY,2024-03-27T13:39:36.909186
R02167,T01000,M0027,PURCHASED_AT,2024-03-27T13:39:36.909186
R02168,T01001,A0099,INITIATED_BY,2024-01-28T15:20:18.606850
R02169,T01001,M0019,PURCHASED_AT,2024-01-28T15:20:18.606850
R02170,T01002,A0099,INITIATED_BY,2024-06-16T02:11:51.797532
R02171,T01002,M0005,PURCHASED_AT,2024-06-16T02:11:51.797532
R02172,T01003,A0099,INITIATED_BY,2024-06-27T04:11:17.416038
R02173,T01003,M0018,PURCHASED_AT,2024-06-27T04:11:17.416038
R02174,T01004,A0099,INITIATED_BY,2024-03-12T00:05:18.705056
R02175,T01004,M0023,PURCHASED_AT,2024-03-12T00:05:18.705056
R02176,T01005,A0099,INITIATED_BY,2024-03-11T18:46:41.099753
R02177,T01005,M0021,PURCHASED_AT,2024-03-11T18:46:41.099753
R02178,T01006,A0099,INITIATED_BY,2024-05-06T21:36:57.835152
R02179,T01006,M0017,PURCHASED_AT,2024-05-06T21:36:57.835152
R02180,T01007,A0099,INITIATED_BY,2024-06-05T17:16:33.581447
R02181,T01007,M0027,PURCHASED_AT,2024-06-05T17:16:33.581447
R02182,T01008,A0099,INITIATED_BY,2024-04-14T11:10:18.425280
R02183,T01008,M0016,PURCHASED_AT,2024-04-14T11:10:18.425280
R02184,T01009,A0099,INITIATED_BY,2024-02-07T23:13:30.007478
R02185,T01009,M0016,PURCHASED_AT,2024-02-07T23:13:30.007478
R02186,T01010,A0099,INITIATED_BY,2024-03-06T13:30:31.581014
R02187,T01010,M0005,PURCHASED_AT,2024-03-06T13:30:31.581014
R02188,T01011,A0099,INITIATED_BY,2024-03-09T03:45:30.107274
R02189,T01011,M0016,PURCHASED_AT,2024-03-09T03:45:30.107274
R02190,T01012,A0110,INITIATED_BY,2024-02-02T12:19:30.820964
R02191,T01012,M0022,PURCHASED_AT,2024-02-02T12:19:30.820964
R02192,T01013,A0110,INITIATED_BY,2024-04-23T11:34:07.472694
R02193,T01013,M0016,PURCHASED_AT,2024-04-23T11:34:07.472694
R02194,T01014,A0110,INITIATED_BY,2024-03-29T10:35:27.177006
R02195,T01014,M0021,PURCHASED_AT,2024-03-29T10:35:27.177006
R02196,T01015,A0110,INITIATED_BY,2024-05-20T10:17:29.659891
R02197,T01015,M0021,PURCHASED_AT,2024-05-20T10:17:29.659891
R02198,T01016,A0110,INITIATED_BY,2024-02-19T19:32:18.523941
R02199,T01016,M0021,PURCHASED_AT,2024-02-19T19:32:18.523941
R02200,T01017,A0110,INITIATED_BY,2024-01-15T22:58:30.313212
R02201,T01017,M0013,PURCHASED_AT,2024-01-15T22:58:30.313212
R02202,T01018,A0120,INITIATED_BY,2024-02-19T13:03:38.021899
R02203,T01018,M0022,PURCHASED_AT,2024-02-19T13:03:38.021899
R02204,T01019,A0120,INITIATED_BY,2024-02-24T00:05:25.367893
R02205,T01019,M0021,PURCHASED_AT,2024-02-24T00:05:25.367893
R02206,T01020,A0120,INITIATED_BY,2024-02-03T11:09:41.407877
R02207,T01020,M0023,PURCHASED_AT,2024-02-03T11:09:41.407877
R02208,T01021,A0120,INITIATED_BY,2024-05-21T19:24:48.491898
R02209,T01021,M0023,PURCHASED_AT,2024-05-21T19:24:48.491898
R02210,T01022,A0120,INITIATED_BY,2024-04-07T13:20:12.757923
R02211,T01022,M0027,PURCHASED_AT,2024-04-07T13:20:12.757923
R02212,T01023,A0120,INITIATED_BY,2024-06-23T18:55:06.433856
R02213,T01023,M0017,PURCHASED_AT,2024-06-23T18:55:06.433856
R02214,T01024,A0120,INITIATED_BY,2024-01-01T23:07:38.884810
R02215,T01024,M0016,PURCHASED_AT,2024-01-01T23:07:38.884810
R02216,T01025,A0120,INITIATED_BY,2024-04-14T02:09:07.172996
R02217,T01025,M0016,PURCHASED_AT,2024-04-14T02:09:07.172996
R02218,T01026,A0120,INITIATED_BY,2024-01-16T07:32:50.152281
R02219,T01026,M0005,PURCHASED_AT,2024-01-16T07:32:50.152281
R02220,T01027,A0120,INITIATED_BY,2024-02-01T01:26:39.459754
R02221,T01027,M0023,PURCHASED_AT,2024-02-01T01:26:39.459754
R02222,T01028,A0120,INITIATED_BY,2024-06-20T06:21:22.649209
R02223,T01028,M0005,PURCHASED_AT,2024-06-20T06:21:22.649209
R02224,T01029,A0120,INITIATED_BY,2024-01-26T07:31:49.157613
R02225,T01029,M0022,PURCHASED_AT,2024-01-26T07:31:49.157613
R02226,T01030,A0120,INITIATED_BY,2024-04-19T17:12:42.292867
R02227,T01030,M0019,PURCHASED_AT,2024-04-19T17:12:42.292867
R02228,T01031,A0120,INITIATED_BY,2024-02-12T21:57:50.201028
R02229,T01031,M0005,PURCHASED_AT,2024-02-12T21:57:50.201028
R02230,T01032,A0140,INITIATED_BY,2024-04-09T22:11:41.289148
R02231,T01032,M0027,PURCHASED_AT,2024-04-09T22:11:41.289148
R02232,T01033,A0140,INITIATED_BY,2024-03-17T09:13:59.561543
R02233,T01033,M0027,PURCHASED_AT,2024-03-17T09:13:59.561543
R02234,T01034,A0140,INITIATED_BY,2024-03-13T09:51:28.539143
R02235,T01034,M0016,PURCHASED_AT,2024-03-13T09:51:28.539143
R02236,T01035,A0140,INITIATED_BY,2024-04-06T23:58:06.111827
R02237,T01035,M0016,PURCHASED_AT,2024-04-06T23:58:06.111827
R02238,T01036,A0140,INITIATED_BY,2024-05-09T07:32:56.185957
R02239,T01036,M0017,PURCHASED_AT,2024-05-09T07:32:56.185957
R02240,T01037,A0140,INITIATED_BY,2024-02-27T06:16:09.532707
R02241,T01037,M0016,PURCHASED_AT,2024-02-27T06:16:09.532707
R02242,T01038,A0140,INITIATED_BY,2024-02-14T19:07:47.810103
R02243,T01038,M0027,PURCHASED_AT,2024-02-14T19:07:47.810103
R02244,T01039,A0140,INITIATED_BY,2024-01-12T22:31:38.842587
R02245,T01039,M0021,PURCHASED_AT,2024-01-12T22:31:38.842587
R02246,T01040,A0143,INITIATED_BY,2024-02-19T12:43:17.911983
R02247,T01040,M0017,PURCHASED_AT,2024-02-19T12:43:17.911983
R02248,T01041,A0143,INITIATED_BY,2024-05-21T16:11:41.422038
R02249,T01041,M0013,PURCHASED_AT,2024-05-21T16:11:41.422038
R02250,T01042,A0143,INITIATED_BY,2024-01-18T07:01:41.450849
R02251,T01042,M0022,PURCHASED_AT,2024-01-18T07:01:41.450849
R02252,T01043,A0143,INITIATED_BY,2024-01-18T22:20:36.117662
R02253,T01043,M0027,PURCHASED_AT,2024-01-18T22:20:36.117662
R02254,T01044,A0143,INITIATED_BY,2024-02-02T16:50:28.577348
R02255,T01044,M0021,PURCHASED_AT,2024-02-02T16:50:28.577348
R02256,T01045,A0143,INITIATED_BY,2024-02-16T21:21:40.028978
R02257,T01045,M0016,PURCHASED_AT,2024-02-16T21:21:40.028978
R02258,T01046,A0143,INITIATED_BY,2024-03-09T13:30:36.313287
R02259,T01046,M0016,PURCHASED_AT,2024-03-09T13:30:36.313287
R02260,T01047,A0143,INITIATED_BY,2024-05-08T01:23:25.776257
R02261,T01047,M0019,PURCHASED_AT,2024-05-08T01:23:25.776257
R02262,T01048,A0143,INITIATED_BY,2024-03-20T10:50:32.192559
R02263,T01048,M0016,PURCHASED_AT,2024-03-20T10:50:32.192559
R02264,T01049,A0028,INITIATED_BY,2024-06-19T10:38:41.744612
R02265,T01049,M0023,PURCHASED_AT,2024-06-19T10:38:41.744612
R02266,T01050,A0028,INITIATED_BY,2024-06-20T11:44:34.775213
R02267,T01050,M0013,PURCHASED_AT,2024-06-20T11:44:34.775213
R02268,T01051,A0028,INITIATED_BY,2024-01-14T21:09:19.133799
R02269,T01051,M0013,PURCHASED_AT,2024-01-14T21:09:19.133799
R02270,T01052,A0028,INITIATED_BY,2024-01-16T07:26:15.953938
R02271,T01052,M0005,PURCHASED_AT,2024-01-16T07:26:15.953938
R02272,T01053,A0028,INITIATED_BY,2024-06-23T03:39:01.955777
R02273,T01053,M0005,PURCHASED_AT,2024-06-23T03:39:01.955777
R02274,T01054,A0028,INITIATED_BY,2024-05-04T00:10:09.758997
R02275,T01054,M0023,PURCHASED_AT,2024-05-04T00:10:09.758997
R02276,T01055,A0028,INITIATED_BY,2024-02-04T10:09:33.527229
R02277,T01055,M0027,PURCHASED_AT,2024-02-04T10:09:33.527229
R02278,T01056,A0028,INITIATED_BY,2024-05-15T16:33:27.309087
R02279,T01056,M0023,PURCHASED_AT,2024-05-15T16:33:27.309087
R02280,T01057,A0028,INITIATED_BY,2024-05-02T02:07:27.478528
R02281,T01057,M0016,PURCHASED_AT,2024-05-02T02:07:27.478528
R02282,T01058,A0030,INITIATED_BY,2024-03-04T22:41:54.318008
R02283,T01058,M0023,PURCHASED_AT,2024-03-04T22:41:54.318008
R02284,T01059,A0030,INITIATED_BY,2024-06-24T12:30:00.667438
R02285,T01059,M0019,PURCHASED_AT,2024-06-24T12:30:00.667438
R02286,T01060,A0030,INITIATED_BY,2024-02-22T12:02:28.421099
R02287,T01060,M0013,PURCHASED_AT,2024-02-22T12:02:28.421099
R02288,T01061,A0030,INITIATED_BY,2024-03-12T05:53:30.092228
R02289,T01061,M0027,PURCHASED_AT,2024-03-12T05:53:30.092228
R02290,T01062,A0030,INITIATED_BY,2024-06-02T13:14:24.480070
R02291,T01062,M0027,PURCHASED_AT,2024-06-02T13:14:24.480070
R02292,T01063,A0030,INITIATED_BY,2024-02-24T00:02:06.800715
R02293,T01063,M0019,PURCHASED_AT,2024-02-24T00:02:06.800715
R02294,T01064,A0030,INITIATED_BY,2024-03-13T18:35:01.596918
R02295,T01064,M0016,PURCHASED_AT,2024-03-13T18:35:01.596918
R02296,T01065,A0030,INITIATED_BY,2024-04-05T18:23:43.683345
R02297,T01065,M0013,PURCHASED_AT,2024-04-05T18:23:43.683345
R02298,T01066,A0030,INITIATED_BY,2024-01-02T06:01:08.411245
R02299,T01066,M0022,PURCHASED_AT,2024-01-02T06:01:08.411245
R02300,T01067,A0030,INITIATED_BY,2024-03-08T18:00:01.176849
R02301,T01067,M0021,PURCHASED_AT,2024-03-08T18:00:01.176849
R02302,T01068,A0076,INITIATED_BY,2024-04-28T18:52:43.595103
R02303,T01068,M0022,PURCHASED_AT,2024-04-28T18:52:43.595103
R02304,T01069,A0076,INITIATED_BY,2024-01-02T01:14:22.524833
R02305,T01069,M0021,PURCHASED_AT,2024-01-02T01:14:22.524833
R02306,T01070,A0076,INITIATED_BY,2024-01-08T06:52:24.239600
R02307,T01070,M0018,PURCHASED_AT,2024-01-08T06:52:24.239600
R02308,T01071,A0076,INITIATED_BY,2024-04-30T13:59:37.442633
R02309,T01071,M0016,PURCHASED_AT,2024-04-30T13:59:37.442633
R02310,T01072,A0076,INITIATED_BY,2024-04-09T13:44:14.046269
R02311,T01072,M0022,PURCHASED_AT,2024-04-09T13:44:14.046269
R02312,T01073,A0076,INITIATED_BY,2024-03-31T20:04:25.257214
R02313,T01073,M0021,PURCHASED_AT,2024-03-31T20:04:25.257214
R02314,T01074,A0076,INITIATED_BY,2024-05-23T11:32:42.304005
R02315,T01074,M0013,PURCHASED_AT,2024-05-23T11:32:42.304005
R02316,T01075,A0076,INITIATED_BY,2024-01-10T10:03:39.785855
R02317,T01075,M0017,PURCHASED_AT,2024-01-10T10:03:39.785855
R02318,T01076,A0076,INITIATED_BY,2024-03-19T14:43:23.047960
R02319,T01076,M0005,PURCHASED_AT,2024-03-19T14:43:23.047960
R02320,T01077,A0001,INITIATED_BY,2024-05-11T23:51:20.871878
R02321,T01077,M0016,PURCHASED_AT,2024-05-11T23:51:20.871878
R02322,T01078,A0001,INITIATED_BY,2024-06-05T09:56:26.173031
R02323,T01078,M0013,PURCHASED_AT,2024-06-05T09:56:26.173031
R02324,T01079,A0001,INITIATED_BY,2024-05-06T21:46:25.249322
R02325,T01079,M0013,PURCHASED_AT,2024-05-06T21:46:25.249322
R02326,T01080,A0001,INITIATED_BY,2024-04-23T19:58:33.440292
R02327,T01080,M0027,PURCHASED_AT,2024-04-23T19:58:33.440292
R02328,T01081,A0001,INITIATED_BY,2024-01-07T22:39:49.603123
R02329,T01081,M0021,PURCHASED_AT,2024-01-07T22:39:49.603123
R02330,T01082,A0001,INITIATED_BY,2024-02-06T03:15:04.806814
R02331,T01082,M0027,PURCHASED_AT,2024-02-06T03:15:04.806814
R02332,T01083,A0001,INITIATED_BY,2024-05-06T17:29:24.340114
R02333,T01083,M0018,PURCHASED_AT,2024-05-06T17:29:24.340114
R02334,T01084,A0001,INITIATED_BY,2024-01-12T02:30:11.516945
R02335,T01084,M0022,PURCHASED_AT,2024-01-12T02:30:11.516945
R02336,T01085,A0001,INITIATED_BY,2024-03-06T19:22:29.202706
R02337,T01085,M0018,PURCHASED_AT,2024-03-06T19:22:29.202706
R02338,T01086,A0001,INITIATED_BY,2024-02-02T21:31:44.597612
R02339,T01086,M0005,PURCHASED_AT,2024-02-02T21:31:44.597612
R02340,T01087,A0001,INITIATED_BY,2024-02-08T08:49:49.733919
R02341,T01087,M0019,PURCHASED_AT,2024-02-08T08:49:49.733919
R02342,T01088,A0019,INITIATED_BY,2024-06-20T15:32:15.500214
R02343,T01088,M0018,PURCHASED_AT,2024-06-20T15:32:15.500214
R02344,T01089,A0019,INITIATED_BY,2024-05-01T01:54:29.214625
R02345,T01089,M0013,PURCHASED_AT,2024-05-01T01:54:29.214625
R02346,T01090,A0019,INITIATED_BY,2024-05-14T11:17:48.101097
R02347,T01090,M0019,PURCHASED_AT,2024-05-14T11:17:48.101097
R02348,T01091,A0019,INITIATED_BY,2024-02-08T00:23:04.788313
R02349,T01091,M0018,PURCHASED_AT,2024-02-08T00:23:04.788313
R02350,T01092,A0019,INITIATED_BY,2024-04-23T22:48:09.653898
R02351,T01092,M0016,PURCHASED_AT,2024-04-23T22:48:09.653898
R02352,T01093,A0019,INITIATED_BY,2024-02-04T22:04:37.530877
R02353,T01093,M0017,PURCHASED_AT,2024-02-04T22:04:37.530877
R02354,T01094,A0043,INITIATED_BY,2024-05-11T06:55:23.748026
R02355,T01094,M0018,PURCHASED_AT,2024-05-11T06:55:23.748026
R02356,T01095,A0043,INITIATED_BY,2024-03-16T16:42:55.289709
R02357,T01095,M0017,PURCHASED_AT,2024-03-16T16:42:55.289709
R02358,T01096,A0043,INITIATED_BY,2024-04-24T00:07:55.161590
R02359,T01096,M0022,PURCHASED_AT,2024-04-24T00:07:55.161590
R02360,T01097,A0043,INITIATED_BY,2024-04-04T19:13:31.577807
R02361,T01097,M0021,PURCHASED_AT,2024-04-04T19:13:31.577807
R02362,T01098,A0043,INITIATED_BY,2024-05-06T02:29:30.671513
R02363,T01098,M0018,PURCHASED_AT,2024-05-06T02:29:30.671513
R02364,T01099,A0043,INITIATED_BY,2024-01-12T00:05:11.363129
R02365,T01099,M0027,PURCHASED_AT,2024-01-12T00:05:11.363129
R02366,T01100,A0043,INITIATED_BY,2024-06-06T12:23:27.051192
R02367,T01100,M0023,PURCHASED_AT,2024-06-06T12:23:27.051192
R02368,T01101,A0043,INITIATED_BY,2024-03-10T12:44:57.925781
R02369,T01101,M0023,PURCHASED_AT,2024-03-10T12:44:57.925781
R02370,T01102,A0043,INITIATED_BY,2024-02-03T07:35:03.056993
R02371,T01102,M0017,PURCHASED_AT,2024-02-03T07:35:03.056993
R02372,T01103,A0043,INITIATED_BY,2024-06-08T03:02:57.816348
R02373,T01103,M0005,PURCHASED_AT,2024-06-08T03:02:57.816348
R02374,T01104,A0043,INITIATED_BY,2024-02-16T20:22:39.284038
R02375,T01104,M0023,PURCHASED_AT,2024-02-16T20:22:39.284038
R02376,T01105,A0043,INITIATED_BY,2024-01-22T13:23:06.543684
R02377,T01105,M0023,PURCHASED_AT,2024-01-22T13:23:06.543684
R02378,T01106,A0043,INITIATED_BY,2024-01-08T01:48:35.618343
R02379,T01106,M0018,PURCHASED_AT,2024-01-08T01:48:35.618343
R02380,T01107,A0077,INITIATED_BY,2024-04-26T06:38:33.402948
R02381,T01107,M0005,PURCHASED_AT,2024-04-26T06:38:33.402948
R02382,T01108,A0077,INITIATED_BY,2024-04-27T09:42:57.794195
R02383,T01108,M0005,PURCHASED_AT,2024-04-27T09:42:57.794195
R02384,T01109,A0077,INITIATED_BY,2024-02-17T18:58:54.685440
R02385,T01109,M0023,PURCHASED_AT,2024-02-17T18:58:54.685440
R02386,T01110,A0077,INITIATED_BY,2024-02-28T18:12:54.181008
R02387,T01110,M0018,PURCHASED_AT,2024-02-28T18:12:54.181008
R02388,T01111,A0077,INITIATED_BY,2024-05-12T05:11:26.468078
R02389,T01111,M0017,PURCHASED_AT,2024-05-12T05:11:26.468078
R02390,T01112,A0077,INITIATED_BY,2024-04-07T06:24:59.363406
R02391,T01112,M0005,PURCHASED_AT,2024-04-07T06:24:59.363406
R02392,T01113,A0077,INITIATED_BY,2024-06-20T03:55:51.551705
R02393,T01113,M0021,PURCHASED_AT,2024-06-20T03:55:51.551705
R02394,T01114,A0077,INITIATED_BY,2024-02-28T16:35:54.980912
R02395,T01114,M0017,PURCHASED_AT,2024-02-28T16:35:54.980912
R02396,T01115,A0077,INITIATED_BY,2024-05-12T02:18:10.491637
R02397,T01115,M0017,PURCHASED_AT,2024-05-12T02:18:10.491637
R02398,T01116,A0121,INITIATED_BY,2024-03-24T03:35:26.337605
R02399,T01116,M0016,PURCHASED_AT,2024-03-24T03:35:26.337605
R02400,T01117,A0121,INITIATED_BY,2024-04-27T05:01:09.106611
R02401,T01117,M0016,PURCHASED_AT,2024-04-27T05:01:09.106611
R02402,T01118,A0121,INITIATED_BY,2024-05-27T23:12:59.504238
R02403,T01118,M0016,PURCHASED_AT,2024-05-27T23:12:59.504238
R02404,T01119,A0121,INITIATED_BY,2024-03-18T04:15:36.047424
R02405,T01119,M0013,PURCHASED_AT,2024-03-18T04:15:36.047424
R02406,T01120,A0121,INITIATED_BY,2024-01-25T20:23:36.192119
R02407,T01120,M0023,PURCHASED_AT,2024-01-25T20:23:36.192119
R02408,T01121,A0121,INITIATED_BY,2024-01-20T21:59:39.398237
R02409,T01121,M0005,PURCHASED_AT,2024-01-20T21:59:39.398237
R02410,T01122,A0121,INITIATED_BY,2024-02-18T10:41:59.040038
R02411,T01122,M0013,PURCHASED_AT,2024-02-18T10:41:59.040038
R02412,T01123,A0121,INITIATED_BY,2024-06-22T07:53:28.500453
R02413,T01123,M0005,PURCHASED_AT,2024-06-22T07:53:28.500453
R02414,T01124,A0121,INITIATED_BY,2024-02-06T14:53:06.769138
R02415,T01124,M0013,PURCHASED_AT,2024-02-06T14:53:06.769138
R02416,T01125,A0121,INITIATED_BY,2024-03-01T01:08:58.029895
R02417,T01125,M0018,PURCHASED_AT,2024-03-01T01:08:58.029895
R02418,T01126,A0121,INITIATED_BY,2024-04-23T13:47:54.763766
R02419,T01126,M0018,PURCHASED_AT,2024-04-23T13:47:54.763766
R02420,T01127,A0121,INITIATED_BY,2024-04-08T13:55:31.023816
R02421,T01127,M0013,PURCHASED_AT,2024-04-08T13:55:31.023816
R02422,T01128,A0126,INITIATED_BY,2024-03-10T18:06:14.378448
R02423,T01128,M0021,PURCHASED_AT,2024-03-10T18:06:14.378448
R02424,T01129,A0126,INITIATED_BY,2024-05-04T07:18:45.923138
R02425,T01129,M0021,PURCHASED_AT,2024-05-04T07:18:45.923138
R02426,T01130,A0126,INITIATED_BY,2024-02-10T15:19:31.996002
R02427,T01130,M0013,PURCHASED_AT,2024-02-10T15:19:31.996002
R02428,T01131,A0126,INITIATED_BY,2024-01-22T10:06:59.816297
R02429,T01131,M0019,PURCHASED_AT,2024-01-22T10:06:59.816297
R02430,T01132,A0126,INITIATED_BY,2024-03-18T13:57:42.431871
R02431,T01132,M0016,PURCHASED_AT,2024-03-18T13:57:42.431871
R02432,T01133,A0126,INITIATED_BY,2024-06-10T15:42:09.525303
R02433,T01133,M0016,PURCHASED_AT,2024-06-10T15:42:09.525303
R02434,T01134,A0126,INITIATED_BY,2024-02-19T01:37:45.126482
R02435,T01134,M0013,PURCHASED_AT,2024-02-19T01:37:45.126482
R02436,T01135,A0126,INITIATED_BY,2024-05-22T18:47:27.646848
R02437,T01135,M0013,PURCHASED_AT,2024-05-22T18:47:27.646848
R02438,T01136,A0017,INITIATED_BY,2024-03-21T20:53:41.229792
R02439,T01136,M0022,PURCHASED_AT,2024-03-21T20:53:41.229792
R02440,T01137,A0017,INITIATED_BY,2024-03-21T20:31:41.229792
R02441,T01137,M0018,PURCHASED_AT,2024-03-21T20:31:41.229792
R02442,T01138,A0017,INITIATED_BY,2024-03-21T20:38:41.229792
R02443,T01138,M0021,PURCHASED_AT,2024-03-21T20:38:41.229792
R02444,T01139,A0017,INITIATED_BY,2024-03-21T20:46:41.229792
R02445,T01139,M0021,PURCHASED_AT,2024-03-21T20:46:41.229792
R02446,T01140,A0017,INITIATED_BY,2024-03-21T20:39:41.229792
R02447,T01140,M0017,PURCHASED_AT,2024-03-21T20:39:41.229792
R02448,T01141,A0017,INITIATED_BY,2024-03-21T20:44:41.229792
R02449,T01141,M0022,PURCHASED_AT,2024-03-21T20:44:41.229792
R02450,T01142,A0017,INITIATED_BY,2024-03-21T20:49:41.229792
R02451,T01142,M0027,PURCHASED_AT,2024-03-21T20:49:41.229792
R02452,T01143,A0017,INITIATED_BY,2024-03-21T20:38:41.229792
R02453,T01143,M0017,PURCHASED_AT,2024-03-21T20:38:41.229792
R02454,T01144,A0017,INITIATED_BY,2024-03-21T20:31:41.229792
R02455,T01144,M0022,PURCHASED_AT,2024-03-21T20:31:41.229792
R02456,T01145,A0017,INITIATED_BY,2024-03-21T20:54:41.229792
R02457,T01145,M0019,PURCHASED_AT,2024-03-21T20:54:41.229792
R02458,T01146,A0017,INITIATED_BY,2024-03-21T20:53:41.229792
R02459,T01146,M0016,PURCHASED_AT,2024-03-21T20:53:41.229792
R02460,T01147,A0033,INITIATED_BY,2024-01-11T02:44:49.629225
R02461,T01147,M0016,PURCHASED_AT,2024-01-11T02:44:49.629225
R02462,T01148,A0033,INITIATED_BY,2024-01-11T03:03:49.629225
R02463,T01148,M0005,PURCHASED_AT,2024-01-11T03:03:49.629225
R02464,T01149,A0033,INITIATED_BY,2024-01-11T03:02:49.629225
R02465,T01149,M0013,PURCHASED_AT,2024-01-11T03:02:49.629225
R02466,T01150,A0033,INITIATED_BY,2024-01-11T02:41:49.629225
R02467,T01150,M0016,PURCHASED_AT,2024-01-11T02:41:49.629225
R02468,T01151,A0033,INITIATED_BY,2024-01-11T02:41:49.629225
R02469,T01151,M0013,PURCHASED_AT,2024-01-11T02:41:49.629225
R02470,T01152,A0033,INITIATED_BY,2024-01-11T02:56:49.629225
R02471,T01152,M0016,PURCHASED_AT,2024-01-11T02:56:49.629225
R02472,T01153,A0033,INITIATED_BY,2024-01-11T02:55:49.629225
R02473,T01153,M0019,PURCHASED_AT,2024-01-11T02:55:49.629225
R02474,T01154,A0033,INITIATED_BY,2024-01-11T02:42:49.629225
R02475,T01154,M0016,PURCHASED_AT,2024-01-11T02:42:49.629225
R02476,T01155,A0036,INITIATED_BY,2024-04-01T02:31:55.139838
R02477,T01155,M0005,PURCHASED_AT,2024-04-01T02:31:55.139838
R02478,T01156,A0036,INITIATED_BY,2024-04-01T02:48:55.139838
R02479,T01156,M0018,PURCHASED_AT,2024-04-01T02:48:55.139838
R02480,T01157,A0036,INITIATED_BY,2024-04-01T02:48:55.139838
R02481,T01157,M0021,PURCHASED_AT,2024-04-01T02:48:55.139838
R02482,T01158,A0036,INITIATED_BY,2024-04-01T02:42:55.139838
R02483,T01158,M0016,PURCHASED_AT,2024-04-01T02:42:55.139838
R02484,T01159,A0036,INITIATED_BY,2024-04-01T02:45:55.139838
R02485,T01159,M0016,PURCHASED_AT,2024-04-01T02:45:55.139838
R02486,T01160,A0036,INITIATED_BY,2024-04-01T02:34:55.139838
R02487,T01160,M0022,PURCHASED_AT,2024-04-01T02:34:55.139838
R02488,T01161,A0036,INITIATED_BY,2024-04-01T02:20:55.139838
R02489,T01161,M0016,PURCHASED_AT,2024-04-01T02:20:55.139838
R02490,T01162,A0070,INITIATED_BY,2024-01-19T21:50:49.924117
R02491,T01162,M0019,PURCHASED_AT,2024-01-19T21:50:49.924117
R02492,T01163,A0070,INITIATED_BY,2024-01-19T21:36:49.924117
R02493,T01163,M0018,PURCHASED_AT,2024-01-19T21:36:49.924117
R02494,T01164,A0070,INITIATED_BY,2024-01-19T21:55:49.924117
R02495,T01164,M0005,PURCHASED_AT,2024-01-19T21:55:49.924117
R02496,T01165,A0070,INITIATED_BY,2024-01-19T21:38:49.924117
R02497,T01165,M0005,PURCHASED_AT,2024-01-19T21:38:49.924117
R02498,T01166,A0070,INITIATED_BY,2024-01-19T21:32:49.924117
R02499,T01166,M0022,PURCHASED_AT,2024-01-19T21:32:49.924117
R02500,T01167,A0070,INITIATED_BY,2024-01-19T21:42:49.924117
R02501,T01167,M0005,PURCHASED_AT,2024-01-19T21:42:49.924117
R02502,T01168,A0091,INITIATED_BY,2024-05-16T02:05:10.166456
R02503,T01168,M0019,PURCHASED_AT,2024-05-16T02:05:10.166456
R02504,T01169,A0091,INITIATED_BY,2024-05-16T02:04:10.166456
R02505,T01169,M0023,PURCHASED_AT,2024-05-16T02:04:10.166456
R02506,T01170,A0091,INITIATED_BY,2024-05-16T02:16:10.166456
R02507,T01170,M0021,PURCHASED_AT,2024-05-16T02:16:10.166456
R02508,T01171,A0091,INITIATED_BY,2024-05-16T02:22:10.166456
R02509,T01171,M0016,PURCHASED_AT,2024-05-16T02:22:10.166456
R02510,T01172,A0091,INITIATED_BY,2024-05-16T02:29:10.166456
R02511,T01172,M0017,PURCHASED_AT,2024-05-16T02:29:10.166456
R02512,T01173,A0091,INITIATED_BY,2024-05-16T02:17:10.166456
R02513,T01173,M0016,PURCHASED_AT,2024-05-16T02:17:10.166456
R02514,T01174,A0091,INITIATED_BY,2024-05-16T02:11:10.166456
R02515,T01174,M0016,PURCHASED_AT,2024-05-16T02:11:10.166456
R02516,T01175,A0091,INITIATED_BY,2024-05-16T02:08:10.166456
R02517,T01175,M0021,PURCHASED_AT,2024-05-16T02:08:10.166456
R02518,T01176,A0091,INITIATED_BY,2024-05-16T02:21:10.166456
R02519,T01176,M0027,PURCHASED_AT,2024-05-16T02:21:10.166456
R02520,T01177,A0091,INITIATED_BY,2024-05-16T02:25:10.166456
R02521,T01177,M0016,PURCHASED_AT,2024-05-16T02:25:10.166456
R02522,T01178,A0109,INITIATED_BY,2024-02-26T18:53:38.520947
R02523,T01178,M0018,PURCHASED_AT,2024-02-26T18:53:38.520947
R02524,T01179,A0109,INITIATED_BY,2024-02-26T18:53:38.520947
R02525,T01179,M0013,PURCHASED_AT,2024-02-26T18:53:38.520947
R02526,T01180,A0109,INITIATED_BY,2024-02-26T18:56:38.520947
R02527,T01180,M0022,PURCHASED_AT,2024-02-26T18:56:38.520947
R02528,T01181,A0109,INITIATED_BY,2024-02-26T18:51:38.520947
R02529,T01181,M0016,PURCHASED_AT,2024-02-26T18:51:38.520947
R02530,T01182,A0109,INITIATED_BY,2024-02-26T19:00:38.520947
R02531,T01182,M0018,PURCHASED_AT,2024-02-26T19:00:38.520947
R02532,T01183,A0109,INITIATED_BY,2024-02-26T19:15:38.520947
R02533,T01183,M0023,PURCHASED_AT,2024-02-26T19:15:38.520947
R02534,T01184,A0109,INITIATED_BY,2024-02-26T19:04:38.520947
R02535,T01184,M0021,PURCHASED_AT,2024-02-26T19:04:38.520947
R02536,T01185,A0109,INITIATED_BY,2024-02-26T19:11:38.520947
R02537,T01185,M0005,PURCHASED_AT,2024-02-26T19:11:38.520947
R02538,T01186,A0109,INITIATED_BY,2024-02-26T18:57:38.520947
R02539,T01186,M0013,PURCHASED_AT,2024-02-26T18:57:38.520947
R02540,T01187,A0109,INITIATED_BY,2024-02-26T19:00:38.520947
R02541,T01187,M0017,PURCHASED_AT,2024-02-26T19:00:38.520947
R02542,T01188,A0109,INITIATED_BY,2024-02-26T19:08:38.520947
R02543,T01188,M0022,PURCHASED_AT,2024-02-26T19:08:38.520947
R02544,T01189,A0109,INITIATED_BY,2024-02-26T19:11:38.520947
R02545,T01189,M0016,PURCHASED_AT,2024-02-26T19:11:38.520947
R02546,T01190,A0004,INITIATED_BY,2024-03-14T13:12:17.729680
R02547,T01190,M0013,PURCHASED_AT,2024-03-14T13:12:17.729680
R02548,T01191,A0004,INITIATED_BY,2024-03-14T00:12:17.729680
R02549,T01191,M0022,PURCHASED_AT,2024-03-14T00:12:17.729680
R02550,T01192,A0004,INITIATED_BY,2024-03-14T02:12:17.729680
R02551,T01192,M0022,PURCHASED_AT,2024-03-14T02:12:17.729680
R02552,T01193,A0004,INITIATED_BY,2024-03-14T17:12:17.729680
R02553,T01193,M0027,PURCHASED_AT,2024-03-14T17:12:17.729680
R02554,T01194,A0004,INITIATED_BY,2024-03-14T06:12:17.729680
R02555,T01194,M0022,PURCHASED_AT,2024-03-14T06:12:17.729680
R02556,T01195,A0004,INITIATED_BY,2024-03-14T10:12:17.729680
R02557,T01195,M0021,PURCHASED_AT,2024-03-14T10:12:17.729680
R02558,T01196,A0004,INITIATED_BY,2024-03-14T10:12:17.729680
R02559,T01196,M0013,PURCHASED_AT,2024-03-14T10:12:17.729680
R02560,T01197,A0004,INITIATED_BY,2024-03-14T19:12:17.729680
R02561,T01197,M0022,PURCHASED_AT,2024-03-14T19:12:17.729680
R02562,T01198,A0015,INITIATED_BY,2024-01-18T15:33:53.400885
R02563,T01198,M0021,PURCHASED_AT,2024-01-18T15:33:53.400885
R02564,T01199,A0015,INITIATED_BY,2024-01-18T20:33:53.400885
R02565,T01199,M0019,PURCHASED_AT,2024-01-18T20:33:53.400885
R02566,T01200,A0015,INITIATED_BY,2024-01-18T16:33:53.400885
R02567,T01200,M0021,PURCHASED_AT,2024-01-18T16:33:53.400885
R02568,T01201,A0015,INITIATED_BY,2024-01-19T08:33:53.400885
R02569,T01201,M0023,PURCHASED_AT,2024-01-19T08:33:53.400885
R02570,T01202,A0015,INITIATED_BY,2024-01-17T18:33:53.400885
R02571,T01202,M0019,PURCHASED_AT,2024-01-17T18:33:53.400885
R02572,T01203,A0023,INITIATED_BY,2024-06-07T06:31:30.209944
R02573,T01203,M0013,PURCHASED_AT,2024-06-07T06:31:30.209944
R02574,T01204,A0023,INITIATED_BY,2024-06-07T03:31:30.209944
R02575,T01204,M0016,PURCHASED_AT,2024-06-07T03:31:30.209944
R02576,T01205,A0023,INITIATED_BY,2024-06-06T13:31:30.209944
R02577,T01205,M0017,PURCHASED_AT,2024-06-06T13:31:30.209944
R02578,T01206,A0023,INITIATED_BY,2024-06-06T09:31:30.209944
R02579,T01206,M0017,PURCHASED_AT,2024-06-06T09:31:30.209944
R02580,T01207,A0023,INITIATED_BY,2024-06-05T11:31:30.209944
R02581,T01207,M0027,PURCHASED_AT,2024-06-05T11:31:30.209944
R02582,T01208,A0023,INITIATED_BY,2024-06-06T19:31:30.209944
R02583,T01208,M0018,PURCHASED_AT,2024-06-06T19:31:30.209944
R02584,T01209,A0023,INITIATED_BY,2024-06-06T13:31:30.209944
R02585,T01209,M0022,PURCHASED_AT,2024-06-06T13:31:30.209944
R02586,T01210,A0023,INITIATED_BY,2024-06-06T20:31:30.209944
R02587,T01210,M0021,PURCHASED_AT,2024-06-06T20:31:30.209944
R02588,T01211,A0023,INITIATED_BY,2024-06-06T16:31:30.209944
R02589,T01211,M0016,PURCHASED_AT,2024-06-06T16:31:30.209944
R02590,T01212,A0023,INITIATED_BY,2024-06-06T21:31:30.209944
R02591,T01212,M0016,PURCHASED_AT,2024-06-06T21:31:30.209944
R02592,T01213,A0023,INITIATED_BY,2024-06-07T03:31:30.209944
R02593,T01213,M0021,PURCHASED_AT,2024-06-07T03:31:30.209944
R02594,T01214,A0023,INITIATED_BY,2024-06-05T16:31:30.209944
R02595,T01214,M0013,PURCHASED_AT,2024-06-05T16:31:30.209944
R02596,T01215,A0086,INITIATED_BY,2024-06-18T12:52:56.575497
R02597,T01215,M0013,PURCHASED_AT,2024-06-18T12:52:56.575497
R02598,T01216,A0086,INITIATED_BY,2024-06-17T09:52:56.575497
R02599,T01216,M0021,PURCHASED_AT,2024-06-17T09:52:56.575497
R02600,T01217,A0086,INITIATED_BY,2024-06-17T08:52:56.575497
R02601,T01217,M0013,PURCHASED_AT,2024-06-17T08:52:56.575497
R02602,T01218,A0086,INITIATED_BY,2024-06-17T22:52:56.575497
R02603,T01218,M0022,PURCHASED_AT,2024-06-17T22:52:56.575497
R02604,T01219,A0086,INITIATED_BY,2024-06-17T10:52:56.575497
R02605,T01219,M0019,PURCHASED_AT,2024-06-17T10:52:56.575497
R02606,T01220,A0086,INITIATED_BY,2024-06-17T15:52:56.575497
R02607,T01220,M0018,PURCHASED_AT,2024-06-17T15:52:56.575497
R02608,T01221,A0086,INITIATED_BY,2024-06-17T22:52:56.575497
R02609,T01221,M0005,PURCHASED_AT,2024-06-17T22:52:56.575497
R02610,T01222,A0086,INITIATED_BY,2024-06-18T05:52:56.575497
R02611,T01222,M0019,PURCHASED_AT,2024-06-18T05:52:56.575497
R02612,T01223,A0086,INITIATED_BY,2024-06-17T23:52:56.575497
R02613,T01223,M0027,PURCHASED_AT,2024-06-17T23:52:56.575497
R02614,T01224,A0086,INITIATED_BY,2024-06-16T23:52:56.575497
R02615,T01224,M0021,PURCHASED_AT,2024-06-16T23:52:56.575497
R02616,T01225,A0086,INITIATED_BY,2024-06-18T18:52:56.575497
R02617,T01225,M0021,PURCHASED_AT,2024-06-18T18:52:56.575497
R02618,T01226,A0086,INITIATED_BY,2024-06-17T10:52:56.575497
R02619,T01226,M0021,PURCHASED_AT,2024-06-17T10:52:56.575497
R02620,T01227,A0086,INITIATED_BY,2024-06-17T21:52:56.575497
R02621,T01227,M0027,PURCHASED_AT,2024-06-17T21:52:56.575497
R02622,T01228,A0086,INITIATED_BY,2024-06-17T16:52:56.575497
R02623,T01228,M0016,PURCHASED_AT,2024-06-17T16:52:56.575497
R02624,T01229,A0105,INITIATED_BY,2024-04-24T05:54:57.903041
R02625,T01229,M0027,PURCHASED_AT,2024-04-24T05:54:57.903041
R02626,T01230,A0105,INITIATED_BY,2024-04-25T19:54:57.903041
R02627,T01230,M0005,PURCHASED_AT,2024-04-25T19:54:57.903041
R02628,T01231,A0105,INITIATED_BY,2024-04-24T07:54:57.903041
R02629,T01231,M0019,PURCHASED_AT,2024-04-24T07:54:57.903041
R02630,T01232,A0105,INITIATED_BY,2024-04-24T11:54:57.903041
R02631,T01232,M0023,PURCHASED_AT,2024-04-24T11:54:57.903041
R02632,T01233,A0105,INITIATED_BY,2024-04-24T13:54:57.903041
R02633,T01233,M0005,PURCHASED_AT,2024-04-24T13:54:57.903041
R02634,T01234,A0111,INITIATED_BY,2024-06-27T13:57:42.535842
R02635,T01234,M0013,PURCHASED_AT,2024-06-27T13:57:42.535842
R02636,T01235,A0111,INITIATED_BY,2024-06-27T22:57:42.535842
R02637,T01235,M0018,PURCHASED_AT,2024-06-27T22:57:42.535842
R02638,T01236,A0111,INITIATED_BY,2024-06-27T19:57:42.535842
R02639,T01236,M0019,PURCHASED_AT,2024-06-27T19:57:42.535842
R02640,T01237,A0111,INITIATED_BY,2024-06-27T10:57:42.535842
R02641,T01237,M0021,PURCHASED_AT,2024-06-27T10:57:42.535842
R02642,T01238,A0111,INITIATED_BY,2024-06-28T06:57:42.535842
R02643,T01238,M0021,PURCHASED_AT,2024-06-28T06:57:42.535842
R02644,T01239,A0111,INITIATED_BY,2024-06-28T01:57:42.535842
R02645,T01239,M0016,PURCHASED_AT,2024-06-28T01:57:42.535842
R02646,T01240,A0111,INITIATED_BY,2024-06-27T08:57:42.535842
R02647,T01240,M0027,PURCHASED_AT,2024-06-27T08:57:42.535842
R02648,T01241,A0111,INITIATED_BY,2024-06-28T21:57:42.535842
R02649,T01241,M0022,PURCHASED_AT,2024-06-28T21:57:42.535842
R02650,T01242,A0111,INITIATED_BY,2024-06-27T13:57:42.535842
R02651,T01242,M0018,PURCHASED_AT,2024-06-27T13:57:42.535842
R02652,T01243,A0111,INITIATED_BY,2024-06-28T14:57:42.535842
R02653,T01243,M0023,PURCHASED_AT,2024-06-28T14:57:42.535842
R02654,T01244,A0111,INITIATED_BY,2024-06-27T19:57:42.535842
R02655,T01244,M0013,PURCHASED_AT,2024-06-27T19:57:42.535842
R02656,T01245,A0111,INITIATED_BY,2024-06-27T23:57:42.535842
R02657,T01245,M0016,PURCHASED_AT,2024-06-27T23:57:42.535842
R02658,T01246,A0111,INITIATED_BY,2024-06-29T03:57:42.535842
R02659,T01246,M0019,PURCHASED_AT,2024-06-29T03:57:42.535842
R02660,T01247,A0111,INITIATED_BY,2024-06-28T09:57:42.535842
R02661,T01247,M0022,PURCHASED_AT,2024-06-28T09:57:42.535842
R02662,T01248,A0111,INITIATED_BY,2024-06-27T17:57:42.535842
R02663,T01248,M0018,PURCHASED_AT,2024-06-27T17:57:42.535842
R02664,T01249,A0020,INITIATED_BY,2024-02-26T09:44:32.889823
R02665,T01249,M0026,PURCHASED_AT,2024-02-26T09:44:32.889823
R02666,T01250,A0020,INITIATED_BY,2024-02-26T10:02:32.889823
R02667,T01250,M0026,PURCHASED_AT,2024-02-26T10:02:32.889823
R02668,T01251,A0020,INITIATED_BY,2024-02-26T09:59:32.889823
R02669,T01251,M0026,PURCHASED_AT,2024-02-26T09:59:32.889823
R02670,T01252,A0020,INITIATED_BY,2024-02-26T10:18:32.889823
R02671,T01252,M0026,PURCHASED_AT,2024-02-26T10:18:32.889823
R02672,T01253,A0020,INITIATED_BY,2024-02-26T09:51:32.889823
R02673,T01253,M0026,PURCHASED_AT,2024-02-26T09:51:32.889823
R02674,T01254,A0020,INITIATED_BY,2024-02-26T10:09:32.889823
R02675,T01254,M0026,PURCHASED_AT,2024-02-26T10:09:32.889823
R02676,T01255,A0020,INITIATED_BY,2024-02-26T09:43:32.889823
R02677,T01255,M0026,PURCHASED_AT,2024-02-26T09:43:32.889823
R02678,T01256,A0020,INITIATED_BY,2024-02-26T09:54:32.889823
R02679,T01256,M0026,PURCHASED_AT,2024-02-26T09:54:32.889823
R02680,T01257,A0020,INITIATED_BY,2024-02-26T10:23:32.889823
R02681,T01257,M0026,PURCHASED_AT,2024-02-26T10:23:32.889823
R02682,T01258,A0020,INITIATED_BY,2024-02-26T09:41:32.889823
R02683,T01258,M0026,PURCHASED_AT,2024-02-26T09:41:32.889823
R02684,T01259,A0020,INITIATED_BY,2024-02-26T10:03:32.889823
R02685,T01259,M0026,PURCHASED_AT,2024-02-26T10:03:32.889823
R02686,T01260,A0020,INITIATED_BY,2024-02-26T09:57:32.889823
R02687,T01260,M0026,PURCHASED_AT,2024-02-26T09:57:32.889823
R02688,T01261,A0020,INITIATED_BY,2024-02-26T10:23:32.889823
R02689,T01261,M0026,PURCHASED_AT,2024-02-26T10:23:32.889823
R02690,T01262,A0020,INITIATED_BY,2024-02-26T10:04:32.889823
R02691,T01262,M0026,PURCHASED_AT,2024-02-26T10:04:32.889823
R02692,T01263,A0020,INITIATED_BY,2024-02-26T09:32:32.889823
R02693,T01263,M0026,PURCHASED_AT,2024-02-26T09:32:32.889823
R02694,T01264,A0095,INITIATED_BY,2024-05-26T11:18:18.437022
R02695,T01264,M0014,PURCHASED_AT,2024-05-26T11:18:18.437022
R02696,T01265,A0095,INITIATED_BY,2024-05-26T10:43:18.437022
R02697,T01265,M0014,PURCHASED_AT,2024-05-26T10:43:18.437022
R02698,T01266,A0095,INITIATED_BY,2024-05-26T11:10:18.437022
R02699,T01266,M0014,PURCHASED_AT,2024-05-26T11:10:18.437022
R02700,T01267,A0095,INITIATED_BY,2024-05-26T10:37:18.437022
R02701,T01267,M0014,PURCHASED_AT,2024-05-26T10:37:18.437022
R02702,T01268,A0095,INITIATED_BY,2024-05-26T10:35:18.437022
R02703,T01268,M0014,PURCHASED_AT,2024-05-26T10:35:18.437022
R02704,T01269,A0095,INITIATED_BY,2024-05-26T11:12:18.437022
R02705,T01269,M0014,PURCHASED_AT,2024-05-26T11:12:18.437022
R02706,T01270,A0095,INITIATED_BY,2024-05-26T10:49:18.437022
R02707,T01270,M0014,PURCHASED_AT,2024-05-26T10:49:18.437022
R02708,T01271,A0095,INITIATED_BY,2024-05-26T11:04:18.437022
R02709,T01271,M0014,PURCHASED_AT,2024-05-26T11:04:18.437022
R02710,T01272,A0095,INITIATED_BY,2024-05-26T11:25:18.437022
R02711,T01272,M0014,PURCHASED_AT,2024-05-26T11:25:18.437022
R02712,T01273,A0095,INITIATED_BY,2024-05-26T10:32:18.437022
R02713,T01273,M0014,PURCHASED_AT,2024-05-26T10:32:18.437022
R02714,T01274,A0095,INITIATED_BY,2024-05-26T11:06:18.437022
R02715,T01274,M0014,PURCHASED_AT,2024-05-26T11:06:18.437022
R02716,T01275,A0095,INITIATED_BY,2024-05-26T10:41:18.437022
R02717,T01275,M0014,PURCHASED_AT,2024-05-26T10:41:18.437022
R02718,T01276,A0095,INITIATED_BY,2024-05-26T10:45:18.437022
R02719,T01276,M0014,PURCHASED_AT,2024-05-26T10:45:18.437022
R02720,T01277,A0095,INITIATED_BY,2024-05-26T11:24:18.437022
R02721,T01277,M0014,PURCHASED_AT,2024-05-26T11:24:18.437022
R02722,T01278,A0095,INITIATED_BY,2024-05-26T11:10:18.437022
R02723,T01278,M0014,PURCHASED_AT,2024-05-26T11:10:18.437022
R02724,T01279,A0130,INITIATED_BY,2024-06-10T14:26:57.012060
R02725,T01279,M0014,PURCHASED_AT,2024-06-10T14:26:57.012060
R02726,T01280,A0130,INITIATED_BY,2024-06-10T14:03:57.012060
R02727,T01280,M0014,PURCHASED_AT,2024-06-10T14:03:57.012060
R02728,T01281,A0130,INITIATED_BY,2024-06-10T13:55:57.012060
R02729,T01281,M0014,PURCHASED_AT,2024-06-10T13:55:57.012060
R02730,T01282,A0130,INITIATED_BY,2024-06-10T14:34:57.012060
R02731,T01282,M0014,PURCHASED_AT,2024-06-10T14:34:57.012060
R02732,T01283,A0130,INITIATED_BY,2024-06-10T13:45:57.012060
R02733,T01283,M0014,PURCHASED_AT,2024-06-10T13:45:57.012060
R02734,T01284,A0130,INITIATED_BY,2024-06-10T14:09:57.012060
R02735,T01284,M0014,PURCHASED_AT,2024-06-10T14:09:57.012060
R02736,T01285,A0130,INITIATED_BY,2024-06-10T14:11:57.012060
R02737,T01285,M0014,PURCHASED_AT,2024-06-10T14:11:57.012060
R02738,T01286,A0130,INITIATED_BY,2024-06-10T14:03:57.012060
R02739,T01286,M0014,PURCHASED_AT,2024-06-10T14:03:57.012060
R02740,T01287,A0130,INITIATED_BY,2024-06-10T13:58:57.012060
R02741,T01287,M0014,PURCHASED_AT,2024-06-10T13:58:57.012060
R02742,T01288,A0130,INITIATED_BY,2024-06-10T14:01:57.012060
R02743,T01288,M0014,PURCHASED_AT,2024-06-10T14:01:57.012060
R02744,T01289,A0130,INITIATED_BY,2024-06-10T14:33:57.012060
R02745,T01289,M0014,PURCHASED_AT,2024-06-10T14:33:57.012060
R02746,T01290,A0130,INITIATED_BY,2024-06-10T13:43:57.012060
R02747,T01290,M0014,PURCHASED_AT,2024-06-10T13:43:57.012060
R02748,T01291,A0130,INITIATED_BY,2024-06-10T14:01:57.012060
R02749,T01291,M0014,PURCHASED_AT,2024-06-10T14:01:57.012060
R02750,T01292,A0130,INITIATED_BY,2024-06-10T14:08:57.012060
R02751,T01292,M0014,PURCHASED_AT,2024-06-10T14:08:57.012060
R02752,T01293,A0130,INITIATED_BY,2024-06-10T14:17:57.012060
R02753,T01293,M0014,PURCHASED_AT,2024-06-10T14:17:57.012060
R02754,T01294,A0127,INITIATED_BY,2024-01-08T01:57:18.031798
R02755,T01294,M0021,PURCHASED_AT,2024-01-08T01:57:18.031798
R02756,T01295,A0127,INITIATED_BY,2024-01-08T02:02:18.031798
R02757,T01295,M0021,PURCHASED_AT,2024-01-08T02:02:18.031798
R02758,T01296,A0127,INITIATED_BY,2024-01-08T02:22:18.031798
R02759,T01296,M0021,PURCHASED_AT,2024-01-08T02:22:18.031798
R02760,T01297,A0127,INITIATED_BY,2024-01-08T02:13:18.031798
R02761,T01297,M0021,PURCHASED_AT,2024-01-08T02:13:18.031798
R02762,T01298,A0127,INITIATED_BY,2024-01-08T02:18:18.031798
R02763,T01298,M0021,PURCHASED_AT,2024-01-08T02:18:18.031798
R02764,T01299,A0127,INITIATED_BY,2024-01-08T02:31:18.031798
R02765,T01299,M0021,PURCHASED_AT,2024-01-08T02:31:18.031798
R02766,T01300,A0127,INITIATED_BY,2024-01-08T02:27:18.031798
R02767,T01300,M0021,PURCHASED_AT,2024-01-08T02:27:18.031798
R02768,T01301,A0127,INITIATED_BY,2024-01-08T02:21:18.031798
R02769,T01301,M0021,PURCHASED_AT,2024-01-08T02:21:18.031798
R02770,T01302,A0127,INITIATED_BY,2024-01-08T02:25:18.031798
R02771,T01302,M0021,PURCHASED_AT,2024-01-08T02:25:18.031798
R02772,T01303,A0127,INITIATED_BY,2024-01-08T02:37:18.031798
R02773,T01303,M0021,PURCHASED_AT,2024-01-08T02:37:18.031798
R02774,T01304,A0127,INITIATED_BY,2024-01-08T02:03:18.031798
R02775,T01304,M0021,PURCHASED_AT,2024-01-08T02:03:18.031798
R02776,T01305,A0127,INITIATED_BY,2024-01-08T02:35:18.031798
R02777,T01305,M0021,PURCHASED_AT,2024-01-08T02:35:18.031798
R02778,T01306,A0127,INITIATED_BY,2024-01-08T02:10:18.031798
R02779,T01306,M0021,PURCHASED_AT,2024-01-08T02:10:18.031798
R02780,T01307,A0127,INITIATED_BY,2024-01-08T01:56:18.031798
R02781,T01307,M0021,PURCHASED_AT,2024-01-08T01:56:18.031798
R02782,T01308,A0127,INITIATED_BY,2024-01-08T02:16:18.031798
R02783,T01308,M0021,PURCHASED_AT,2024-01-08T02:16:18.031798
R02784,T01309,A0096,INITIATED_BY,2024-05-11T02:19:23.740377
R02785,T01309,M0008,PURCHASED_AT,2024-05-11T02:19:23.740377
R02786,T01310,A0096,INITIATED_BY,2024-05-11T02:55:23.740377
R02787,T01310,M0008,PURCHASED_AT,2024-05-11T02:55:23.740377
R02788,T01311,A0096,INITIATED_BY,2024-05-11T02:32:23.740377
R02789,T01311,M0008,PURCHASED_AT,2024-05-11T02:32:23.740377
R02790,T01312,A0096,INITIATED_BY,2024-05-11T02:43:23.740377
R02791,T01312,M0008,PURCHASED_AT,2024-05-11T02:43:23.740377
R02792,T01313,A0096,INITIATED_BY,2024-05-11T03:08:23.740377
R02793,T01313,M0008,PURCHASED_AT,2024-05-11T03:08:23.740377
R02794,T01314,A0096,INITIATED_BY,2024-05-11T02:12:23.740377
R02795,T01314,M0008,PURCHASED_AT,2024-05-11T02:12:23.740377
R02796,T01315,A0096,INITIATED_BY,2024-05-11T02:59:23.740377
R02797,T01315,M0008,PURCHASED_AT,2024-05-11T02:59:23.740377
R02798,T01316,A0096,INITIATED_BY,2024-05-11T02:12:23.740377
R02799,T01316,M0008,PURCHASED_AT,2024-05-11T02:12:23.740377
R02800,T01317,A0096,INITIATED_BY,2024-05-11T02:13:23.740377
R02801,T01317,M0008,PURCHASED_AT,2024-05-11T02:13:23.740377
R02802,T01318,A0096,INITIATED_BY,2024-05-11T02:53:23.740377
R02803,T01318,M0008,PURCHASED_AT,2024-05-11T02:53:23.740377
R02804,T01319,A0096,INITIATED_BY,2024-05-11T03:00:23.740377
R02805,T01319,M0008,PURCHASED_AT,2024-05-11T03:00:23.740377
R02806,T01320,A0096,INITIATED_BY,2024-05-11T02:53:23.740377
R02807,T01320,M0008,PURCHASED_AT,2024-05-11T02:53:23.740377
R02808,T01321,A0096,INITIATED_BY,2024-05-11T02:17:23.740377
R02809,T01321,M0008,PURCHASED_AT,2024-05-11T02:17:23.740377
R02810,T01322,A0096,INITIATED_BY,2024-05-11T02:16:23.740377
R02811,T01322,M0008,PURCHASED_AT,2024-05-11T02:16:23.740377
R02812,T01323,A0096,INITIATED_BY,2024-05-11T03:04:23.740377
R02813,T01323,M0008,PURCHASED_AT,2024-05-11T03:04:23.740377
R02814,T01324,A0098,INITIATED_BY,2024-04-25T04:07:00
R02815,T01324,M0017,PURCHASED_AT,2024-04-25T04:07:00
R02816,T01325,A0098,INITIATED_BY,2024-04-29T03:20:00
R02817,T01325,M0025,PURCHASED_AT,2024-04-29T03:20:00
R02818,T01326,A0098,INITIATED_BY,2024-01-17T03:45:00
R02819,T01326,M0003,PURCHASED_AT,2024-01-17T03:45:00
R02820,T01327,A0098,INITIATED_BY,2024-04-29T04:54:00
R02821,T01327,M0007,PURCHASED_AT,2024-04-29T04:54:00
R02822,T01328,A0098,INITIATED_BY,2024-06-24T02:13:00
R02823,T01328,M0001,PURCHASED_AT,2024-06-24T02:13:00
R02824,T01329,A0098,INITIATED_BY,2024-05-28T02:31:00
R02825,T01329,M0004,PURCHASED_AT,2024-05-28T02:31:00
R02826,T01330,A0149,INITIATED_BY,2024-05-08T04:09:00
R02827,T01330,M0028,PURCHASED_AT,2024-05-08T04:09:00
R02828,T01331,A0149,INITIATED_BY,2024-02-09T03:24:00
R02829,T01331,M0015,PURCHASED_AT,2024-02-09T03:24:00
R02830,T01332,A0149,INITIATED_BY,2024-05-21T02:04:00
R02831,T01332,M0009,PURCHASED_AT,2024-05-21T02:04:00
R02832,T01333,A0149,INITIATED_BY,2024-06-21T04:41:00
R02833,T01333,M0004,PURCHASED_AT,2024-06-21T04:41:00
R02834,T01334,A0149,INITIATED_BY,2024-05-14T02:01:00
R02835,T01334,M0029,PURCHASED_AT,2024-05-14T02:01:00
R02836,T01335,A0144,INITIATED_BY,2024-03-27T04:28:00
R02837,T01335,M0012,PURCHASED_AT,2024-03-27T04:28:00
R02838,T01336,A0144,INITIATED_BY,2024-03-05T02:09:00
R02839,T01336,M0013,PURCHASED_AT,2024-03-05T02:09:00
R02840,T01337,A0144,INITIATED_BY,2024-01-10T03:23:00
R02841,T01337,M0004,PURCHASED_AT,2024-01-10T03:23:00
R02842,T01338,A0150,INITIATED_BY,2024-06-16T02:18:00
R02843,T01338,M0007,PURCHASED_AT,2024-06-16T02:18:00
R02844,T01339,A0150,INITIATED_BY,2024-04-05T03:33:00
R02845,T01339,M0014,PURCHASED_AT,2024-04-05T03:33:00
R02846,T01340,A0150,INITIATED_BY,2024-04-26T02:14:00
R02847,T01340,M0004,PURCHASED_AT,2024-04-26T02:14:00
R02848,T01341,A0150,INITIATED_BY,2024-04-14T02:04:00
R02849,T01341,M0018,PURCHASED_AT,2024-04-14T02:04:00
R02850,T01342,A0150,INITIATED_BY,2024-06-08T04:45:00
R02851,T01342,M0013,PURCHASED_AT,2024-06-08T04:45:00
R02852,T01343,A0150,INITIATED_BY,2024-02-09T04:17:00
R02853,T01343,M0016,PURCHASED_AT,2024-02-09T04:17:00
R02854,T01344,A0150,INITIATED_BY,2024-03-03T03:45:00
R02855,T01344,M0020,PURCHASED_AT,2024-03-03T03:45:00
R02856,T01345,A0150,INITIATED_BY,2024-01-18T04:58:00
R02857,T01345,M0023,PURCHASED_AT,2024-01-18T04:58:00
R02858,T01346,A0147,INITIATED_BY,2024-01-31T19:29:25.085386
R02859,T01346,M0022,PURCHASED_AT,2024-01-31T19:29:25.085386
R02860,T01347,A0147,INITIATED_BY,2024-01-31T19:31:25.085386
R02861,T01347,M0022,PURCHASED_AT,2024-01-31T19:31:25.085386
R02862,T01348,A0147,INITIATED_BY,2024-01-31T19:33:25.085386
R02863,T01348,M0022,PURCHASED_AT,2024-01-31T19:33:25.085386
R02864,T01349,A0147,INITIATED_BY,2024-01-31T19:43:25.085386
R02865,T01349,M0022,PURCHASED_AT,2024-01-31T19:43:25.085386
R02866,T01350,A0118,INITIATED_BY,2024-01-04T18:28:18.574818
R02867,T01350,M0009,PURCHASED_AT,2024-01-04T18:28:18.574818
R02868,T01351,A0118,INITIATED_BY,2024-01-04T18:30:18.574818
R02869,T01351,M0009,PURCHASED_AT,2024-01-04T18:30:18.574818
R02870,T01352,A0118,INITIATED_BY,2024-01-04T18:32:18.574818
R02871,T01352,M0009,PURCHASED_AT,2024-01-04T18:32:18.574818
R02872,T01353,A0118,INITIATED_BY,2024-01-04T18:42:18.574818
R02873,T01353,M0009,PURCHASED_AT,2024-01-04T18:42:18.574818
R02874,T01354,A0118,INITIATED_BY,2024-01-04T18:47:18.574818
R02875,T01354,M0009,PURCHASED_AT,2024-01-04T18:47:18.574818
R02876,T01355,A0045,INITIATED_BY,2024-03-26T12:50:11.235680
R02877,T01355,M0002,PURCHASED_AT,2024-03-26T12:50:11.235680
R02878,T01356,A0045,INITIATED_BY,2024-03-26T12:52:11.235680
R02879,T01356,M0002,PURCHASED_AT,2024-03-26T12:52:11.235680
R02880,T01357,A0045,INITIATED_BY,2024-03-26T12:54:11.235680
R02881,T01357,M0002,PURCHASED_AT,2024-03-26T12:54:11.235680
R02882,T01358,A0045,INITIATED_BY,2024-03-26T12:59:11.235680
R02883,T01358,M0002,PURCHASED_AT,2024-03-26T12:59:11.235680
R02884,T01359,A0018,INITIATED_BY,2024-05-13T09:28:00
R02885,T01359,M0020,PURCHASED_AT,2024-05-13T09:28:00
R02886,T01360,A0018,INITIATED_BY,2024-05-13T14:31:00
R02887,T01360,M0022,PURCHASED_AT,2024-05-13T14:31:00
R02888,T01361,A0052,INITIATED_BY,2024-02-15T09:29:00
R02889,T01361,M0008,PURCHASED_AT,2024-02-15T09:29:00
R02890,T01362,A0052,INITIATED_BY,2024-02-15T14:00:00
R02891,T01362,M0016,PURCHASED_AT,2024-02-15T14:00:00
R02892,T01363,A0131,INITIATED_BY,2024-05-20T09:54:00
R02893,T01363,M0028,PURCHASED_AT,2024-05-20T09:54:00
R02894,T01364,A0131,INITIATED_BY,2024-05-20T14:55:00
R02895,T01364,M0015,PURCHASED_AT,2024-05-20T14:55:00
R02896,C0001,A0001,OWNS,2020-07-09
R02897,C0002,A0002,OWNS,2022-11-18
R02898,C0003,A0003,OWNS,2021-08-13
R02899,C0004,A0004,OWNS,2023-06-26
R02900,C0005,A0005,OWNS,2023-04-16
R02901,C0006,A0006,OWNS,2021-03-28
R02902,C0007,A0007,OWNS,2021-03-23
R02903,C0008,A0008,OWNS,2020-05-03
R02904,C0009,A0009,OWNS,2023-12-07
R02905,C0010,A0010,OWNS,2022-10-17
R02906,C0011,A0011,OWNS,2023-03-07
R02907,C0012,A0012,OWNS,2020-11-29
R02908,C0013,A0013,OWNS,2023-07-11
R02909,C0014,A0014,OWNS,2021-02-26
R02910,C0015,A0015,OWNS,2022-12-18
R02911,C0016,A0016,OWNS,2020-08-02
R02912,C0017,A0017,OWNS,2022-08-15
R02913,C0018,A0018,OWNS,2022-07-01
R02914,C0019,A0019,OWNS,2021-01-12
R02915,C0020,A0020,OWNS,2022-11-07
R02916,C0021,A0021,OWNS,2020-12-17
R02917,C0022,A0022,OWNS,2020-12-28
R02918,C0023,A0023,OWNS,2020-06-05
R02919,C0024,A0024,OWNS,2021-05-29
R02920,C0025,A0025,OWNS,2022-01-04
R02921,C0026,A0026,OWNS,2022-11-25
R02922,C0027,A0027,OWNS,2020-01-10
R02923,C0028,A0028,OWNS,2023-12-15
R02924,C0029,A0029,OWNS,2021-09-25
R02925,C0030,A0030,OWNS,2023-12-24
R02926,C0031,A0031,OWNS,2022-01-12
R02927,C0032,A0032,OWNS,2020-11-06
R02928,C0033,A0033,OWNS,2021-05-14
R02929,C0034,A0034,OWNS,2022-10-01
R02930,C0035,A0035,OWNS,2023-11-12
R02931,C0036,A0036,OWNS,2022-10-11
R02932,C0037,A0037,OWNS,2020-12-27
R02933,C0038,A0038,OWNS,2023-02-22
R02934,C0039,A0039,OWNS,2023-08-14
R02935,C0040,A0040,OWNS,2023-11-20
R02936,C0041,A0041,OWNS,2021-10-12
R02937,C0042,A0042,OWNS,2023-12-22
R02938,C0043,A0043,OWNS,2023-07-23
R02939,C0044,A0044,OWNS,2023-05-10
R02940,C0045,A0045,OWNS,2020-10-17
R02941,C0046,A0046,OWNS,2023-09-18
R02942,C0047,A0047,OWNS,2023-09-24
R02943,C0048,A0048,OWNS,2020-01-16
R02944,C0049,A0049,OWNS,2022-06-02
R02945,C0050,A0050,OWNS,2020-06-16
R02946,C0051,A0051,OWNS,2021-03-19
R02947,C0052,A0052,OWNS,2022-09-24
R02948,C0053,A0053,OWNS,2022-03-26
R02949,C0054,A0054,OWNS,2023-10-14
R02950,C0055,A0055,OWNS,2023-08-16
R02951,C0056,A0056,OWNS,2021-12-29
R02952,C0057,A0057,OWNS,2020-10-27
R02953,C0058,A0058,OWNS,2021-05-29
R02954,C0059,A0059,OWNS,2023-02-10
R02955,C0060,A0060,OWNS,2022-10-05
R02956,C0061,A0061,OWNS,2023-01-22
R02957,C0062,A0062,OWNS,2020-01-23
R02958,C0063,A0063,OWNS,2021-06-08
R02959,C0064,A0064,OWNS,2022-06-02
R02960,C0065,A0065,OWNS,2023-03-23
R02961,C0066,A0066,OWNS,2020-09-30
R02962,C0067,A0067,OWNS,2023-08-23
R02963,C0068,A0068,OWNS,2023-10-26
R02964,C0069,A0069,OWNS,2023-07-09
R02965,C0070,A0070,OWNS,2022-03-12
R02966,C0071,A0071,OWNS,2020-05-15
R02967,C0072,A0072,OWNS,2022-11-06
R02968,C0073,A0073,OWNS,2020-10-15
R02969,C0074,A0074,OWNS,2022-01-12
R02970,C0075,A0075,OWNS,2023-12-25
R02971,C0076,A0076,OWNS,2020-01-12
R02972,C0077,A0077,OWNS,2021-08-19
R02973,C0078,A0078,OWNS,2021-11-25
R02974,C0079,A0079,OWNS,2021-05-28
R02975,C0080,A0080,OWNS,2022-06-24
R02976,C0081,A0081,OWNS,2022-06-09
R02977,C0082,A0082,OWNS,2021-02-11
R02978,C0083,A0083,OWNS,2021-07-13
R02979,C0084,A0084,OWNS,2021-01-03
R02980,C0085,A0085,OWNS,2022-11-04
R02981,C0086,A0086,OWNS,2021-12-24
R02982,C0087,A0087,OWNS,2020-09-06
R02983,C0088,A0088,OWNS,2022-12-02
R02984,C0089,A0089,OWNS,2023-12-05
R02985,C0090,A0090,OWNS,2023-04-11
R02986,C0091,A0091,OWNS,2022-12-09
R02987,C0092,A0092,OWNS,2022-09-20
R02988,C0093,A0093,OWNS,2021-07-25
R02989,C0094,A0094,OWNS,2020-12-10
R02990,C0095,A0095,OWNS,2020-07-27
R02991,C0096,A0096,OWNS,2020-08-26
R02992,C0097,A0097,OWNS,2023-03-08
R02993,C0098,A0098,OWNS,2021-08-04
R02994,C0099,A0099,OWNS,2022-12-27
R02995,C0100,A0100,OWNS,2023-11-19
R02996,C0069,A0101,OWNS,2023-03-23
R02997,C0065,A0102,OWNS,2023-05-31
R02998,C0063,A0103,OWNS,2023-07-07
R02999,C0082,A0104,OWNS,2023-03-30
R03000,C0023,A0105,OWNS,2022-11-23
R03001,C0035,A0106,OWNS,2023-09-19
R03002,C0100,A0107,OWNS,2022-03-28
R03003,C0035,A0108,OWNS,2022-04-01
R03004,C0036,A0109,OWNS,2021-07-17
R03005,C0073,A0110,OWNS,2023-11-26
R03006,C0004,A0111,OWNS,2020-06-24
R03007,C0063,A0112,OWNS,2023-07-12
R03008,C0044,A0113,OWNS,2023-11-04
R03009,C0072,A0114,OWNS,2020-11-11
R03010,C0011,A0115,OWNS,2022-04-14
R03011,C0072,A0116,OWNS,2020-09-13
R03012,C0092,A0117,OWNS,2023-08-21
R03013,C0012,A0118,OWNS,2021-11-18
R03014,C0040,A0119,OWNS,2022-11-23
R03015,C0071,A0120,OWNS,2023-01-19
R03016,C0043,A0121,OWNS,2022-01-30
R03017,C0040,A0122,OWNS,2023-10-29
R03018,C0041,A0123,OWNS,2021-11-24
R03019,C0025,A0124,OWNS,2021-12-06
R03020,C0093,A0125,OWNS,2022-03-09
R03021,C0077,A0126,OWNS,2021-12-11
R03022,C0038,A0127,OWNS,2020-03-31
R03023,C0002,A0128,OWNS,2021-12-20
R03024,C0006,A0129,OWNS,2023-06-08
R03025,C0082,A0130,OWNS,2023-01-29
R03026,C0074,A0131,OWNS,2021-09-08
R03027,C0044,A0132,OWNS,2023-06-23
R03028,C0062,A0133,OWNS,2023-03-05
R03029,C0063,A0134,OWNS,2022-06-18
R03030,C0007,A0135,OWNS,2020-03-12
R03031,C0039,A0136,OWNS,2021-06-20
R03032,C0072,A0137,OWNS,2020-04-10
R03033,C0029,A0138,OWNS,2020-04-04
R03034,C0039,A0139,OWNS,2023-12-22
R03035,C0073,A0140,OWNS,2020-02-20
R03036,C0098,A0141,OWNS,2021-09-28
R03037,C0085,A0142,OWNS,2023-04-10
R03038,C0071,A0143,OWNS,2023-04-05
R03039,C0058,A0144,OWNS,2023-02-07
R03040,C0005,A0145,OWNS,2021-10-16
R03041,C0090,A0146,OWNS,2023-10-17
R03042,C0034,A0147,OWNS,2021-11-28
R03043,C0055,A0148,OWNS,2021-08-07
R03044,C0020,A0149,OWNS,2022-11-27
R03045,C0008,A0150,OWNS,2023-09-21
R03046,A0002,D0041,LOGGED_IN_FROM,2024-01-04T18:02:21.462774
R03047,A0002,D0027,LOGGED_IN_FROM,2024-06-03T23:37:02.773347
R03048,A0002,D0043,LOGGED_IN_FROM,2024-06-28T22:18:51.139020
R03049,A0003,D0032,LOGGED_IN_FROM,2024-01-06T14:14:59.667340
R03050,A0003,D0037,LOGGED_IN_FROM,2024-05-14T02:57:28.776159
R03051,A0005,D0024,LOGGED_IN_FROM,2024-02-07T08:11:59.537156
R03052,A0005,D0006,LOGGED_IN_FROM,2024-02-05T02:03:00.490975
R03053,A0006,D0041,LOGGED_IN_FROM,2024-01-20T12:51:18.446225
R03054,A0006,D0018,LOGGED_IN_FROM,2024-06-07T18:18:49.290977
R03055,A0007,D0035,LOGGED_IN_FROM,2024-06-11T18:13:03.666250
R03056,A0007,D0029,LOGGED_IN_FROM,2024-06-27T16:58:07.521535
R03057,A0007,D0034,LOGGED_IN_FROM,2024-02-01T15:59:33.238649
R03058,A0008,D0023,LOGGED_IN_FROM,2024-06-09T17:26:59.488157
R03059,A0008,D0026,LOGGED_IN_FROM,2024-04-16T15:15:29.566653
R03060,A0008,D0018,LOGGED_IN_FROM,2024-02-25T23:42:01.453603
R03061,A0010,D0038,LOGGED_IN_FROM,2024-04-04T03:13:03.619186
R03062,A0011,D0040,LOGGED_IN_FROM,2024-01-23T06:08:37.424806
R03063,A0011,D0030,LOGGED_IN_FROM,2024-04-12T13:34:53.753537
R03064,A0012,D0019,LOGGED_IN_FROM,2024-01-20T22:40:04.328389
R03065,A0012,D0001,LOGGED_IN_FROM,2024-03-31T07:20:20.293841
R03066,A0013,D0010,LOGGED_IN_FROM,2024-03-25T09:40:59.161393
R03067,A0013,D0010,LOGGED_IN_FROM,2024-04-04T16:43:14.590238
R03068,A0013,D0019,LOGGED_IN_FROM,2024-04-22T21:45:57.815996
R03069,A0014,D0011,LOGGED_IN_FROM,2024-02-24T23:02:11.343773
R03070,A0014,D0019,LOGGED_IN_FROM,2024-01-12T16:41:38.554577
R03071,A0014,D0019,LOGGED_IN_FROM,2024-01-03T19:44:00.182543
R03072,A0016,D0014,LOGGED_IN_FROM,2024-02-21T05:25:37.725069
R03073,A0018,D0008,LOGGED_IN_FROM,2024-01-10T15:04:17.825128
R03074,A0018,D0020,LOGGED_IN_FROM,2024-01-01T22:06:43.323698
R03075,A0018,D0023,LOGGED_IN_FROM,2024-04-29T12:08:25.440171
R03076,A0020,D0004,LOGGED_IN_FROM,2024-02-15T12:13:37.066694
R03077,A0021,D0019,LOGGED_IN_FROM,2024-05-22T03:11:01.573386
R03078,A0021,D0033,LOGGED_IN_FROM,2024-04-30T10:10:34.101994
R03079,A0022,D0010,LOGGED_IN_FROM,2024-06-21T14:48:31.483963
R03080,A0022,D0046,LOGGED_IN_FROM,2024-02-18T23:47:08.449371
R03081,A0022,D0047,LOGGED_IN_FROM,2024-02-05T14:35:01.978241
R03082,A0024,D0006,LOGGED_IN_FROM,2024-02-22T15:14:38.402389
R03083,A0024,D0003,LOGGED_IN_FROM,2024-03-26T15:29:03.203813
R03084,A0024,D0023,LOGGED_IN_FROM,2024-02-15T00:28:35.850468
R03085,A0025,D0041,LOGGED_IN_FROM,2024-03-10T21:49:48.684322
R03086,A0025,D0026,LOGGED_IN_FROM,2024-06-24T00:14:35.536529
R03087,A0025,D0007,LOGGED_IN_FROM,2024-06-10T15:20:17.284269
R03088,A0026,D0039,LOGGED_IN_FROM,2024-02-26T05:50:10.745094
R03089,A0026,D0037,LOGGED_IN_FROM,2024-03-19T21:11:09.167731
R03090,A0029,D0038,LOGGED_IN_FROM,2024-01-26T04:34:55.571074
R03091,A0029,D0050,LOGGED_IN_FROM,2024-02-06T02:39:25.024444
R03092,A0031,D0027,LOGGED_IN_FROM,2024-04-10T07:48:31.299779
R03093,A0032,D0020,LOGGED_IN_FROM,2024-01-16T11:50:14.623215
R03094,A0032,D0037,LOGGED_IN_FROM,2024-06-16T19:24:12.277388
R03095,A0034,D0035,LOGGED_IN_FROM,2024-02-03T04:34:07.382959
R03096,A0034,D0028,LOGGED_IN_FROM,2024-01-18T09:12:27.885761
R03097,A0035,D0029,LOGGED_IN_FROM,2024-05-05T15:18:55.580371
R03098,A0035,D0033,LOGGED_IN_FROM,2024-06-18T05:07:04.494562
R03099,A0035,D0046,LOGGED_IN_FROM,2024-03-05T17:14:10.533055
R03100,A0037,D0028,LOGGED_IN_FROM,2024-03-25T10:42:15.533881
R03101,A0037,D0027,LOGGED_IN_FROM,2024-03-24T11:49:03.424207
R03102,A0038,D0002,LOGGED_IN_FROM,2024-06-22T07:20:39.041810
R03103,A0038,D0027,LOGGED_IN_FROM,2024-01-17T00:08:07.873956
R03104,A0038,D0009,LOGGED_IN_FROM,2024-04-21T08:27:57.397603
R03105,A0039,D0016,LOGGED_IN_FROM,2024-04-15T00:55:14.108733
R03106,A0039,D0024,LOGGED_IN_FROM,2024-01-24T00:52:55.179965
R03107,A0040,D0037,LOGGED_IN_FROM,2024-06-07T21:11:09.389953
R03108,A0040,D0004,LOGGED_IN_FROM,2024-05-16T17:10:33.574868
R03109,A0040,D0026,LOGGED_IN_FROM,2024-01-23T19:03:55.050086
R03110,A0041,D0001,LOGGED_IN_FROM,2024-03-24T18:26:13.778085
R03111,A0041,D0049,LOGGED_IN_FROM,2024-06-07T08:36:46.189501
R03112,A0041,D0030,LOGGED_IN_FROM,2024-05-31T21:28:34.603510
R03113,A0042,D0004,LOGGED_IN_FROM,2024-02-18T21:38:22.292697
R03114,A0044,D0007,LOGGED_IN_FROM,2024-03-01T08:39:07.655524
R03115,A0044,D0007,LOGGED_IN_FROM,2024-05-28T18:30:28.586079
R03116,A0044,D0037,LOGGED_IN_FROM,2024-03-28T03:29:47.612913
R03117,A0045,D0004,LOGGED_IN_FROM,2024-01-22T23:32:49.224231
R03118,A0045,D0038,LOGGED_IN_FROM,2024-05-02T01:39:00.249548
R03119,A0046,D0046,LOGGED_IN_FROM,2024-01-10T14:19:12.134933
R03120,A0046,D0014,LOGGED_IN_FROM,2024-04-03T10:39:03.405520
R03121,A0046,D0036,LOGGED_IN_FROM,2024-05-14T00:24:08.537757
R03122,A0047,D0009,LOGGED_IN_FROM,2024-02-10T11:04:23.977221
R03123,A0047,D0044,LOGGED_IN_FROM,2024-04-25T18:43:06.057352
R03124,A0048,D0020,LOGGED_IN_FROM,2024-04-23T17:04:20.012014
R03125,A0049,D0001,LOGGED_IN_FROM,2024-05-25T19:35:58.458423
R03126,A0049,D0040,LOGGED_IN_FROM,2024-05-04T11:41:35.820804
R03127,A0049,D0008,LOGGED_IN_FROM,2024-01-13T03:39:54.420652
R03128,A0050,D0039,LOGGED_IN_FROM,2024-06-08T06:16:53.508665
R03129,A0051,D0007,LOGGED_IN_FROM,2024-02-14T17:51:47.654557
R03130,A0051,D0007,LOGGED_IN_FROM,2024-03-26T17:56:13.199355
R03131,A0051,D0033,LOGGED_IN_FROM,2024-03-21T07:56:10.179353
R03132,A0052,D0008,LOGGED_IN_FROM,2024-02-24T06:52:07.700903
R03133,A0053,D0012,LOGGED_IN_FROM,2024-05-28T11:15:25.338843
R03134,A0053,D0035,LOGGED_IN_FROM,2024-02-17T02:37:10.225076
R03135,A0054,D0044,LOGGED_IN_FROM,2024-03-20T11:34:48.257348
R03136,A0054,D0043,LOGGED_IN_FROM,2024-04-21T16:56:11.770383
R03137,A0054,D0028,LOGGED_IN_FROM,2024-01-27T11:17:39.247353
R03138,A0055,D0012,LOGGED_IN_FROM,2024-01-26T15:29:05.233041
R03139,A0056,D0043,LOGGED_IN_FROM,2024-02-13T13:31:19.752960
R03140,A0056,D0033,LOGGED_IN_FROM,2024-05-14T05:47:29.562313
R03141,A0056,D0035,LOGGED_IN_FROM,2024-02-06T06:19:29.713831
R03142,A0057,D0019,LOGGED_IN_FROM,2024-02-22T09:21:59.767743
R03143,A0057,D0007,LOGGED_IN_FROM,2024-06-22T14:17:35.175383
R03144,A0058,D0024,LOGGED_IN_FROM,2024-04-30T20:29:14.354043
R03145,A0058,D0026,LOGGED_IN_FROM,2024-03-10T20:00:19.824706
R03146,A0059,D0030,LOGGED_IN_FROM,2024-03-16T10:59:53.733014
R03147,A0060,D0010,LOGGED_IN_FROM,2024-01-06T01:30:16.351583
R03148,A0060,D0030,LOGGED_IN_FROM,2024-01-22T17:49:46.218173
R03149,A0061,D0001,LOGGED_IN_FROM,2024-04-15T01:51:26.615624
R03150,A0061,D0003,LOGGED_IN_FROM,2024-04-26T18:21:12.394290
R03151,A0062,D0040,LOGGED_IN_FROM,2024-03-21T10:49:06.396335
R03152,A0062,D0023,LOGGED_IN_FROM,2024-06-23T06:23:17.179765
R03153,A0062,D0030,LOGGED_IN_FROM,2024-06-08T17:15:02.430645
R03154,A0063,D0018,LOGGED_IN_FROM,2024-01-02T15:37:03.175355
R03155,A0063,D0011,LOGGED_IN_FROM,2024-03-05T18:03:21.050201
R03156,A0064,D0014,LOGGED_IN_FROM,2024-03-04T03:20:06.904167
R03157,A0064,D0046,LOGGED_IN_FROM,2024-04-05T00:50:30.273938
R03158,A0064,D0033,LOGGED_IN_FROM,2024-01-12T08:39:16.232590
R03159,A0065,D0010,LOGGED_IN_FROM,2024-03-04T16:30:36.934484
R03160,A0065,D0047,LOGGED_IN_FROM,2024-04-11T22:18:49.984024
R03161,A0065,D0030,LOGGED_IN_FROM,2024-05-09T10:45:07.398445
R03162,A0066,D0018,LOGGED_IN_FROM,2024-05-22T01:52:13.143946
R03163,A0067,D0020,LOGGED_IN_FROM,2024-06-16T03:35:01.737335
R03164,A0067,D0005,LOGGED_IN_FROM,2024-06-14T19:47:56.911587
R03165,A0067,D0042,LOGGED_IN_FROM,2024-03-28T13:23:12.511822
R03166,A0068,D0039,LOGGED_IN_FROM,2024-04-29T06:34:24.756548
R03167,A0068,D0037,LOGGED_IN_FROM,2024-05-08T05:43:29.270865
R03168,A0069,D0050,LOGGED_IN_FROM,2024-04-29T06:17:01.520014
R03169,A0069,D0017,LOGGED_IN_FROM,2024-01-24T10:12:32.527618
R03170,A0069,D0021,LOGGED_IN_FROM,2024-04-16T13:58:24.676581
R03171,A0072,D0023,LOGGED_IN_FROM,2024-04-15T19:02:18.841286
R03172,A0072,D0026,LOGGED_IN_FROM,2024-01-13T05:31:26.241044
R03173,A0072,D0002,LOGGED_IN_FROM,2024-06-03T05:13:24.471506
R03174,A0074,D0015,LOGGED_IN_FROM,2024-01-18T11:22:18.034180
R03175,A0075,D0032,LOGGED_IN_FROM,2024-06-18T02:18:43.561665
R03176,A0078,D0021,LOGGED_IN_FROM,2024-05-17T13:02:45.305770
R03177,A0078,D0050,LOGGED_IN_FROM,2024-05-26T08:21:54.068501
R03178,A0079,D0016,LOGGED_IN_FROM,2024-01-20T01:59:44.806163
R03179,A0079,D0012,LOGGED_IN_FROM,2024-05-11T19:08:26.754816
R03180,A0079,D0025,LOGGED_IN_FROM,2024-05-16T19:15:19.688812
R03181,A0080,D0005,LOGGED_IN_FROM,2024-01-12T05:00:33.647188
R03182,A0080,D0017,LOGGED_IN_FROM,2024-01-21T17:16:26.804291
R03183,A0081,D0005,LOGGED_IN_FROM,2024-03-20T21:59:58.554075
R03184,A0081,D0024,LOGGED_IN_FROM,2024-04-19T18:46:50.376075
R03185,A0081,D0002,LOGGED_IN_FROM,2024-06-16T03:54:17.542102
R03186,A0082,D0007,LOGGED_IN_FROM,2024-05-06T11:15:52.394718
R03187,A0082,D0025,LOGGED_IN_FROM,2024-01-25T02:41:35.130506
R03188,A0083,D0037,LOGGED_IN_FROM,2024-04-10T17:17:52.612479
R03189,A0083,D0013,LOGGED_IN_FROM,2024-02-15T16:50:16.906143
R03190,A0083,D0029,LOGGED_IN_FROM,2024-05-02T20:55:12.533787
R03191,A0084,D0013,LOGGED_IN_FROM,2024-05-14T07:54:59.652031
R03192,A0085,D0034,LOGGED_IN_FROM,2024-05-26T08:52:19.613193
R03193,A0085,D0013,LOGGED_IN_FROM,2024-01-16T13:39:48.558215
R03194,A0087,D0041,LOGGED_IN_FROM,2024-06-22T17:30:42.034739
R03195,A0088,D0014,LOGGED_IN_FROM,2024-01-07T00:23:27.777751
R03196,A0089,D0001,LOGGED_IN_FROM,2024-03-06T01:55:58.774672
R03197,A0090,D0037,LOGGED_IN_FROM,2024-04-08T22:20:49.849195
R03198,A0090,D0005,LOGGED_IN_FROM,2024-03-02T16:02:59.779806
R03199,A0092,D0047,LOGGED_IN_FROM,2024-06-22T08:26:17.737069
R03200,A0092,D0047,LOGGED_IN_FROM,2024-04-26T05:51:26.809041
R03201,A0092,D0032,LOGGED_IN_FROM,2024-02-04T09:57:16.909245
R03202,A0093,D0037,LOGGED_IN_FROM,2024-05-29T18:59:20.441116
R03203,A0094,D0023,LOGGED_IN_FROM,2024-03-05T12:34:18.036196
R03204,A0094,D0036,LOGGED_IN_FROM,2024-06-03T11:15:48.344750
R03205,A0094,D0005,LOGGED_IN_FROM,2024-03-20T10:29:10.693732
R03206,A0095,D0025,LOGGED_IN_FROM,2024-06-07T04:33:20.379570
R03207,A0095,D0037,LOGGED_IN_FROM,2024-01-15T03:27:24.099083
R03208,A0095,D0034,LOGGED_IN_FROM,2024-02-23T23:29:52.852620
R03209,A0096,D0032,LOGGED_IN_FROM,2024-02-11T17:36:40.709142
R03210,A0097,D0035,LOGGED_IN_FROM,2024-02-29T21:30:56.120662
R03211,A0097,D0015,LOGGED_IN_FROM,2024-05-28T15:50:52.746911
R03212,A0097,D0019,LOGGED_IN_FROM,2024-06-15T22:21:19.229955
R03213,A0098,D0025,LOGGED_IN_FROM,2024-05-07T07:01:09.392469
R03214,A0098,D0005,LOGGED_IN_FROM,2024-06-06T21:53:25.340883
R03215,A0100,D0019,LOGGED_IN_FROM,2024-01-14T12:49:54.557875
R03216,A0101,D0016,LOGGED_IN_FROM,2024-06-03T10:16:48.075888
R03217,A0101,D0040,LOGGED_IN_FROM,2024-03-31T12:12:15.130523
R03218,A0101,D0026,LOGGED_IN_FROM,2024-04-21T23:23:36.653486
R03219,A0102,D0045,LOGGED_IN_FROM,2024-06-10T10:00:56.115719
R03220,A0102,D0038,LOGGED_IN_FROM,2024-03-26T05:55:53.405375
R03221,A0102,D0017,LOGGED_IN_FROM,2024-04-28T05:38:23.324306
R03222,A0103,D0022,LOGGED_IN_FROM,2024-03-17T06:35:10.857008
R03223,A0104,D0022,LOGGED_IN_FROM,2024-06-09T17:35:37.565071
R03224,A0106,D0009,LOGGED_IN_FROM,2024-02-06T23:11:22.159796
R03225,A0107,D0022,LOGGED_IN_FROM,2024-06-16T06:36:46.783012
R03226,A0107,D0043,LOGGED_IN_FROM,2024-06-14T03:06:57.895439
R03227,A0107,D0004,LOGGED_IN_FROM,2024-02-12T15:31:16.047492
R03228,A0108,D0037,LOGGED_IN_FROM,2024-06-12T16:22:58.338983
R03229,A0112,D0049,LOGGED_IN_FROM,2024-05-26T03:43:32.449737
R03230,A0112,D0023,LOGGED_IN_FROM,2024-06-26T13:42:26.815701
R03231,A0112,D0027,LOGGED_IN_FROM,2024-04-18T06:21:11.877430
R03232,A0113,D0006,LOGGED_IN_FROM,2024-06-09T15:22:51.398754
R03233,A0113,D0031,LOGGED_IN_FROM,2024-06-20T08:02:00.020120
R03234,A0113,D0018,LOGGED_IN_FROM,2024-05-10T22:08:40.358777
R03235,A0114,D0003,LOGGED_IN_FROM,2024-03-30T21:12:58.148023
R03236,A0115,D0042,LOGGED_IN_FROM,2024-03-04T09:31:09.750376
R03237,A0116,D0020,LOGGED_IN_FROM,2024-05-21T11:01:03.881305
R03238,A0116,D0015,LOGGED_IN_FROM,2024-01-04T21:08:58.311338
R03239,A0117,D0002,LOGGED_IN_FROM,2024-05-20T00:34:33.334164
R03240,A0118,D0035,LOGGED_IN_FROM,2024-04-20T01:45:19.303137
R03241,A0119,D0044,LOGGED_IN_FROM,2024-05-03T17:32:13.092647
R03242,A0119,D0002,LOGGED_IN_FROM,2024-04-10T00:02:32.821073
R03243,A0122,D0025,LOGGED_IN_FROM,2024-05-18T14:07:13.811438
R03244,A0123,D0009,LOGGED_IN_FROM,2024-03-18T18:41:52.115084
R03245,A0123,D0028,LOGGED_IN_FROM,2024-04-09T11:13:23.340013
R03246,A0123,D0008,LOGGED_IN_FROM,2024-03-20T06:28:01.921664
R03247,A0124,D0024,LOGGED_IN_FROM,2024-03-04T16:10:18.598112
R03248,A0124,D0022,LOGGED_IN_FROM,2024-03-20T00:15:49.903789
R03249,A0124,D0004,LOGGED_IN_FROM,2024-02-13T02:36:40.985097
R03250,A0125,D0038,LOGGED_IN_FROM,2024-01-02T19:39:20.450863
R03251,A0127,D0048,LOGGED_IN_FROM,2024-05-16T05:09:36.045234
R03252,A0127,D0035,LOGGED_IN_FROM,2024-04-12T19:36:11.408027
R03253,A0128,D0047,LOGGED_IN_FROM,2024-02-15T05:39:46.472780
R03254,A0129,D0005,LOGGED_IN_FROM,2024-01-11T06:06:27.114173
R03255,A0130,D0012,LOGGED_IN_FROM,2024-02-21T03:35:48.934738
R03256,A0130,D0021,LOGGED_IN_FROM,2024-03-04T06:57:19.672375
R03257,A0131,D0016,LOGGED_IN_FROM,2024-06-29T15:41:52.031389
R03258,A0131,D0009,LOGGED_IN_FROM,2024-04-19T17:00:07.141760
R03259,A0131,D0031,LOGGED_IN_FROM,2024-04-29T00:32:23.178130
R03260,A0132,D0005,LOGGED_IN_FROM,2024-01-14T19:47:07.690285
R03261,A0132,D0035,LOGGED_IN_FROM,2024-02-07T06:15:36.055487
R03262,A0132,D0046,LOGGED_IN_FROM,2024-05-13T01:47:22.989783
R03263,A0133,D0015,LOGGED_IN_FROM,2024-03-21T06:44:44.672835
R03264,A0133,D0020,LOGGED_IN_FROM,2024-06-19T09:33:31.804443
R03265,A0134,D0019,LOGGED_IN_FROM,2024-06-06T06:48:35.193399
R03266,A0134,D0016,LOGGED_IN_FROM,2024-04-05T08:36:40.146079
R03267,A0134,D0018,LOGGED_IN_FROM,2024-02-27T17:07:23.789268
R03268,A0135,D0033,LOGGED_IN_FROM,2024-01-19T21:25:07.599804
R03269,A0135,D0023,LOGGED_IN_FROM,2024-06-11T23:26:52.224573
R03270,A0135,D0046,LOGGED_IN_FROM,2024-06-21T01:14:51.578009
R03271,A0136,D0018,LOGGED_IN_FROM,2024-01-15T04:46:11.128005
R03272,A0136,D0009,LOGGED_IN_FROM,2024-06-01T07:09:06.218763
R03273,A0137,D0015,LOGGED_IN_FROM,2024-02-25T04:39:21.201565
R03274,A0137,D0036,LOGGED_IN_FROM,2024-02-08T03:34:59.811241
R03275,A0137,D0024,LOGGED_IN_FROM,2024-05-11T05:00:44.383327
R03276,A0138,D0003,LOGGED_IN_FROM,2024-06-26T00:02:23.065523
R03277,A0139,D0029,LOGGED_IN_FROM,2024-04-27T15:12:02.618213
R03278,A0139,D0030,LOGGED_IN_FROM,2024-06-21T12:01:38.407466
R03279,A0139,D0002,LOGGED_IN_FROM,2024-03-31T07:15:14.897016
R03280,A0141,D0018,LOGGED_IN_FROM,2024-02-20T07:29:24.304822
R03281,A0142,D0020,LOGGED_IN_FROM,2024-05-29T17:15:53.735815
R03282,A0142,D0006,LOGGED_IN_FROM,2024-01-11T19:25:25.896166
R03283,A0144,D0025,LOGGED_IN_FROM,2024-03-30T15:49:58.707154
R03284,A0144,D0025,LOGGED_IN_FROM,2024-03-10T14:58:37.766927
R03285,A0144,D0003,LOGGED_IN_FROM,2024-02-10T15:00:14.663038
R03286,A0145,D0012,LOGGED_IN_FROM,2024-04-29T10:43:01.988614
R03287,A0145,D0035,LOGGED_IN_FROM,2024-01-10T11:00:57.330522
R03288,A0146,D0003,LOGGED_IN_FROM,2024-04-08T00:29:22.489480
R03289,A0146,D0023,LOGGED_IN_FROM,2024-06-18T15:18:02.067729
R03290,A0147,D0049,LOGGED_IN_FROM,2024-06-10T15:55:39.733150
R03291,A0147,D0017,LOGGED_IN_FROM,2024-05-26T15:41:54.869868
R03292,A0147,D0038,LOGGED_IN_FROM,2024-02-09T04:40:04.027502
R03293,A0148,D0022,LOGGED_IN_FROM,2024-05-11T08:48:56.197746
R03294,A0149,D0028,LOGGED_IN_FROM,2024-06-05T16:47:04.254762
R03295,A0149,D0047,LOGGED_IN_FROM,2024-06-17T01:41:33.981742
R03296,A0149,D0049,LOGGED_IN_FROM,2024-01-11T08:07:23.408078
R03297,A0150,D0036,LOGGED_IN_FROM,2024-03-11T05:57:08.225368
R03298,D0001,IP0010,CONNECTED_VIA,2022-04-14
R03299,D0002,IP0015,CONNECTED_VIA,2023-10-31
R03300,D0003,IP0013,CONNECTED_VIA,2022-04-03
R03301,D0004,IP0018,CONNECTED_VIA,2023-02-22
R03302,D0005,IP0003,CONNECTED_VIA,2023-02-15
R03303,D0006,IP0014,CONNECTED_VIA,2023-07-20
R03304,D0007,IP0020,CONNECTED_VIA,2023-10-11
R03305,D0008,IP0003,CONNECTED_VIA,2023-08-11
R03306,D0009,IP0019,CONNECTED_VIA,2022-08-20
R03307,D0010,IP0019,CONNECTED_VIA,2023-06-08
R03308,D0011,IP0016,CONNECTED_VIA,2023-02-27
R03309,D0012,IP0009,CONNECTED_VIA,2023-02-18
R03310,D0013,IP0014,CONNECTED_VIA,2023-10-02
R03311,D0014,IP0003,CONNECTED_VIA,2022-07-12
R03312,D0015,IP0014,CONNECTED_VIA,2022-09-26
R03313,D0016,IP0004,CONNECTED_VIA,2022-08-03
R03314,D0017,IP0014,CONNECTED_VIA,2023-12-30
R03315,D0018,IP0010,CONNECTED_VIA,2023-08-18
R03316,D0019,IP0018,CONNECTED_VIA,2022-01-26
R03317,D0020,IP0003,CONNECTED_VIA,2022-11-22
R03318,D0021,IP0011,CONNECTED_VIA,2023-08-19
R03319,D0022,IP0017,CONNECTED_VIA,2022-07-06
R03320,D0023,IP0015,CONNECTED_VIA,2022-02-22
R03321,D0024,IP0007,CONNECTED_VIA,2023-04-07
R03322,D0025,IP0020,CONNECTED_VIA,2022-12-13
R03323,D0026,IP0002,CONNECTED_VIA,2023-06-06
R03324,D0027,IP0018,CONNECTED_VIA,2023-11-09
R03325,D0028,IP0015,CONNECTED_VIA,2022-07-10
R03326,D0029,IP0004,CONNECTED_VIA,2022-02-04
R03327,D0030,IP0008,CONNECTED_VIA,2022-12-07
R03328,D0031,IP0010,CONNECTED_VIA,2023-02-24
R03329,D0032,IP0018,CONNECTED_VIA,2023-08-09
R03330,D0033,IP0008,CONNECTED_VIA,2022-04-19
R03331,D0034,IP0009,CONNECTED_VIA,2022-08-13
R03332,D0035,IP0016,CONNECTED_VIA,2023-09-26
R03333,D0036,IP0017,CONNECTED_VIA,2023-03-24
R03334,D0037,IP0014,CONNECTED_VIA,2023-03-25
R03335,D0038,IP0008,CONNECTED_VIA,2023-08-24
R03336,D0039,IP0005,CONNECTED_VIA,2023-09-28
R03337,D0040,IP0020,CONNECTED_VIA,2022-07-04
R03338,D0041,IP0003,CONNECTED_VIA,2023-11-12
R03339,D0042,IP0011,CONNECTED_VIA,2023-05-28
R03340,D0043,IP0004,CONNECTED_VIA,2022-06-21
R03341,D0044,IP0019,CONNECTED_VIA,2022-08-22
R03342,D0045,IP0005,CONNECTED_VIA,2022-02-17
R03343,D0046,IP0016,CONNECTED_VIA,2023-04-05
R03344,D0047,IP0018,CONNECTED_VIA,2023-12-10
R03345,D0048,IP0015,CONNECTED_VIA,2023-05-02
R03346,D0049,IP0008,CONNECTED_VIA,2022-11-28
R03347,D0050,IP0008,CONNECTED_VIA,2023-01-20
