~id,~label,first_name,last_name,email,phone,date_of_birth,region,country,risk_score,created_date,customer_id,account_type,balance,currency,status,opened_date,device_type,operating_system,fingerprint,ip_address_id,first_seen,merchant_name,category,location,latitude,longitude,risk_tier,registration_date,address,geo_location,is_vpn,is_tor,isp,account_id,merchant_id,amount,timestamp,channel
C0001,Customer,Nathan,Figueroa,donaldgarcia@example.net,+44(0)114 4960960,1956-08-17,Sydney,AU,0.722,2020-12-24,,,,,,,,,,,,,,,,,,,,,,,,,,,,
C0002,Customer,Mandy,Hoffman,lquinn@example.com,08-5423-5116,1974-09-06,Melbourne,AU,0.221,2021-04-02,,,,,,,,,,,,,,,,,,,,,,,,,,,,
C0003,Customer,Jessica,Harvey,arnoldmaria@example.net,001-831-603-4131,1993-07-06,Sydney,AU,0.177,2020-05-21,,,,,,,,,,,,,,,,,,,,,,,,,,,,
C0004,Customer,Michael,Phillips,johnronald@example.net,01184960276,1993-10-21,Sydney,AU,0.745,2023-09-28,,,,,,,,,,,,,,,,,,,,,,,,,,,,
C0005,Customer,Gabrielle,Perez,richard13@example.net,+441214960376,1981-06-23,Sydney,AU,0.168,2021-04-03,,,,,,,,,,,,,,,,,,,,,,,,,,,,
C0006,Customer,John,Powell,zbartlett@example.com,08 1012 2691,1976-03-22,Singapore,SG,0.066,2022-12-26,,,,,,,,,,,,,,,,,,,,,,,,,,,,
C0007,Customer,Tony,Taylor,maldonadoamanda@example.com,(0131) 496 0146,1981-02-16,Sydney,AU,0.228,2021-03-30,,,,,,,,,,,,,,,,,,,,,,,,,,,,
C0008,Customer,Antony,Walker,ruth89@example.org,(03)88095701,2006-11-06,Perth,AU,0.102,2021-01-14,,,,,,,,,,,,,,,,,,,,,,,,,,,,
C0009,Customer,John,May,wcabrera@example.net,08 8248 9638,1997-03-13,Brisbane,AU,0.842,2021-08-27,,,,,,,,,,,,,,,,,,,,,,,,,,,,
C0010,Customer,Wanda,Patel,ooneill@example.org,5983393010,1972-09-26,Brisbane,AU,0.254,2023-05-18,,,,,,,,,,,,,,,,,,,,,,,,,,,,
C0011,Customer,Joshua,Lewis,esanchez@example.com,16566701,1977-08-26,Sydney,AU,0.219,2021-11-21,,,,,,,,,,,,,,,,,,,,,,,,,,,,
C0012,Customer,John,Herrera,dwhite@example.org,+61.2.0801.3267,1964-10-18,Perth,AU,0.024,2019-07-03,,,,,,,,,,,,,,,,,,,,,,,,,,,,
C0013,Customer,Nicholas,Baker,rodney87@example.org,(03)-0980-5009,1984-06-21,Brisbane,AU,0.173,2020-05-05,,,,,,,,,,,,,,,,,,,,,,,,,,,,
C0014,Customer,Susan,York,leonardjoe@example.org,(0118) 496 0990,1955-10-31,Sydney,AU,0.198,2023-12-20,,,,,,,,,,,,,,,,,,,,,,,,,,,,
C0015,Customer,Zoe,Donovan,john62@example.net,(0121) 4960751,1981-06-09,Melbourne,AU,0.843,2023-10-17,,,,,,,,,,,,,,,,,,,,,,,,,,,,
C0016,Customer,Charles,Wagner,nicole35@example.com,+61.7.9808.4124,1957-07-15,Singapore,SG,0.083,2023-09-16,,,,,,,,,,,,,,,,,,,,,,,,,,,,
C0017,Customer,Joseph,Kelly,gracefarrell@example.net,801-264-0052x427,1955-05-17,Brisbane,AU,0.894,2020-04-09,,,,,,,,,,,,,,,,,,,,,,,,,,,,
C0018,Customer,Alan,Aguilar,tanderson@example.com,(03)31586923,2004-09-07,Brisbane,AU,0.211,2022-07-05,,,,,,,,,,,,,,,,,,,,,,,,,,,,
C0019,Customer,Harry,Patton,josephcobb@example.org,2735375433,1972-08-03,Sydney,AU,0.95,2019-08-05,,,,,,,,,,,,,,,,,,,,,,,,,,,,
C0020,Customer,Michael,Matthews,matthew14@example.org,+44118 4960019,1973-10-11,Melbourne,AU,0.049,2021-09-02,,,,,,,,,,,,,,,,,,,,,,,,,,,,
C0021,Customer,Catherine,Clark,conorthomas@example.com,0483 561 595,2007-12-17,Melbourne,AU,0.205,2021-07-23,,,,,,,,,,,,,,,,,,,,,,,,,,,,
C0022,Customer,Dylan,Miles,angela36@example.net,+1-729-994-6804x43699,1980-05-04,Sydney,AU,0.069,2020-10-26,,,,,,,,,,,,,,,,,,,,,,,,,,,,
C0023,Customer,Elaine,Thompson,zachary95@example.org,+61.443.320.037,2008-01-29,Brisbane,AU,0.796,2022-11-16,,,,,,,,,,,,,,,,,,,,,,,,,,,,
C0024,Customer,Olivia,Chamberlain,phughes@example.org,+44292018016,1962-03-22,Brisbane,AU,0.064,2023-05-30,,,,,,,,,,,,,,,,,,,,,,,,,,,,
C0025,Customer,Brent,Lowery,danderson@example.net,+44(0)1914960957,2005-09-18,Perth,AU,0.043,2023-04-19,,,,,,,,,,,,,,,,,,,,,,,,,,,,
C0026,Customer,Maria,Williams,wcole@example.org,+44(0)118 4960873,1980-03-09,Brisbane,AU,0.224,2021-06-07,,,,,,,,,,,,,,,,,,,,,,,,,,,,
C0027,Customer,Joseph,Orozco,edwardreyes@example.org,+44117 496 0166,1987-03-06,Perth,AU,0.906,2022-07-16,,,,,,,,,,,,,,,,,,,,,,,,,,,,
C0028,Customer,Jamie,Price,baxterbeverley@example.com,9545668893,1979-11-29,Brisbane,AU,0.733,2019-04-02,,,,,,,,,,,,,,,,,,,,,,,,,,,,
C0029,Customer,Matthew,Roberts,jadebell@example.net,+44113 496 0699,1952-02-05,Sydney,AU,0.258,2022-08-25,,,,,,,,,,,,,,,,,,,,,,,,,,,,
C0030,Customer,Michelle,Williams,jason55@example.com,001-564-217-0805x31003,1960-08-15,Melbourne,AU,0.903,2020-01-29,,,,,,,,,,,,,,,,,,,,,,,,,,,,
C0031,Customer,Elizabeth,May,katie29@example.net,(01632) 960 124,1989-08-19,Sydney,AU,0.115,2021-08-28,,,,,,,,,,,,,,,,,,,,,,,,,,,,
C0032,Customer,Sian,Sanders,keithwright@example.net,49190586,1975-06-21,Perth,AU,0.159,2023-04-22,,,,,,,,,,,,,,,,,,,,,,,,,,,,
C0033,Customer,Maurice,Atkinson,hamiltonmichael@example.com,(0116) 496 0628,1968-08-18,Sydney,AU,0.731,2023-08-01,,,,,,,,,,,,,,,,,,,,,,,,,,,,
C0034,Customer,Steven,Wright,mariahmiller@example.com,+61.8.5075.2735,1973-05-31,Brisbane,AU,0.231,2021-05-09,,,,,,,,,,,,,,,,,,,,,,,,,,,,
C0035,Customer,Mark,Wells,jenniferfreeman@example.org,0161 4960770,1970-04-11,Brisbane,AU,0.13,2022-06-11,,,,,,,,,,,,,,,,,,,,,,,,,,,,
C0036,Customer,Norman,Beck,wtran@example.com,+441914960557,1971-02-13,Brisbane,AU,0.805,2020-12-18,,,,,,,,,,,,,,,,,,,,,,,,,,,,
C0037,Customer,Jennifer,Wilson,alexstevens@example.com,001-498-694-1343x5240,1953-12-18,Melbourne,AU,0.261,2021-06-27,,,,,,,,,,,,,,,,,,,,,,,,,,,,
C0038,Customer,Malcolm,Taylor,salasaudrey@example.com,252.404.7116x719,2005-06-14,Melbourne,AU,0.046,2021-08-02,,,,,,,,,,,,,,,,,,,,,,,,,,,,
C0039,Customer,Victoria,Grant,kimberlyjames@example.com,001-564-699-0913,1955-10-11,Sydney,AU,0.18,2021-01-16,,,,,,,,,,,,,,,,,,,,,,,,,,,,
C0040,Customer,Andrea,Smith,ocarter@example.com,0121 496 0713,2003-11-12,Sydney,AU,0.279,2020-09-07,,,,,,,,,,,,,,,,,,,,,,,,,,,,
C0041,Customer,Danny,Holland,charlesmartin@example.com,+44(0)1632960947,1982-02-23,London,UK,0.072,2021-08-03,,,,,,,,,,,,,,,,,,,,,,,,,,,,
C0042,Customer,Sophie,Mason,cmiller@example.com,+44(0)121 4960940,1965-10-30,Sydney,AU,0.026,2023-11-24,,,,,,,,,,,,,,,,,,,,,,,,,,,,
C0043,Customer,Michael,Perry,millerclive@example.com,+44(0)28 9018742,1979-11-30,Sydney,AU,0.85,2023-03-09,,,,,,,,,,,,,,,,,,,,,,,,,,,,
C0044,Customer,Theodore,Cook,taylorhugh@example.com,+44161 496 0468,1981-03-15,Melbourne,AU,0.039,2021-09-05,,,,,,,,,,,,,,,,,,,,,,,,,,,,
C0045,Customer,Marcus,Hancock,mgutierrez@example.net,+1-277-503-4824x771,1961-01-11,Melbourne,AU,0.08,2023-09-09,,,,,,,,,,,,,,,,,,,,,,,,,,,,
C0046,Customer,Andrea,Walker,pvalentine@example.org,001-548-446-7737x826,1969-01-19,Singapore,SG,0.289,2021-11-22,,,,,,,,,,,,,,,,,,,,,,,,,,,,
C0047,Customer,Vincent,Campbell,cgrimes@example.net,(858)286-7533x963,2000-12-05,Perth,AU,0.214,2022-03-31,,,,,,,,,,,,,,,,,,,,,,,,,,,,
C0048,Customer,Vanessa,Robinson,martineztammy@example.com,+61.2.8702.6217,1973-04-16,Brisbane,AU,0.131,2022-05-20,,,,,,,,,,,,,,,,,,,,,,,,,,,,
C0049,Customer,Jonathan,Phelps,owatson@example.net,+1-309-313-4316,1961-07-29,Sydney,AU,0.074,2021-07-20,,,,,,,,,,,,,,,,,,,,,,,,,,,,
C0050,Customer,Brandon,Carter,hthomas@example.com,+4429 2018 0222,1991-09-24,Sydney,AU,0.176,2021-01-19,,,,,,,,,,,,,,,,,,,,,,,,,,,,
C0051,Customer,Roberta,Hall,kelly40@example.com,+1-982-317-5946x47436,1976-03-15,Melbourne,AU,0.002,2022-01-21,,,,,,,,,,,,,,,,,,,,,,,,,,,,
C0052,Customer,Bryan,Harris,krobertson@example.net,0114 496 0974,1991-07-25,Sydney,AU,0.069,2020-11-12,,,,,,,,,,,,,,,,,,,,,,,,,,,,
C0053,Customer,Karl,Smith,teresaglover@example.net,+44(0)113 4960470,1975-01-30,New York,US,0.021,2020-02-14,,,,,,,,,,,,,,,,,,,,,,,,,,,,
C0054,Customer,Renee,Burgess,davidryan@example.com,+441614960424,2005-02-18,Perth,AU,0.064,2021-11-19,,,,,,,,,,,,,,,,,,,,,,,,,,,,
C0055,Customer,Taylor,Taylor,zcoffey@example.net,860-748-1754,1996-03-05,Perth,AU,0.073,2023-01-05,,,,,,,,,,,,,,,,,,,,,,,,,,,,
C0056,Customer,Christine,Mills,eileencollins@example.com,(0121)4960612,1952-10-13,Perth,AU,0.057,2023-03-12,,,,,,,,,,,,,,,,,,,,,,,,,,,,
C0057,Customer,Colton,Kirk,ellen86@example.net,+441632 960 261,1992-02-24,Perth,AU,0.106,2021-05-20,,,,,,,,,,,,,,,,,,,,,,,,,,,,
C0058,Customer,Hannah,Ramos,cory58@example.net,2642317139,1966-10-29,Sydney,AU,0.202,2023-10-22,,,,,,,,,,,,,,,,,,,,,,,,,,,,
C0059,Customer,Casey,Martin,markhernandez@example.net,(03) 2842 1020,2004-01-05,Melbourne,AU,0.018,2021-10-03,,,,,,,,,,,,,,,,,,,,,,,,,,,,
C0060,Customer,Grant,Martinez,reesethomas@example.com,+4420 74960178,1992-02-10,Melbourne,AU,0.075,2023-06-10,,,,,,,,,,,,,,,,,,,,,,,,,,,,
C0061,Customer,Stephen,Brown,gsimmons@example.com,(0151)4960115,1960-05-06,Perth,AU,0.042,2020-01-29,,,,,,,,,,,,,,,,,,,,,,,,,,,,
C0062,Customer,Claudia,Parry,hvang@example.com,896.311.8367x36576,1979-04-18,Perth,AU,0.075,2021-03-03,,,,,,,,,,,,,,,,,,,,,,,,,,,,
C0063,Customer,Stephanie,Preston,deckerchristopher@example.org,+44(0)1632 960 528,1990-02-28,Lagos,NG,0.242,2023-10-13,,,,,,,,,,,,,,,,,,,,,,,,,,,,
C0064,Customer,Elizabeth,Gomez,utaylor@example.org,+1-745-319-8327x315,1989-04-27,Melbourne,AU,0.015,2022-08-27,,,,,,,,,,,,,,,,,,,,,,,,,,,,
C0065,Customer,Brenda,Davies,johnsylvia@example.net,8243455022,2000-09-03,Sydney,AU,0.291,2019-04-07,,,,,,,,,,,,,,,,,,,,,,,,,,,,
C0066,Customer,Julie,Bennett,eric45@example.net,+44(0)114 496 0022,1953-08-21,Perth,AU,0.05,2019-09-12,,,,,,,,,,,,,,,,,,,,,,,,,,,,
C0067,Customer,Scott,Tucker,wnelson@example.net,(08)14978403,1991-01-14,Melbourne,AU,0.259,2019-01-25,,,,,,,,,,,,,,,,,,,,,,,,,,,,
C0068,Customer,Kevin,Saunders,mark07@example.net,(826)283-8851,1951-07-12,Brisbane,AU,0.114,2019-08-31,,,,,,,,,,,,,,,,,,,,,,,,,,,,
C0069,Customer,Barbara,Ahmed,zharris@example.org,(897)351-6136,1971-05-14,London,UK,0.278,2021-11-21,,,,,,,,,,,,,,,,,,,,,,,,,,,,
C0070,Customer,Mason,Jones,hillgordon@example.com,001-923-912-4329x2127,1988-08-31,London,UK,0.744,2021-10-02,,,,,,,,,,,,,,,,,,,,,,,,,,,,
C0071,Customer,Guy,Gonzales,ywelch@example.com,01144960581,1981-09-03,Lagos,NG,0.727,2019-04-28,,,,,,,,,,,,,,,,,,,,,,,,,,,,
C0072,Customer,Miguel,Jones,jford@example.net,+61.3.5978.2071,1998-11-11,Sydney,AU,0.174,2023-04-18,,,,,,,,,,,,,,,,,,,,,,,,,,,,
C0073,Customer,Kyle,Wright,nwarren@example.org,(846)665-9051x518,1999-07-03,Brisbane,AU,0.986,2020-04-13,,,,,,,,,,,,,,,,,,,,,,,,,,,,
C0074,Customer,Christopher,Dale,tammy62@example.net,+44(0)114 496 0486,2004-02-15,Melbourne,AU,0.017,2020-02-03,,,,,,,,,,,,,,,,,,,,,,,,,,,,
C0075,Customer,Rita,Turner,willismary@example.net,4544235733,1970-05-19,Melbourne,AU,0.021,2023-04-28,,,,,,,,,,,,,,,,,,,,,,,,,,,,
C0076,Customer,Kerry,Stanley,jodiepatel@example.org,+61 427 065 379,2001-06-14,Melbourne,AU,0.804,2022-10-27,,,,,,,,,,,,,,,,,,,,,,,,,,,,
C0077,Customer,Amanda,Sheppard,michealvalentine@example.com,001-346-388-6239x24075,1955-12-17,Perth,AU,0.942,2021-04-28,,,,,,,,,,,,,,,,,,,,,,,,,,,,
C0078,Customer,Rebecca,Guerra,lisawilkerson@example.org,2687536153,2007-05-11,Sydney,AU,0.126,2021-11-08,,,,,,,,,,,,,,,,,,,,,,,,,,,,
C0079,Customer,Devin,Lowery,katherineharrison@example.net,0432.8986,2003-01-26,Brisbane,AU,0.28,2021-01-09,,,,,,,,,,,,,,,,,,,,,,,,,,,,
C0080,Customer,David,Barnes,fcollins@example.net,(0113) 4960893,1960-01-09,Brisbane,AU,0.072,2022-08-27,,,,,,,,,,,,,,,,,,,,,,,,,,,,
C0081,Customer,Christina,Duncan,millsmichael@example.net,+44(0)161 496 0880,1982-03-31,Brisbane,AU,0.137,2022-04-17,,,,,,,,,,,,,,,,,,,,,,,,,,,,
C0082,Customer,Jon,Kelly,john19@example.net,(405)385-2772,2003-01-27,Melbourne,AU,0.003,2019-04-26,,,,,,,,,,,,,,,,,,,,,,,,,,,,
C0083,Customer,James,Blackwell,zachary87@example.com,+61-434-505-415,1977-06-22,Sydney,AU,0.022,2022-09-29,,,,,,,,,,,,,,,,,,,,,,,,,,,,
C0084,Customer,Matthew,Crawford,sandra84@example.org,0151 496 0169,1987-05-16,Brisbane,AU,0.04,2021-09-25,,,,,,,,,,,,,,,,,,,,,,,,,,,,
C0085,Customer,Christopher,Doyle,cjackson@example.com,4592640165,2008-01-02,Sydney,AU,0.264,2022-09-24,,,,,,,,,,,,,,,,,,,,,,,,,,,,
C0086,Customer,David,Osborne,patrick90@example.net,+61.475.571.928,1977-05-04,Melbourne,AU,0.719,2021-05-16,,,,,,,,,,,,,,,,,,,,,,,,,,,,
C0087,Customer,Susan,Fitzgerald,hmcintyre@example.com,001-973-394-7312x172,2007-10-16,Brisbane,AU,0.184,2021-12-16,,,,,,,,,,,,,,,,,,,,,,,,,,,,
C0088,Customer,Gary,Freeman,jenniferho@example.net,(03)13237058,1975-05-11,Sydney,AU,0.2,2023-09-11,,,,,,,,,,,,,,,,,,,,,,,,,,,,
C0089,Customer,Cheryl,Jones,xfox@example.com,+44114 496 0251,1981-12-14,Sydney,AU,0.282,2023-05-28,,,,,,,,,,,,,,,,,,,,,,,,,,,,
C0090,Customer,David,Dawson,ryanbartlett@example.org,0424 225 358,2007-10-26,Sydney,AU,0.267,2021-02-18,,,,,,,,,,,,,,,,,,,,,,,,,,,,
C0091,Customer,Cynthia,Robertson,jayne81@example.net,+44116 4960992,1995-01-29,Brisbane,AU,0.987,2021-11-15,,,,,,,,,,,,,,,,,,,,,,,,,,,,
C0092,Customer,Luke,Miller,naomi39@example.com,+4428 9018078,1993-12-07,Brisbane,AU,0.061,2023-02-10,,,,,,,,,,,,,,,,,,,,,,,,,,,,
C0093,Customer,Linda,Stevenson,barkereric@example.com,335.792.5556x258,1981-12-30,Brisbane,AU,0.152,2021-04-12,,,,,,,,,,,,,,,,,,,,,,,,,,,,
C0094,Customer,John,Williams,kwright@example.com,(01632) 960532,1985-04-12,Sydney,AU,0.028,2023-03-31,,,,,,,,,,,,,,,,,,,,,,,,,,,,
C0095,Customer,Tyler,Landry,nmorgan@example.net,3048797480,1968-04-01,Brisbane,AU,0.013,2022-02-11,,,,,,,,,,,,,,,,,,,,,,,,,,,,
C0096,Customer,Michael,Williams,lindafisher@example.org,478.549.9121x65585,1984-11-24,Melbourne,AU,0.191,2023-04-04,,,,,,,,,,,,,,,,,,,,,,,,,,,,
C0097,Customer,Brandon,Reeves,ghernandez@example.org,+1-652-969-4958x887,1975-04-27,Perth,AU,0.166,2019-12-08,,,,,,,,,,,,,,,,,,,,,,,,,,,,
C0098,Customer,Brandy,Carr,andersonarthur@example.net,(020) 7496 0309,1961-11-09,Sydney,AU,0.034,2022-03-28,,,,,,,,,,,,,,,,,,,,,,,,,,,,
C0099,Customer,Lorraine,Johnson,bateschloe@example.com,(563)768-9702,1982-10-21,Brisbane,AU,0.726,2022-03-17,,,,,,,,,,,,,,,,,,,,,,,,,,,,
C0100,Customer,Sue,Barr,erica49@example.com,0784344375,1973-12-27,Brisbane,AU,0.129,2021-04-30,,,,,,,,,,,,,,,,,,,,,,,,,,,,
A0001,Account,,,,,,,,,,C0001,savings,46584.62,AUD,active,2020-07-09,,,,,,,,,,,,,,,,,,,,,,
A0002,Account,,,,,,,,,,C0002,checking,31906.44,AUD,active,2022-11-18,,,,,,,,,,,,,,,,,,,,,,
A0003,Account,,,,,,,,,,C0003,credit_card,653.65,AUD,active,2021-08-13,,,,,,,,,,,,,,,,,,,,,,
A0004,Account,,,,,,,,,,C0004,checking,146088.63,AUD,active,2023-06-26,,,,,,,,,,,,,,,,,,,,,,
A0005,Account,,,,,,,,,,C0005,savings,129758.55,AUD,active,2023-04-16,,,,,,,,,,,,,,,,,,,,,,
A0006,Account,,,,,,,,,,C0006,checking,4205.56,AUD,active,2021-03-28,,,,,,,,,,,,,,,,,,,,,,
A0007,Account,,,,,,,,,,C0007,checking,120434.15,AUD,active,2021-03-23,,,,,,,,,,,,,,,,,,,,,,
A0008,Account,,,,,,,,,,C0008,checking,24300.08,AUD,active,2020-05-03,,,,,,,,,,,,,,,,,,,,,,
A0009,Account,,,,,,,,,,C0009,checking,130888.93,AUD,active,2023-12-07,,,,,,,,,,,,,,,,,,,,,,
A0010,Account,,,,,,,,,,C0010,savings,30336.14,AUD,active,2022-10-17,,,,,,,,,,,,,,,,,,,,,,
A0011,Account,,,,,,,,,,C0011,checking,46126.03,AUD,active,2023-03-07,,,,,,,,,,,,,,,,,,,,,,
A0012,Account,,,,,,,,,,C0012,savings,4037.83,AUD,active,2020-11-29,,,,,,,,,,,,,,,,,,,,,,
A0013,Account,,,,,,,,,,C0013,checking,49575.16,AUD,active,2023-07-11,,,,,,,,,,,,,,,,,,,,,,
A0014,Account,,,,,,,,,,C0014,checking,52996.35,AUD,active,2021-02-26,,,,,,,,,,,,,,,,,,,,,,
A0015,Account,,,,,,,,,,C0015,checking,102087.96,AUD,active,2022-12-18,,,,,,,,,,,,,,,,,,,,,,
A0016,Account,,,,,,,,,,C0016,checking,140915.95,AUD,active,2020-08-02,,,,,,,,,,,,,,,,,,,,,,
A0017,Account,,,,,,,,,,C0017,checking,27195.89,AUD,active,2022-08-15,,,,,,,,,,,,,,,,,,,,,,
A0018,Account,,,,,,,,,,C0018,savings,16706.18,AUD,active,2022-07-01,,,,,,,,,,,,,,,,,,,,,,
A0019,Account,,,,,,,,,,C0019,checking,109417.49,AUD,active,2021-01-12,,,,,,,,,,,,,,,,,,,,,,
A0020,Account,,,,,,,,,,C0020,checking,91128.22,AUD,active,2022-11-07,,,,,,,,,,,,,,,,,,,,,,
A0021,Account,,,,,,,,,,C0021,savings,58086.72,AUD,suspended,2020-12-17,,,,,,,,,,,,,,,,,,,,,,
A0022,Account,,,,,,,,,,C0022,savings,38581.01,AUD,active,2020-12-28,,,,,,,,,,,,,,,,,,,,,,
A0023,Account,,,,,,,,,,C0023,savings,78228.09,AUD,active,2020-06-05,,,,,,,,,,,,,,,,,,,,,,
A0024,Account,,,,,,,,,,C0024,credit_card,34568.65,AUD,closed,2021-05-29,,,,,,,,,,,,,,,,,,,,,,
A0025,Account,,,,,,,,,,C0025,savings,54951.11,AUD,active,2022-01-04,,,,,,,,,,,,,,,,,,,,,,
A0026,Account,,,,,,,,,,C0026,credit_card,45642.4,AUD,suspended,2022-11-25,,,,,,,,,,,,,,,,,,,,,,
A0027,Account,,,,,,,,,,C0027,checking,99676.43,AUD,active,2020-01-10,,,,,,,,,,,,,,,,,,,,,,
A0028,Account,,,,,,,,,,C0028,credit_card,44502.58,AUD,active,2023-12-15,,,,,,,,,,,,,,,,,,,,,,
A0029,Account,,,,,,,,,,C0029,checking,100200.49,AUD,active,2021-09-25,,,,,,,,,,,,,,,,,,,,,,
A0030,Account,,,,,,,,,,C0030,checking,104732.66,AUD,active,2023-12-24,,,,,,,,,,,,,,,,,,,,,,
A0031,Account,,,,,,,,,,C0031,savings,29180.09,AUD,closed,2022-01-12,,,,,,,,,,,,,,,,,,,,,,
A0032,Account,,,,,,,,,,C0032,checking,101759.03,AUD,active,2020-11-06,,,,,,,,,,,,,,,,,,,,,,
A0033,Account,,,,,,,,,,C0033,credit_card,26300.79,AUD,active,2021-05-14,,,,,,,,,,,,,,,,,,,,,,
A0034,Account,,,,,,,,,,C0034,credit_card,40854.88,AUD,active,2022-10-01,,,,,,,,,,,,,,,,,,,,,,
A0035,Account,,,,,,,,,,C0035,checking,31922.31,AUD,suspended,2023-11-12,,,,,,,,,,,,,,,,,,,,,,
A0036,Account,,,,,,,,,,C0036,credit_card,31008.81,AUD,active,2022-10-11,,,,,,,,,,,,,,,,,,,,,,
A0037,Account,,,,,,,,,,C0037,checking,66602.89,AUD,active,2020-12-27,,,,,,,,,,,,,,,,,,,,,,
A0038,Account,,,,,,,,,,C0038,credit_card,21025.24,AUD,active,2023-02-22,,,,,,,,,,,,,,,,,,,,,,
A0039,Account,,,,,,,,,,C0039,credit_card,-336.25,AUD,active,2023-08-14,,,,,,,,,,,,,,,,,,,,,,
A0040,Account,,,,,,,,,,C0040,credit_card,29811.75,AUD,active,2023-11-20,,,,,,,,,,,,,,,,,,,,,,
A0041,Account,,,,,,,,,,C0041,savings,122854.31,AUD,active,2021-10-12,,,,,,,,,,,,,,,,,,,,,,
A0042,Account,,,,,,,,,,C0042,credit_card,12073.07,AUD,active,2023-12-22,,,,,,,,,,,,,,,,,,,,,,
A0043,Account,,,,,,,,,,C0043,savings,4151.6,AUD,active,2023-07-23,,,,,,,,,,,,,,,,,,,,,,
A0044,Account,,,,,,,,,,C0044,checking,91885.46,AUD,active,2023-05-10,,,,,,,,,,,,,,,,,,,,,,
A0045,Account,,,,,,,,,,C0045,checking,62458.93,AUD,closed,2020-10-17,,,,,,,,,,,,,,,,,,,,,,
A0046,Account,,,,,,,,,,C0046,credit_card,5693.94,AUD,active,2023-09-18,,,,,,,,,,,,,,,,,,,,,,
A0047,Account,,,,,,,,,,C0047,checking,60248.1,AUD,active,2023-09-24,,,,,,,,,,,,,,,,,,,,,,
A0048,Account,,,,,,,,,,C0048,credit_card,32819.23,AUD,active,2020-01-16,,,,,,,,,,,,,,,,,,,,,,
A0049,Account,,,,,,,,,,C0049,checking,33216.75,AUD,active,2022-06-02,,,,,,,,,,,,,,,,,,,,,,
A0050,Account,,,,,,,,,,C0050,checking,8007.65,AUD,active,2020-06-16,,,,,,,,,,,,,,,,,,,,,,
A0051,Account,,,,,,,,,,C0051,savings,68741.04,AUD,active,2021-03-19,,,,,,,,,,,,,,,,,,,,,,
A0052,Account,,,,,,,,,,C0052,credit_card,24212.25,AUD,active,2022-09-24,,,,,,,,,,,,,,,,,,,,,,
A0053,Account,,,,,,,,,,C0053,credit_card,12451.39,AUD,active,2022-03-26,,,,,,,,,,,,,,,,,,,,,,
A0054,Account,,,,,,,,,,C0054,credit_card,39825.36,AUD,active,2023-10-14,,,,,,,,,,,,,,,,,,,,,,
A0055,Account,,,,,,,,,,C0055,checking,124670.09,AUD,active,2023-08-16,,,,,,,,,,,,,,,,,,,,,,
A0056,Account,,,,,,,,,,C0056,checking,134632.61,AUD,active,2021-12-29,,,,,,,,,,,,,,,,,,,,,,
A0057,Account,,,,,,,,,,C0057,checking,39249.14,AUD,active,2020-10-27,,,,,,,,,,,,,,,,,,,,,,
A0058,Account,,,,,,,,,,C0058,credit_card,10252.12,AUD,active,2021-05-29,,,,,,,,,,,,,,,,,,,,,,
A0059,Account,,,,,,,,,,C0059,checking,94198.89,AUD,active,2023-02-10,,,,,,,,,,,,,,,,,,,,,,
A0060,Account,,,,,,,,,,C0060,checking,12083.76,AUD,active,2022-10-05,,,,,,,,,,,,,,,,,,,,,,
A0061,Account,,,,,,,,,,C0061,savings,41121.41,AUD,active,2023-01-22,,,,,,,,,,,,,,,,,,,,,,
A0062,Account,,,,,,,,,,C0062,credit_card,-568.23,AUD,active,2020-01-23,,,,,,,,,,,,,,,,,,,,,,
A0063,Account,,,,,,,,,,C0063,savings,57763.78,AUD,active,2021-06-08,,,,,,,,,,,,,,,,,,,,,,
A0064,Account,,,,,,,,,,C0064,credit_card,6767.41,AUD,active,2022-06-02,,,,,,,,,,,,,,,,,,,,,,
A0065,Account,,,,,,,,,,C0065,checking,49966.77,AUD,active,2023-03-23,,,,,,,,,,,,,,,,,,,,,,
A0066,Account,,,,,,,,,,C0066,checking,9808.72,AUD,active,2020-09-30,,,,,,,,,,,,,,,,,,,,,,
A0067,Account,,,,,,,,,,C0067,checking,135773.35,AUD,suspended,2023-08-23,,,,,,,,,,,,,,,,,,,,,,
A0068,Account,,,,,,,,,,C0068,credit_card,-3925.74,AUD,suspended,2023-10-26,,,,,,,,,,,,,,,,,,,,,,
A0069,Account,,,,,,,,,,C0069,checking,71808.47,AUD,active,2023-07-09,,,,,,,,,,,,,,,,,,,,,,
A0070,Account,,,,,,,,,,C0070,checking,113144.53,AUD,active,2022-03-12,,,,,,,,,,,,,,,,,,,,,,
A0071,Account,,,,,,,,,,C0071,credit_card,36113.36,AUD,active,2020-05-15,,,,,,,,,,,,,,,,,,,,,,
A0072,Account,,,,,,,,,,C0072,credit_card,44379.62,AUD,active,2022-11-06,,,,,,,,,,,,,,,,,,,,,,
A0073,Account,,,,,,,,,,C0073,savings,41303.83,AUD,active,2020-10-15,,,,,,,,,,,,,,,,,,,,,,
A0074,Account,,,,,,,,,,C0074,savings,58634.15,AUD,closed,2022-01-12,,,,,,,,,,,,,,,,,,,,,,
A0075,Account,,,,,,,,,,C0075,credit_card,38897.83,AUD,active,2023-12-25,,,,,,,,,,,,,,,,,,,,,,
A0076,Account,,,,,,,,,,C0076,checking,137971.47,AUD,suspended,2020-01-12,,,,,,,,,,,,,,,,,,,,,,
A0077,Account,,,,,,,,,,C0077,credit_card,-3516.85,AUD,active,2021-08-19,,,,,,,,,,,,,,,,,,,,,,
A0078,Account,,,,,,,,,,C0078,credit_card,26041.56,AUD,active,2021-11-25,,,,,,,,,,,,,,,,,,,,,,
A0079,Account,,,,,,,,,,C0079,savings,96591.07,AUD,active,2021-05-28,,,,,,,,,,,,,,,,,,,,,,
A0080,Account,,,,,,,,,,C0080,checking,27668.49,AUD,active,2022-06-24,,,,,,,,,,,,,,,,,,,,,,
A0081,Account,,,,,,,,,,C0081,checking,49439.22,AUD,active,2022-06-09,,,,,,,,,,,,,,,,,,,,,,
A0082,Account,,,,,,,,,,C0082,checking,50956.33,AUD,active,2021-02-11,,,,,,,,,,,,,,,,,,,,,,
A0083,Account,,,,,,,,,,C0083,checking,112925.47,AUD,active,2021-07-13,,,,,,,,,,,,,,,,,,,,,,
A0084,Account,,,,,,,,,,C0084,checking,125319.18,AUD,active,2021-01-03,,,,,,,,,,,,,,,,,,,,,,
A0085,Account,,,,,,,,,,C0085,savings,112479.13,AUD,active,2022-11-04,,,,,,,,,,,,,,,,,,,,,,
A0086,Account,,,,,,,,,,C0086,checking,34021.21,AUD,active,2021-12-24,,,,,,,,,,,,,,,,,,,,,,
A0087,Account,,,,,,,,,,C0087,credit_card,-2785.8,AUD,active,2020-09-06,,,,,,,,,,,,,,,,,,,,,,
A0088,Account,,,,,,,,,,C0088,savings,30304.42,AUD,active,2022-12-02,,,,,,,,,,,,,,,,,,,,,,
A0089,Account,,,,,,,,,,C0089,credit_card,3381.03,AUD,active,2023-12-05,,,,,,,,,,,,,,,,,,,,,,
A0090,Account,,,,,,,,,,C0090,checking,100584.1,AUD,suspended,2023-04-11,,,,,,,,,,,,,,,,,,,,,,
A0091,Account,,,,,,,,,,C0091,savings,70022.58,AUD,active,2022-12-09,,,,,,,,,,,,,,,,,,,,,,
A0092,Account,,,,,,,,,,C0092,checking,25584.48,AUD,suspended,2022-09-20,,,,,,,,,,,,,,,,,,,,,,
A0093,Account,,,,,,,,,,C0093,credit_card,34509.65,AUD,active,2021-07-25,,,,,,,,,,,,,,,,,,,,,,
A0094,Account,,,,,,,,,,C0094,checking,16660.76,AUD,active,2020-12-10,,,,,,,,,,,,,,,,,,,,,,
A0095,Account,,,,,,,,,,C0095,checking,86581.61,AUD,active,2020-07-27,,,,,,,,,,,,,,,,,,,,,,
A0096,Account,,,,,,,,,,C0096,checking,141249.85,AUD,active,2020-08-26,,,,,,,,,,,,,,,,,,,,,,
A0097,Account,,,,,,,,,,C0097,savings,89018.63,AUD,closed,2023-03-08,,,,,,,,,,,,,,,,,,,,,,
A0098,Account,,,,,,,,,,C0098,savings,15734.25,AUD,active,2021-08-04,,,,,,,,,,,,,,,,,,,,,,
A0099,Account,,,,,,,,,,C0099,credit_card,28022.64,AUD,active,2022-12-27,,,,,,,,,,,,,,,,,,,,,,
A0100,Account,,,,,,,,,,C0100,credit_card,38044.94,AUD,active,2023-11-19,,,,,,,,,,,,,,,,,,,,,,
A0101,Account,,,,,,,,,,C0069,checking,99397.44,AUD,active,2023-03-23,,,,,,,,,,,,,,,,,,,,,,
A0102,Account,,,,,,,,,,C0065,credit_card,13767.71,AUD,active,2023-05-31,,,,,,,,,,,,,,,,,,,,,,
A0103,Account,,,,,,,,,,C0063,savings,65311.75,AUD,active,2023-07-07,,,,,,,,,,,,,,,,,,,,,,
A0104,Account,,,,,,,,,,C0082,checking,106242.64,AUD,active,2023-03-30,,,,,,,,,,,,,,,,,,,,,,
A0105,Account,,,,,,,,,,C0023,credit_card,23696.07,AUD,closed,2022-11-23,,,,,,,,,,,,,,,,,,,,,,
A0106,Account,,,,,,,,,,C0035,credit_card,39450.96,AUD,active,2023-09-19,,,,,,,,,,,,,,,,,,,,,,
A0107,Account,,,,,,,,,,C0100,checking,69998.63,AUD,suspended,2022-03-28,,,,,,,,,,,,,,,,,,,,,,
A0108,Account,,,,,,,,,,C0035,checking,127831.12,AUD,active,2022-04-01,,,,,,,,,,,,,,,,,,,,,,
A0109,Account,,,,,,,,,,C0036,checking,36957.58,AUD,active,2021-07-17,,,,,,,,,,,,,,,,,,,,,,
A0110,Account,,,,,,,,,,C0073,credit_card,31750.37,AUD,active,2023-11-26,,,,,,,,,,,,,,,,,,,,,,
A0111,Account,,,,,,,,,,C0004,checking,127717.45,AUD,active,2020-06-24,,,,,,,,,,,,,,,,,,,,,,
A0112,Account,,,,,,,,,,C0063,savings,53546.33,AUD,active,2023-07-12,,,,,,,,,,,,,,,,,,,,,,
A0113,Account,,,,,,,,,,C0044,checking,132107.84,AUD,active,2023-11-04,,,,,,,,,,,,,,,,,,,,,,
A0114,Account,,,,,,,,,,C0072,savings,77735.77,AUD,active,2020-11-11,,,,,,,,,,,,,,,,,,,,,,
A0115,Account,,,,,,,,,,C0011,savings,108151.16,AUD,active,2022-04-14,,,,,,,,,,,,,,,,,,,,,,
A0116,Account,,,,,,,,,,C0072,savings,103746.1,AUD,closed,2020-09-13,,,,,,,,,,,,,,,,,,,,,,
A0117,Account,,,,,,,,,,C0092,checking,67502.1,AUD,active,2023-08-21,,,,,,,,,,,,,,,,,,,,,,
A0118,Account,,,,,,,,,,C0012,checking,33628.66,AUD,active,2021-11-18,,,,,,,,,,,,,,,,,,,,,,
A0119,Account,,,,,,,,,,C0040,credit_card,26985.56,AUD,active,2022-11-23,,,,,,,,,,,,,,,,,,,,,,
A0120,Account,,,,,,,,,,C0071,credit_card,13906.66,AUD,active,2023-01-19,,,,,,,,,,,,,,,,,,,,,,
A0121,Account,,,,,,,,,,C0043,checking,105576.81,AUD,active,2022-01-30,,,,,,,,,,,,,,,,,,,,,,
A0122,Account,,,,,,,,,,C0040,checking,34965.44,AUD,active,2023-10-29,,,,,,,,,,,,,,,,,,,,,,
A0123,Account,,,,,,,,,,C0041,savings,111560.72,AUD,active,2021-11-24,,,,,,,,,,,,,,,,,,,,,,
A0124,Account,,,,,,,,,,C0025,savings,110921.4,AUD,active,2021-12-06,,,,,,,,,,,,,,,,,,,,,,
A0125,Account,,,,,,,,,,C0093,credit_card,48713.39,AUD,active,2022-03-09,,,,,,,,,,,,,,,,,,,,,,
A0126,Account,,,,,,,,,,C0077,checking,147086.34,AUD,active,2021-12-11,,,,,,,,,,,,,,,,,,,,,,
A0127,Account,,,,,,,,,,C0038,savings,54451.72,AUD,active,2020-03-31,,,,,,,,,,,,,,,,,,,,,,
A0128,Account,,,,,,,,,,C0002,credit_card,24377.43,AUD,active,2021-12-20,,,,,,,,,,,,,,,,,,,,,,
A0129,Account,,,,,,,,,,C0006,savings,83227.17,AUD,active,2023-06-08,,,,,,,,,,,,,,,,,,,,,,
A0130,Account,,,,,,,,,,C0082,checking,15836.85,AUD,active,2023-01-29,,,,,,,,,,,,,,,,,,,,,,
A0131,Account,,,,,,,,,,C0074,checking,70674.84,AUD,active,2021-09-08,,,,,,,,,,,,,,,,,,,,,,
A0132,Account,,,,,,,,,,C0044,savings,144841.9,AUD,active,2023-06-23,,,,,,,,,,,,,,,,,,,,,,
A0133,Account,,,,,,,,,,C0062,savings,123406.29,AUD,active,2023-03-05,,,,,,,,,,,,,,,,,,,,,,
A0134,Account,,,,,,,,,,C0063,savings,86764.66,AUD,closed,2022-06-18,,,,,,,,,,,,,,,,,,,,,,
A0135,Account,,,,,,,,,,C0007,savings,22805.04,AUD,suspended,2020-03-12,,,,,,,,,,,,,,,,,,,,,,
A0136,Account,,,,,,,,,,C0039,savings,149090.76,AUD,active,2021-06-20,,,,,,,,,,,,,,,,,,,,,,
A0137,Account,,,,,,,,,,C0072,checking,91144.49,AUD,suspended,2020-04-10,,,,,,,,,,,,,,,,,,,,,,
A0138,Account,,,,,,,,,,C0029,credit_card,15920.79,AUD,active,2020-04-04,,,,,,,,,,,,,,,,,,,,,,
A0139,Account,,,,,,,,,,C0039,credit_card,49451.72,AUD,active,2023-12-22,,,,,,,,,,,,,,,,,,,,,,
A0140,Account,,,,,,,,,,C0073,credit_card,-1687.33,AUD,active,2020-02-20,,,,,,,,,,,,,,,,,,,,,,
A0141,Account,,,,,,,,,,C0098,savings,94014.5,AUD,active,2021-09-28,,,,,,,,,,,,,,,,,,,,,,
A0142,Account,,,,,,,,,,C0085,savings,23980.04,AUD,active,2023-04-10,,,,,,,,,,,,,,,,,,,,,,
A0143,Account,,,,,,,,,,C0071,savings,23901.63,AUD,active,2023-04-05,,,,,,,,,,,,,,,,,,,,,,
A0144,Account,,,,,,,,,,C0058,credit_card,27659.62,AUD,active,2023-02-07,,,,,,,,,,,,,,,,,,,,,,
A0145,Account,,,,,,,,,,C0005,savings,43571.68,AUD,active,2021-10-16,,,,,,,,,,,,,,,,,,,,,,
A0146,Account,,,,,,,,,,C0090,checking,11141.37,AUD,active,2023-10-17,,,,,,,,,,,,,,,,,,,,,,
A0147,Account,,,,,,,,,,C0034,credit_card,27438.43,AUD,active,2021-11-28,,,,,,,,,,,,,,,,,,,,,,
A0148,Account,,,,,,,,,,C0055,savings,81912.08,AUD,closed,2021-08-07,,,,,,,,,,,,,,,,,,,,,,
A0149,Account,,,,,,,,,,C0020,checking,124081.36,AUD,active,2022-11-27,,,,,,,,,,,,,,,,,,,,,,
A0150,Account,,,,,,,,,,C0008,savings,118997.97,AUD,suspended,2023-09-21,,,,,,,,,,,,,,,,,,,,,,
D0001,Device,,,,,,,,,,,,,,,,tablet,Linux,b4d42b3ebc794d34,IP0010,2022-04-14,,,,,,,,,,,,,,,,,
D0002,Device,,,,,,,,,,,,,,,,desktop,iOS 17,aab11b5e66264f74,IP0015,2023-10-31,,,,,,,,,,,,,,,,,
D0003,Device,,,,,,,,,,,,,,,,tablet,Windows 11,aa180c21bf584e1a,IP0013,2022-04-03,,,,,,,,,,,,,,,,,
D0004,Device,,,,,,,,,,,,,,,,desktop,Linux,1a2b2e804d0d4932,IP0018,2023-02-22,,,,,,,,,,,,,,,,,
D0005,Device,,,,,,,,,,,,,,,,desktop,macOS 14,f5e3bfa567594a80,IP0003,2023-02-15,,,,,,,,,,,,,,,,,
D0006,Device,,,,,,,,,,,,,,,,tablet,iOS 17,a39c7612d2de40d4,IP0014,2023-07-20,,,,,,,,,,,,,,,,,
D0007,Device,,,,,,,,,,,,,,,,tablet,Windows 11,0f45e024043b4bde,IP0020,2023-10-11,,,,,,,,,,,,,,,,,
D0008,Device,,,,,,,,,,,,,,,,desktop,iOS 17,c327c07d1a1f41a5,IP0003,2023-08-11,,,,,,,,,,,,,,,,,
D0009,Device,,,,,,,,,,,,,,,,mobile,Linux,85d0e8b048be4277,IP0019,2022-08-20,,,,,,,,,,,,,,,,,
D0010,Device,,,,,,,,,,,,,,,,mobile,Windows 11,ddbad55bb98247cd,IP0019,2023-06-08,,,,,,,,,,,,,,,,,
D0011,Device,,,,,,,,,,,,,,,,mobile,Android 14,9c115bc2e5c24110,IP0016,2023-02-27,,,,,,,,,,,,,,,,,
D0012,Device,,,,,,,,,,,,,,,,tablet,macOS 14,2f5f841a2ca149b3,IP0009,2023-02-18,,,,,,,,,,,,,,,,,
D0013,Device,,,,,,,,,,,,,,,,mobile,Linux,a18957eebba94085,IP0014,2023-10-02,,,,,,,,,,,,,,,,,
D0014,Device,,,,,,,,,,,,,,,,tablet,macOS 14,e419dd674fbd4808,IP0003,2022-07-12,,,,,,,,,,,,,,,,,
D0015,Device,,,,,,,,,,,,,,,,desktop,Windows 11,35b800b4f3654a7c,IP0014,2022-09-26,,,,,,,,,,,,,,,,,
D0016,Device,,,,,,,,,,,,,,,,desktop,Windows 11,d48e1dfa9067447e,IP0004,2022-08-03,,,,,,,,,,,,,,,,,
D0017,Device,,,,,,,,,,,,,,,,mobile,Windows 11,c516331e1d3d45d4,IP0014,2023-12-30,,,,,,,,,,,,,,,,,
D0018,Device,,,,,,,,,,,,,,,,tablet,macOS 14,4559c5e15b184e4e,IP0010,2023-08-18,,,,,,,,,,,,,,,,,
D0019,Device,,,,,,,,,,,,,,,,tablet,macOS 14,cfce00d5aa6e40ad,IP0018,2022-01-26,,,,,,,,,,,,,,,,,
D0020,Device,,,,,,,,,,,,,,,,mobile,macOS 14,246962356bdc410e,IP0003,2022-11-22,,,,,,,,,,,,,,,,,
D0021,Device,,,,,,,,,,,,,,,,desktop,Windows 11,90711d69618a48af,IP0011,2023-08-19,,,,,,,,,,,,,,,,,
D0022,Device,,,,,,,,,,,,,,,,mobile,macOS 14,6bc45c228f79440c,IP0017,2022-07-06,,,,,,,,,,,,,,,,,
D0023,Device,,,,,,,,,,,,,,,,mobile,Linux,f9bbe6f6d35e4eb3,IP0015,2022-02-22,,,,,,,,,,,,,,,,,
D0024,Device,,,,,,,,,,,,,,,,desktop,iOS 17,9d8c4dd4d5ee4760,IP0007,2023-04-07,,,,,,,,,,,,,,,,,
D0025,Device,,,,,,,,,,,,,,,,tablet,Windows 11,f97e0e2176b54c43,IP0020,2022-12-13,,,,,,,,,,,,,,,,,
D0026,Device,,,,,,,,,,,,,,,,desktop,macOS 14,b347c1a17363442b,IP0002,2023-06-06,,,,,,,,,,,,,,,,,
D0027,Device,,,,,,,,,,,,,,,,mobile,Windows 11,9c2f2d4476bd4ed3,IP0018,2023-11-09,,,,,,,,,,,,,,,,,
D0028,Device,,,,,,,,,,,,,,,,mobile,Windows 11,9768472f8f104959,IP0015,2022-07-10,,,,,,,,,,,,,,,,,
D0029,Device,,,,,,,,,,,,,,,,tablet,macOS 14,8aea7cbaa8b444ec,IP0004,2022-02-04,,,,,,,,,,,,,,,,,
D0030,Device,,,,,,,,,,,,,,,,mobile,Linux,f916abe14f9a4e33,IP0008,2022-12-07,,,,,,,,,,,,,,,,,
D0031,Device,,,,,,,,,,,,,,,,tablet,Android 14,d1d848b4709940ce,IP0010,2023-02-24,,,,,,,,,,,,,,,,,
D0032,Device,,,,,,,,,,,,,,,,tablet,iOS 17,06a2fde9c7544d19,IP0018,2023-08-09,,,,,,,,,,,,,,,,,
D0033,Device,,,,,,,,,,,,,,,,desktop,iOS 17,50be0e490e244724,IP0008,2022-04-19,,,,,,,,,,,,,,,,,
D0034,Device,,,,,,,,,,,,,,,,mobile,macOS 14,802bb0484ca64632,IP0009,2022-08-13,,,,,,,,,,,,,,,,,
D0035,Device,,,,,,,,,,,,,,,,tablet,Android 14,352caa5c71804e60,IP0016,2023-09-26,,,,,,,,,,,,,,,,,
D0036,Device,,,,,,,,,,,,,,,,tablet,Windows 11,ddfb182aa8304384,IP0017,2023-03-24,,,,,,,,,,,,,,,,,
D0037,Device,,,,,,,,,,,,,,,,tablet,Windows 11,e3b6d3dddd154f2a,IP0014,2023-03-25,,,,,,,,,,,,,,,,,
D0038,Device,,,,,,,,,,,,,,,,desktop,macOS 14,c5e12c112be346a4,IP0008,2023-08-24,,,,,,,,,,,,,,,,,
D0039,Device,,,,,,,,,,,,,,,,desktop,Linux,c946d9ed352245a2,IP0005,2023-09-28,,,,,,,,,,,,,,,,,
D0040,Device,,,,,,,,,,,,,,,,desktop,Android 14,ff09a5c68c35438e,IP0020,2022-07-04,,,,,,,,,,,,,,,,,
D0041,Device,,,,,,,,,,,,,,,,tablet,Android 14,b2e0020a53e94255,IP0003,2023-11-12,,,,,,,,,,,,,,,,,
D0042,Device,,,,,,,,,,,,,,,,desktop,macOS 14,37bf4bda9e8440f9,IP0011,2023-05-28,,,,,,,,,,,,,,,,,
D0043,Device,,,,,,,,,,,,,,,,tablet,Windows 11,635824a7eedf495f,IP0004,2022-06-21,,,,,,,,,,,,,,,,,
D0044,Device,,,,,,,,,,,,,,,,desktop,Windows 11,d1e13863a3e148d7,IP0019,2022-08-22,,,,,,,,,,,,,,,,,
D0045,Device,,,,,,,,,,,,,,,,tablet,macOS 14,9d1639d0d6424741,IP0005,2022-02-17,,,,,,,,,,,,,,,,,
D0046,Device,,,,,,,,,,,,,,,,desktop,Linux,e3217f06ed85458b,IP0016,2023-04-05,,,,,,,,,,,,,,,,,
D0047,Device,,,,,,,,,,,,,,,,desktop,Windows 11,364d08a4e50645f9,IP0018,2023-12-10,,,,,,,,,,,,,,,,,
D0048,Device,,,,,,,,,,,,,,,,tablet,macOS 14,9490c7393f6045e1,IP0015,2023-05-02,,,,,,,,,,,,,,,,,
D0049,Device,,,,,,,,,,,,,,,,desktop,Android 14,9ab5b4c8b90446a4,IP0008,2022-11-28,,,,,,,,,,,,,,,,,
D0050,Device,,,,,,,,,,,,,,,,tablet,macOS 14,5cdf3305e691419d,IP0008,2023-01-20,,,,,,,,,,,,,,,,,
M0001,Merchant,,,,,,,SG,,,,,,,,,,,,,,David-Powers,electronics,Singapore,1.5947,104.0252,low,2020-09-18,,,,,,,,,,
M0002,Merchant,,,,,,,SG,,,,,,,,,,,,,,Miles-Hodgson,jewelry,Singapore,1.3453,103.357,low,2022-07-31,,,,,,,,,,
M0003,Merchant,,,,,,,US,,,,,,,,,,,,,,Atkinson LLC,grocery,New York,40.3097,-73.5996,medium,2019-03-26,,,,,,,,,,
M0004,Merchant,,,,,,,AU,,,,,,,,,,,,,,Hart Group,restaurant,Sydney,-33.4991,151.68,medium,2022-07-06,,,,,,,,,,
M0005,Merchant,,,,,,,AU,,,,,,,,,,,,,,Sanchez-Harris,gaming,Melbourne,-37.5285,144.725,high,2018-09-04,,,,,,,,,,
M0006,Merchant,,,,,,,SG,,,,,,,,,,,,,,Davis-Hardy,grocery,Singapore,1.7023,104.1793,low,2018-06-11,,,,,,,,,,
M0007,Merchant,,,,,,,SG,,,,,,,,,,,,,,Nunez-Morrison,travel,Singapore,1.7224,103.3559,medium,2019-08-09,,,,,,,,,,
M0008,Merchant,,,,,,,AU,,,,,,,,,,,,,,"Davies, Brennan and Kelly",gas_station,Melbourne,-37.3126,145.2068,low,2020-07-31,,,,,,,,,,
M0009,Merchant,,,,,,,SG,,,,,,,,,,,,,,Giles Ltd,grocery,Singapore,1.2937,104.014,low,2022-01-28,,,,,,,,,,
M0010,Merchant,,,,,,,AU,,,,,,,,,,,,,,"Munoz, Harris and Herman",electronics,Sydney,-33.5739,151.0034,low,2020-09-27,,,,,,,,,,
M0011,Merchant,,,,,,,US,,,,,,,,,,,,,,Owens-Wong,jewelry,New York,40.4542,-74.0979,low,2020-03-24,,,,,,,,,,
M0012,Merchant,,,,,,,AU,,,,,,,,,,,,,,"Andrade, Owens and Lang",restaurant,Brisbane,-27.891,153.4008,low,2021-12-30,,,,,,,,,,
M0013,Merchant,,,,,,,AU,,,,,,,,,,,,,,Wood Group,gaming,Perth,-31.5372,115.5031,high,2022-10-15,,,,,,,,,,
M0014,Merchant,,,,,,,NG,,,,,,,,,,,,,,"Thomas, Green and Donovan",online_retail,Lagos,6.2753,2.8894,medium,2021-07-22,,,,,,,,,,
M0015,Merchant,,,,,,,NG,,,,,,,,,,,,,,Gonzalez and Sons,online_retail,Lagos,6.178,3.3217,medium,2022-11-07,,,,,,,,,,
M0016,Merchant,,,,,,,US,,,,,,,,,,,,,,Pierce-Harding,money_transfer,New York,40.5092,-73.548,high,2020-03-11,,,,,,,,,,
M0017,Merchant,,,,,,,UK,,,,,,,,,,,,,,"May, Henry and Jackson",gaming,London,51.8553,-0.4308,high,2019-06-11,,,,,,,,,,
M0018,Merchant,,,,,,,SG,,,,,,,,,,,,,,"Payne, White and Preston",gaming,Singapore,0.9567,103.7014,high,2018-07-03,,,,,,,,,,
M0019,Merchant,,,,,,,US,,,,,,,,,,,,,,Bryant Inc,money_transfer,New York,40.5059,-73.8107,high,2018-06-01,,,,,,,,,,
M0020,Merchant,,,,,,,AU,,,,,,,,,,,,,,Taylor-Mccoy,jewelry,Sydney,-34.3619,151.5751,low,2019-04-16,,,,,,,,,,
M0021,Merchant,,,,,,,AU,,,,,,,,,,,,,,Wagner LLC,money_transfer,Sydney,-33.6248,151.5428,high,2023-04-05,,,,,,,,,,
M0022,Merchant,,,,,,,UK,,,,,,,,,,,,,,"McDonald, Walker and Slater",gas_station,London,51.8119,-0.411,high,2018-01-22,,,,,,,,,,
M0023,Merchant,,,,,,,AU,,,,,,,,,,,,,,"Ali, Brown and Wood",money_transfer,Perth,-32.1994,116.1156,high,2020-06-10,,,,,,,,,,
M0024,Merchant,,,,,,,AU,,,,,,,,,,,,,,"Li, Craig and Drake",grocery,Brisbane,-27.6611,152.9708,low,2018-11-30,,,,,,,,,,
M0025,Merchant,,,,,,,US,,,,,,,,,,,,,,"Hernandez, Lee and Fox",restaurant,New York,41.1196,-74.1833,low,2020-04-11,,,,,,,,,,
M0026,Merchant,,,,,,,SG,,,,,,,,,,,,,,Watson Group,restaurant,Singapore,0.9822,103.8594,low,2022-10-23,,,,,,,,,,
M0027,Merchant,,,,,,,US,,,,,,,,,,,,,,"Perez, Sutton and Abbott",cryptocurrency,New York,40.7118,-74.2375,high,2018-04-10,,,,,,,,,,
M0028,Merchant,,,,,,,AU,,,,,,,,,,,,,,Gray-Tran,online_retail,Brisbane,-27.0026,152.8251,medium,2023-06-03,,,,,,,,,,
M0029,Merchant,,,,,,,US,,,,,,,,,,,,,,"Jackson, Porter and Hamilton",grocery,New York,41.1729,-74.3692,medium,2022-10-26,,,,,,,,,,
M0030,Merchant,,,,,,,AU,,,,,,,,,,,,,,"Ellison, Hall and Valenzuela",jewelry,Perth,-32.0842,116.1507,medium,2022-10-28,,,,,,,,,,
IP0001,IP_Address,,,,,,,AU,,,,,,,,,,,,,,,,,,,,,132.194.30.93,Sydney,False,False,Telstra,,,,,
IP0002,IP_Address,,,,,,,NG,,,,,,,,,,,,,,,,,,,,,170.33.177.1,Lagos,False,False,Azure,,,,,
IP0003,IP_Address,,,,,,,UK,,,,,,,,,,,,,,,,,,,,,141.66.20.30,London,False,False,DigitalOcean,,,,,
IP0004,IP_Address,,,,,,,US,,,,,,,,,,,,,,,,,,,,,57.125.174.148,New York,True,True,Telstra,,,,,
IP0005,IP_Address,,,,,,,US,,,,,,,,,,,,,,,,,,,,,143.99.229.125,New York,False,False,Optus,,,,,
IP0006,IP_Address,,,,,,,AU,,,,,,,,,,,,,,,,,,,,,186.157.135.230,Melbourne,False,False,Vodafone,,,,,
IP0007,IP_Address,,,,,,,UK,,,,,,,,,,,,,,,,,,,,,210.130.122.201,London,False,False,Telstra,,,,,
IP0008,IP_Address,,,,,,,AU,,,,,,,,,,,,,,,,,,,,,198.141.191.12,Brisbane,True,True,Vodafone,,,,,
IP0009,IP_Address,,,,,,,AU,,,,,,,,,,,,,,,,,,,,,132.221.123.164,Melbourne,True,False,Optus,,,,,
IP0010,IP_Address,,,,,,,SG,,,,,,,,,,,,,,,,,,,,,195.150.57.82,Singapore,False,False,Azure,,,,,
IP0011,IP_Address,,,,,,,SG,,,,,,,,,,,,,,,,,,,,,60.213.208.121,Singapore,False,False,Azure,,,,,
IP0012,IP_Address,,,,,,,AU,,,,,,,,,,,,,,,,,,,,,103.128.111.239,Brisbane,False,False,Azure,,,,,
IP0013,IP_Address,,,,,,,AU,,,,,,,,,,,,,,,,,,,,,56.83.28.135,Melbourne,False,False,AWS,,,,,
IP0014,IP_Address,,,,,,,SG,,,,,,,,,,,,,,,,,,,,,215.226.234.166,Singapore,False,False,TPG,,,,,
IP0015,IP_Address,,,,,,,AU,,,,,,,,,,,,,,,,,,,,,73.222.193.153,Sydney,False,False,Optus,,,,,
IP0016,IP_Address,,,,,,,NG,,,,,,,,,,,,,,,,,,,,,194.157.250.194,Lagos,False,False,Optus,,,,,
IP0017,IP_Address,,,,,,,US,,,,,,,,,,,,,,,,,,,,,134.209.186.247,New York,True,False,AWS,,,,,
IP0018,IP_Address,,,,,,,US,,,,,,,,,,,,,,,,,,,,,1.227.180.107,New York,True,True,Telstra,,,,,
IP0019,IP_Address,,,,,,,NG,,,,,,,,,,,,,,,,,,,,,133.150.71.34,Lagos,True,True,Azure,,,,,
IP0020,IP_Address,,,,,,,AU,,,,,,,,,,,,,,,,,,,,,154.29.101.81,Sydney,True,False,Optus,,,,,
T00001,Transaction,,,,,,,AU,,,,,,AUD,completed,,,,,,,,,Sydney,,,,,,,,,,A0080,M0021,64.84,2024-04-17T16:51:32.742326,online
T00002,Transaction,,,,,,,AU,,,,,,AUD,completed,,,,,,,,,Sydney,,,,,,,,,,A0097,M0021,256.6,2024-05-13T17:14:13.832630,wire
T00003,Transaction,,,,,,,UK,,,,,,AUD,completed,,,,,,,,,London,,,,,,,,,,A0109,M0017,21.19,2024-02-02T15:03:43.693117,pos
T00004,Transaction,,,,,,,SG,,,,,,AUD,completed,,,,,,,,,Singapore,,,,,,,,,,A0125,M0007,17.24,2024-01-14T23:12:18.454331,online
T00005,Transaction,,,,,,,US,,,,,,AUD,completed,,,,,,,,,New York,,,,,,,,,,A0139,M0027,93.47,2024-04-29T19:25:14.185709,wire
T00006,Transaction,,,,,,,AU,,,,,,AUD,completed,,,,,,,,,Melbourne,,,,,,,,,,A0097,M0005,615.61,2024-01-30T23:06:07.689572,mobile
T00007,Transaction,,,,,,,UK,,,,,,AUD,completed,,,,,,,,,London,,,,,,,,,,A0094,M0022,83.05,2024-05-21T20:49:43.540986,pos
T00008,Transaction,,,,,,,SG,,,,,,AUD,completed,,,,,,,,,Singapore,,,,,,,,,,A0080,M0026,4.67,2024-04-13T05:54:06.641182,mobile
T00009,Transaction,,,,,,,US,,,,,,AUD,completed,,,,,,,,,New York,,,,,,,,,,A0073,M0025,19.79,2024-06-23T21:28:07.887096,pos
T00010,Transaction,,,,,,,AU,,,,,,AUD,pending,,,,,,,,,Brisbane,,,,,,,,,,A0036,M0028,7.89,2024-06-07T05:09:50.433505,wire
T00011,Transaction,,,,,,,AU,,,,,,AUD,completed,,,,,,,,,Brisbane,,,,,,,,,,A0133,M0028,9.3,2024-04-02T22:00:15.456822,mobile
T00012,Transaction,,,,,,,US,,,,,,AUD,completed,,,,,,,,,New York,,,,,,,,,,A0057,M0027,28.37,2024-01-05T19:51:19.111853,online
T00013,Transaction,,,,,,,AU,,,,,,AUD,pending,,,,,,,,,Melbourne,,,,,,,,,,A0096,M0008,25.66,2024-02-10T15:23:46.922602,atm
T00014,Transaction,,,,,,,SG,,,,,,AUD,completed,,,,,,,,,Singapore,,,,,,,,,,A0086,M0026,168.81,2024-05-30T10:20:38.223202,mobile
T00015,Transaction,,,,,,,US,,,,,,AUD,pending,,,,,,,,,New York,,,,,,,,,,A0002,M0029,10.34,2024-05-31T03:04:46.931818,wire
T00016,Transaction,,,,,,,NG,,,,,,AUD,completed,,,,,,,,,Lagos,,,,,,,,,,A0136,M0014,10.76,2024-02-24T12:12:02.841417,online
T00017,Transaction,,,,,,,US,,,,,,AUD,completed,,,,,,,,,New York,,,,,,,,,,A0118,M0003,40.55,2024-04-03T06:47:31.819307,pos
T00018,Transaction,,,,,,,NG,,,,,,AUD,reversed,,,,,,,,,Lagos,,,,,,,,,,A0075,M0014,39.61,2024-04-30T22:43:31.937818,wire
T00019,Transaction,,,,,,,UK,,,,,,AUD,completed,,,,,,,,,London,,,,,,,,,,A0018,M0017,50.65,2024-04-01T21:06:45.093149,online
T00020,Transaction,,,,,,,SG,,,,,,AUD,completed,,,,,,,,,Singapore,,,,,,,,,,A0121,M0002,81.98,2024-05-12T15:53:44.869854,online
T00021,Transaction,,,,,,,AU,,,,,,AUD,completed,,,,,,,,,Melbourne,,,,,,,,,,A0086,M0005,4.19,2024-05-27T05:52:57.043112,pos
T00022,Transaction,,,,,,,AU,,,,,,AUD,completed,,,,,,,,,Perth,,,,,,,,,,A0119,M0023,31.37,2024-01-25T09:47:58.605780,mobile
T00023,Transaction,,,,,,,SG,,,,,,AUD,completed,,,,,,,,,Singapore,,,,,,,,,,A0052,M0002,19.1,2024-03-13T01:53:07.072440,wire
T00024,Transaction,,,,,,,US,,,,,,AUD,failed,,,,,,,,,New York,,,,,,,,,,A0010,M0025,50.58,2024-06-05T01:07:47.194890,online
T00025,Transaction,,,,,,,SG,,,,,,AUD,failed,,,,,,,,,Singapore,,,,,,,,,,A0085,M0009,9.74,2024-06-09T23:55:45.947645,mobile
T00026,Transaction,,,,,,,US,,,,,,AUD,completed,,,,,,,,,New York,,,,,,,,,,A0099,M0011,229.46,2024-03-31T01:14:29.821172,wire
T00027,Transaction,,,,,,,AU,,,,,,AUD,completed,,,,,,,,,Brisbane,,,,,,,,,,A0022,M0024,25.2,2024-06-29T02:42:23.141098,pos
T00028,Transaction,,,,,,,AU,,,,,,AUD,completed,,,,,,,,,Sydney,,,,,,,,,,A0083,M0004,12.15,2024-03-18T03:02:53.594174,mobile
T00029,Transaction,,,,,,,AU,,,,,,AUD,completed,,,,,,,,,Brisbane,,,,,,,,,,A0011,M0024,107.4,2024-06-29T15:57:58.308214,atm
T00030,Transaction,,,,,,,US,,,,,,AUD,reversed,,,,,,,,,New York,,,,,,,,,,A0015,M0003,59.95,2024-04-02T20:50:44.406794,pos
T00031,Transaction,,,,,,,AU,,,,,,AUD,completed,,,,,,,,,Brisbane,,,,,,,,,,A0037,M0028,91.16,2024-01-07T07:10:00.146744,online
T00032,Transaction,,,,,,,AU,,,,,,AUD,pending,,,,,,,,,Brisbane,,,,,,,,,,A0094,M0012,18.97,2024-04-19T12:31:54.971563,mobile
T00033,Transaction,,,,,,,NG,,,,,,AUD,completed,,,,,,,,,Lagos,,,,,,,,,,A0096,M0015,118.05,2024-04-05T19:58:25.411417,mobile
T00034,Transaction,,,,,,,AU,,,,,,AUD,completed,,,,,,,,,Melbourne,,,,,,,,,,A0072,M0008,8.67,2024-06-14T08:25:43.122909,online
T00035,Transaction,,,,,,,AU,,,,,,AUD,completed,,,,,,,,,Perth,,,,,,,,,,A0067,M0023,32.44,2024-06-03T08:40:38.659546,mobile
T00036,Transaction,,,,,,,US,,,,,,AUD,failed,,,,,,,,,New York,,,,,,,,,,A0114,M0003,86.37,2024-02-22T13:20:01.522993,atm
T00037,Transaction,,,,,,,SG,,,,,,AUD,completed,,,,,,,,,Singapore,,,,,,,,,,A0045,M0026,22.93,2024-06-27T07:24:56.818785,pos
T00038,Transaction,,,,,,,SG,,,,,,AUD,completed,,,,,,,,,Singapore,,,,,,,,,,A0127,M0001,16.95,2024-03-25T14:24:39.477179,wire
T00039,Transaction,,,,,,,US,,,,,,AUD,completed,,,,,,,,,New York,,,,,,,,,,A0023,M0003,85.62,2024-05-19T05:15:02.904580,wire
T00040,Transaction,,,,,,,AU,,,,,,AUD,failed,,,,,,,,,Sydney,,,,,,,,,,A0082,M0021,6.42,2024-04-03T15:24:42.808844,pos
T00041,Transaction,,,,,,,AU,,,,,,AUD,pending,,,,,,,,,Sydney,,,,,,,,,,A0142,M0021,72.11,2024-01-24T08:31:09.007211,wire
T00042,Transaction,,,,,,,US,,,,,,AUD,pending,,,,,,,,,New York,,,,,,,,,,A0015,M0027,13.28,2024-01-30T19:16:13.278154,atm
T00043,Transaction,,,,,,,AU,,,,,,AUD,completed,,,,,,,,,Brisbane,,,,,,,,,,A0058,M0012,224.7,2024-02-21T09:54:21.095240,online
T00044,Transaction,,,,,,,SG,,,,,,AUD,completed,,,,,,,,,Singapore,,,,,,,,,,A0142,M0009,10.95,2024-04-06T13:25:42.820730,wire
T00045,Transaction,,,,,,,AU,,,,,,AUD,completed,,,,,,,,,Melbourne,,,,,,,,,,A0149,M0005,5.46,2024-06-12T06:17:30.775893,atm
T00046,Transaction,,,,,,,SG,,,,,,AUD,completed,,,,,,,,,Singapore,,,,,,,,,,A0145,M0002,52.09,2024-05-18T19:40:11.639930,mobile
T00047,Transaction,,,,,,,US,,,,,,AUD,completed,,,,,,,,,New York,,,,,,,,,,A0008,M0016,192.91,2024-04-26T04:26:42.953008,atm
T00048,Transaction,,,,,,,AU,,,,,,AUD,completed,,,,,,,,,Sydney,,,,,,,,,,A0104,M0010,24.36,2024-01-29T14:42:05.262603,mobile
T00049,Transaction,,,,,,,US,,,,,,AUD,reversed,,,,,,,,,New York,,,,,,,,,,A0053,M0011,45.58,2024-05-10T00:34:06.142542,atm
T00050,Transaction,,,,,,,US,,,,,,AUD,completed,,,,,,,,,New York,,,,,,,,,,A0034,M0025,18.03,2024-02-27T18:14:21.877927,mobile
T00051,Transaction,,,,,,,AU,,,,,,AUD,completed,,,,,,,,,Melbourne,,,,,,,,,,A0116,M0008,15.49,2024-06-29T06:29:28.038475,mobile
T00052,Transaction,,,,,,,US,,,,,,AUD,completed,,,,,,,,,New York,,,,,,,,,,A0079,M0016,46.36,2024-02-08T22:35:14.537234,atm
T00053,Transaction,,,,,,,US,,,,,,AUD,completed,,,,,,,,,New York,,,,,,,,,,A0073,M0016,118.8,2024-05-01T17:25:46.209926,atm
T00054,Transaction,,,,,,,NG,,,,,,AUD,completed,,,,,,,,,Lagos,,,,,,,,,,A0028,M0014,11.89,2024-03-07T04:56:17.041864,mobile
T00055,Transaction,,,,,,,SG,,,,,,AUD,completed,,,,,,,,,Singapore,,,,,,,,,,A0103,M0002,39.63,2024-04-10T03:12:01.415672,online
T00056,Transaction,,,,,,,US,,,,,,AUD,completed,,,,,,,,,New York,,,,,,,,,,A0116,M0025,59.59,2024-04-22T19:21:41.103428,wire
T00057,Transaction,,,,,,,AU,,,,,,AUD,completed,,,,,,,,,Perth,,,,,,,,,,A0025,M0013,39.95,2024-01-27T02:41:50.672755,wire
T00058,Transaction,,,,,,,SG,,,,,,AUD,failed,,,,,,,,,Singapore,,,,,,,,,,A0129,M0002,17.23,2024-03-23T17:09:29.885489,wire
T00059,Transaction,,,,,,,US,,,,,,AUD,completed,,,,,,,,,New York,,,,,,,,,,A0036,M0011,121.89,2024-03-12T02:59:41.026891,wire
T00060,Transaction,,,,,,,US,,,,,,AUD,completed,,,,,,,,,New York,,,,,,,,,,A0077,M0019,4.66,2024-04-06T08:29:03.195531,wire
T00061,Transaction,,,,,,,AU,,,,,,AUD,completed,,,,,,,,,Brisbane,,,,,,,,,,A0005,M0012,22.42,2024-03-16T09:27:03.349489,atm
T00062,Transaction,,,,,,,AU,,,,,,AUD,completed,,,,,,,,,Sydney,,,,,,,,,,A0007,M0020,6.76,2024-05-21T16:56:05.779601,wire
T00063,Transaction,,,,,,,US,,,,,,AUD,completed,,,,,,,,,New York,,,,,,,,,,A0014,M0019,30.43,2024-05-10T12:49:05.650760,mobile
T00064,Transaction,,,,,,,SG,,,,,,AUD,completed,,,,,,,,,Singapore,,,,,,,,,,A0063,M0002,54.54,2024-02-04T12:46:01.632289,mobile
T00065,Transaction,,,,,,,NG,,,,,,AUD,failed,,,,,,,,,Lagos,,,,,,,,,,A0039,M0014,64.4,2024-05-20T06:28:46.844580,mobile
T00066,Transaction,,,,,,,AU,,,,,,AUD,completed,,,,,,,,,Perth,,,,,,,,,,A0016,M0023,12.94,2024-02-28T20:00:54.639168,mobile
T00067,Transaction,,,,,,,SG,,,,,,AUD,completed,,,,,,,,,Singapore,,,,,,,,,,A0081,M0006,27.72,2024-04-08T21:00:39.111838,atm
T00068,Transaction,,,,,,,AU,,,,,,AUD,completed,,,,,,,,,Melbourne,,,,,,,,,,A0050,M0008,17.31,2024-06-19T09:48:47.567687,atm
T00069,Transaction,,,,,,,AU,,,,,,AUD,completed,,,,,,,,,Perth,,,,,,,,,,A0054,M0023,61.43,2024-03-04T03:12:03.559430,atm
T00070,Transaction,,,,,,,UK,,,,,,AUD,reversed,,,,,,,,,London,,,,,,,,,,A0147,M0022,77.71,2024-03-12T09:50:56.354294,atm
T00071,Transaction,,,,,,,AU,,,,,,AUD,completed,,,,,,,,,Sydney,,,,,,,,,,A0038,M0010,118.02,2024-02-08T17:33:31.299431,wire
T00072,Transaction,,,,,,,AU,,,,,,AUD,completed,,,,,,,,,Perth,,,,,,,,,,A0144,M0023,19.53,2024-05-14T02:25:49.449845,pos
T00073,Transaction,,,,,,,AU,,,,,,AUD,completed,,,,,,,,,Melbourne,,,,,,,,,,A0136,M0008,44.69,2024-03-15T19:22:52.082809,mobile
T00074,Transaction,,,,,,,SG,,,,,,AUD,completed,,,,,,,,,Singapore,,,,,,,,,,A0036,M0001,4.35,2024-06-08T09:31:57.195147,mobile
T00075,Transaction,,,,,,,US,,,,,,AUD,completed,,,,,,,,,New York,,,,,,,,,,A0052,M0025,135.22,2024-04-26T21:46:49.999135,online
T00076,Transaction,,,,,,,SG,,,,,,AUD,completed,,,,,,,,,Singapore,,,,,,,,,,A0060,M0018,882.78,2024-01-07T18:01:24.899186,pos
T00077,Transaction,,,,,,,AU,,,,,,AUD,failed,,,,,,,,,Perth,,,,,,,,,,A0046,M0030,21.75,2024-06-18T12:37:42.194333,atm
T00078,Transaction,,,,,,,AU,,,,,,AUD,completed,,,,,,,,,Sydney,,,,,,,,,,A0003,M0010,38.73,2024-06-26T22:07:31.623901,atm
T00079,Transaction,,,,,,,UK,,,,,,AUD,completed,,,,,,,,,London,,,,,,,,,,A0140,M0017,27.01,2024-06-03T01:00:12.615778,mobile
T00080,Transaction,,,,,,,US,,,,,,AUD,completed,,,,,,,,,New York,,,,,,,,,,A0029,M0011,9.17,2024-02-16T13:33:31.102981,pos
T00081,Transaction,,,,,,,SG,,,,,,AUD,failed,,,,,,,,,Singapore,,,,,,,,,,A0087,M0026,9.06,2024-02-04T23:05:33.481899,wire
T00082,Transaction,,,,,,,US,,,,,,AUD,completed,,,,,,,,,New York,,,,,,,,,,A0104,M0027,26.54,2024-03-13T13:13:10.644065,online
T00083,Transaction,,,,,,,US,,,,,,AUD,completed,,,,,,,,,New York,,,,,,,,,,A0036,M0016,20.43,2024-02-17T04:51:04.476860,pos
T00084,Transaction,,,,,,,US,,,,,,AUD,completed,,,,,,,,,New York,,,,,,,,,,A0069,M0011,7.6,2024-01-03T01:40:36.585622,atm
T00085,Transaction,,,,,,,UK,,,,,,AUD,pending,,,,,,,,,London,,,,,,,,,,A0016,M0022,10.66,2024-03-14T09:07:47.160245,wire
T00086,Transaction,,,,,,,AU,,,,,,AUD,completed,,,,,,,,,Perth,,,,,,,,,,A0080,M0023,11.08,2024-02-09T15:53:40.712867,pos
T00087,Transaction,,,,,,,AU,,,,,,AUD,completed,,,,,,,,,Brisbane,,,,,,,,,,A0117,M0024,165.11,2024-05-07T01:13:49.862859,mobile
T00088,Transaction,,,,,,,US,,,,,,AUD,completed,,,,,,,,,New York,,,,,,,,,,A0056,M0025,3.98,2024-06-07T00:53:55.298655,online
T00089,Transaction,,,,,,,AU,,,,,,AUD,pending,,,,,,,,,Perth,,,,,,,,,,A0136,M0023,1.06,2024-01-21T07:26:05.965576,wire
T00090,Transaction,,,,,,,US,,,,,,AUD,completed,,,,,,,,,New York,,,,,,,,,,A0052,M0019,36.25,2024-06-03T15:53:13.978045,mobile
T00091,Transaction,,,,,,,AU,,,,,,AUD,completed,,,,,,,,,Perth,,,,,,,,,,A0053,M0023,39.98,2024-04-02T09:04:13.936507,online
T00092,Transaction,,,,,,,NG,,,,,,AUD,completed,,,,,,,,,Lagos,,,,,,,,,,A0132,M0014,30.13,2024-03-24T16:34:16.896468,atm
T00093,Transaction,,,,,,,SG,,,,,,AUD,completed,,,,,,,,,Singapore,,,,,,,,,,A0102,M0009,429.59,2024-04-14T16:11:02.887499,online
T00094,Transaction,,,,,,,SG,,,,,,AUD,completed,,,,,,,,,Singapore,,,,,,,,,,A0017,M0018,6.48,2024-05-19T04:24:52.703506,mobile
T00095,Transaction,,,,,,,NG,,,,,,AUD,completed,,,,,,,,,Lagos,,,,,,,,,,A0098,M0015,14.78,2024-04-29T18:49:36.428221,wire
T00096,Transaction,,,,,,,AU,,,,,,AUD,completed,,,,,,,,,Sydney,,,,,,,,,,A0090,M0004,7.92,2024-04-05T17:17:31.170405,pos
T00097,Transaction,,,,,,,AU,,,,,,AUD,completed,,,,,,,,,Sydney,,,,,,,,,,A0006,M0010,25.25,2024-03-17T18:24:43.780183,mobile
T00098,Transaction,,,,,,,NG,,,,,,AUD,completed,,,,,,,,,Lagos,,,,,,,,,,A0064,M0015,21.39,2024-06-18T16:06:38.191575,online
T00099,Transaction,,,,,,,AU,,,,,,AUD,completed,,,,,,,,,Sydney,,,,,,,,,,A0108,M0020,65.26,2024-01-09T19:26:59.782138,online
T00100,Transaction,,,,,,,SG,,,,,,AUD,completed,,,,,,,,,Singapore,,,,,,,,,,A0060,M0018,5.26,2024-02-22T08:33:37.557653,wire
T00101,Transaction,,,,,,,AU,,,,,,AUD,completed,,,,,,,,,Melbourne,,,,,,,,,,A0083,M0008,20.57,2024-04-29T11:57:45.968522,pos
T00102,Transaction,,,,,,,SG,,,,,,AUD,completed,,,,,,,,,Singapore,,,,,,,,,,A0071,M0002,44.08,2024-05-13T01:45:41.050455,pos
T00103,Transaction,,,,,,,SG,,,,,,AUD,completed,,,,,,,,,Singapore,,,,,,,,,,A0110,M0018,23.92,2024-06-19T10:15:04.911515,mobile
T00104,Transaction,,,,,,,AU,,,,,,AUD,completed,,,,,,,,,Perth,,,,,,,,,,A0082,M0023,27.05,2024-03-09T03:20:35.011950,wire
T00105,Transaction,,,,,,,AU,,,,,,AUD,completed,,,,,,,,,Sydney,,,,,,,,,,A0058,M0010,78.27,2024-03-24T19:22:52.654303,online
T00106,Transaction,,,,,,,SG,,,,,,AUD,completed,,,,,,,,,Singapore,,,,,,,,,,A0107,M0018,36.63,2024-02-16T03:42:03.904269,atm
T00107,Transaction,,,,,,,AU,,,,,,AUD,completed,,,,,,,,,Brisbane,,,,,,,,,,A0116,M0028,18.7,2024-05-30T02:56:27.250707,online
T00108,Transaction,,,,,,,AU,,,,,,AUD,failed,,,,,,,,,Brisbane,,,,,,,,,,A0011,M0028,57.33,2024-02-09T06:43:11.172762,pos
T00109,Transaction,,,,,,,AU,,,,,,AUD,completed,,,,,,,,,Sydney,,,,,,,,,,A0086,M0010,31.27,2024-04-19T09:31:12.950538,pos
T00110,Transaction,,,,,,,SG,,,,,,AUD,completed,,,,,,,,,Singapore,,,,,,,,,,A0062,M0018,19.84,2024-03-25T09:23:31.206888,atm
T00111,Transaction,,,,,,,UK,,,,,,AUD,completed,,,,,,,,,London,,,,,,,,,,A0093,M0017,144.86,2024-05-25T07:26:07.458670,mobile
T00112,Transaction,,,,,,,AU,,,,,,AUD,completed,,,,,,,,,Perth,,,,,,,,,,A0082,M0030,13.61,2024-01-09T06:35:16.461708,pos
T00113,Transaction,,,,,,,SG,,,,,,AUD,completed,,,,,,,,,Singapore,,,,,,,,,,A0005,M0009,43.11,2024-05-10T07:43:54.687297,atm
T00114,Transaction,,,,,,,AU,,,,,,AUD,completed,,,,,,,,,Melbourne,,,,,,,,,,A0085,M0008,7.5,2024-03-31T08:57:56.301884,atm
T00115,Transaction,,,,,,,AU,,,,,,AUD,completed,,,,,,,,,Brisbane,,,,,,,,,,A0126,M0024,58.71,2024-01-31T10:48:25.048849,atm
T00116,Transaction,,,,,,,US,,,,,,AUD,completed,,,,,,,,,New York,,,,,,,,,,A0140,M0016,44.98,2024-01-14T10:53:28.706311,online
T00117,Transaction,,,,,,,AU,,,,,,AUD,completed,,,,,,,,,Melbourne,,,,,,,,,,A0106,M0005,82.89,2024-05-07T23:56:40.505020,online
T00118,Transaction,,,,,,,AU,,,,,,AUD,completed,,,,,,,,,Brisbane,,,,,,,,,,A0117,M0012,37.06,2024-01-04T00:39:30.186669,atm
T00119,Transaction,,,,,,,SG,,,,,,AUD,completed,,,,,,,,,Singapore,,,,,,,,,,A0074,M0001,33.62,2024-03-18T22:24:36.066559,pos
T00120,Transaction,,,,,,,UK,,,,,,AUD,completed,,,,,,,,,London,,,,,,,,,,A0025,M0017,13.54,2024-04-05T06:55:29.282083,atm
T00121,Transaction,,,,,,,US,,,,,,AUD,completed,,,,,,,,,New York,,,,,,,,,,A0102,M0003,21.33,2024-04-12T06:22:10.129994,pos
T00122,Transaction,,,,,,,AU,,,,,,AUD,completed,,,,,,,,,Sydney,,,,,,,,,,A0021,M0021,6.55,2024-03-09T06:25:28.579785,mobile
T00123,Transaction,,,,,,,AU,,,,,,AUD,completed,,,,,,,,,Perth,,,,,,,,,,A0003,M0023,8.56,2024-03-19T12:54:12.701394,atm
T00124,Transaction,,,,,,,US,,,,,,AUD,completed,,,,,,,,,New York,,,,,,,,,,A0025,M0029,35.18,2024-02-08T06:23:44.486745,wire
T00125,Transaction,,,,,,,AU,,,,,,AUD,completed,,,,,,,,,Perth,,,,,,,,,,A0012,M0030,217.74,2024-01-06T22:55:31.198752,atm
T00126,Transaction,,,,,,,US,,,,,,AUD,completed,,,,,,,,,New York,,,,,,,,,,A0054,M0019,12.84,2024-04-12T13:43:37.473625,mobile
T00127,Transaction,,,,,,,US,,,,,,AUD,completed,,,,,,,,,New York,,,,,,,,,,A0139,M0011,13.21,2024-05-23T01:55:25.256126,online
T00128,Transaction,,,,,,,SG,,,,,,AUD,completed,,,,,,,,,Singapore,,,,,,,,,,A0089,M0002,11.26,2024-01-14T18:13:23.747093,wire
T00129,Transaction,,,,,,,US,,,,,,AUD,completed,,,,,,,,,New York,,,,,,,,,,A0102,M0025,12.47,2024-05-21T19:43:59.216632,mobile
T00130,Transaction,,,,,,,SG,,,,,,AUD,completed,,,,,,,,,Singapore,,,,,,,,,,A0092,M0018,163.76,2024-05-03T00:35:40.068726,mobile
T00131,Transaction,,,,,,,SG,,,,,,AUD,completed,,,,,,,,,Singapore,,,,,,,,,,A0076,M0026,18.85,2024-02-18T12:04:13.807942,mobile
T00132,Transaction,,,,,,,AU,,,,,,AUD,completed,,,,,,,,,Brisbane,,,,,,,,,,A0040,M0024,23.21,2024-01-17T13:33:53.072123,atm
T00133,Transaction,,,,,,,AU,,,,,,AUD,completed,,,,,,,,,Sydney,,,,,,,,,,A0070,M0004,13.05,2024-03-22T05:46:36.958732,wire
T00134,Transaction,,,,,,,SG,,,,,,AUD,failed,,,,,,,,,Singapore,,,,,,,,,,A0027,M0001,4.98,2024-04-18T01:02:24.965402,atm
T00135,Transaction,,,,,,,AU,,,,,,AUD,pending,,,,,,,,,Sydney,,,,,,,,,,A0004,M0010,14.83,2024-05-11T04:43:17.970554,wire
T00136,Transaction,,,,,,,US,,,,,,AUD,completed,,,,,,,,,New York,,,,,,,,,,A0063,M0019,38.02,2024-01-31T16:18:56.092842,atm
T00137,Transaction,,,,,,,AU,,,,,,AUD,completed,,,,,,,,,Melbourne,,,,,,,,,,A0127,M0005,6.75,2024-03-17T05:16:06.830299,mobile
T00138,Transaction,,,,,,,SG,,,,,,AUD,completed,,,,,,,,,Singapore,,,,,,,,,,A0093,M0009,32.38,2024-03-23T20:57:03.360032,pos
T00139,Transaction,,,,,,,US,,,,,,AUD,completed,,,,,,,,,New York,,,,,,,,,,A0102,M0011,102.93,2024-06-05T01:23:22.059948,mobile
T00140,Transaction,,,,,,,AU,,,,,,AUD,completed,,,,,,,,,Sydney,,,,,,,,,,A0035,M0010,13.49,2024-06-23T14:06:43.785806,atm
T00141,Transaction,,,,,,,US,,,,,,AUD,completed,,,,,,,,,New York,,,,,,,,,,A0126,M0019,78.34,2024-02-20T17:37:25.810466,mobile
T00142,Transaction,,,,,,,SG,,,,,,AUD,completed,,,,,,,,,Singapore,,,,,,,,,,A0145,M0007,50.29,2024-05-03T09:21:34.841942,wire
T00143,Transaction,,,,,,,AU,,,,,,AUD,completed,,,,,,,,,Perth,,,,,,,,,,A0119,M0023,1.73,2024-05-30T11:05:17.437336,online
T00144,Transaction,,,,,,,UK,,,,,,AUD,completed,,,,,,,,,London,,,,,,,,,,A0105,M0022,32.99,2024-02-13T19:20:23.828503,pos
T00145,Transaction,,,,,,,US,,,,,,AUD,completed,,,,,,,,,New York,,,,,,,,,,A0097,M0003,25.51,2024-04-15T09:16:04.870113,wire
T00146,Transaction,,,,,,,SG,,,,,,AUD,completed,,,,,,,,,Singapore,,,,,,,,,,A0108,M0018,302.3,2024-04-17T11:33:13.802161,online
T00147,Transaction,,,,,,,UK,,,,,,AUD,reversed,,,,,,,,,London,,,,,,,,,,A0064,M0022,49.73,2024-04-20T21:28:22.107536,wire
T00148,Transaction,,,,,,,US,,,,,,AUD,completed,,,,,,,,,New York,,,,,,,,,,A0103,M0025,6.04,2024-01-20T04:13:23.275837,online
T00149,Transaction,,,,,,,AU,,,,,,AUD,completed,,,,,,,,,Brisbane,,,,,,,,,,A0131,M0024,36.32,2024-04-14T02:49:21.252312,mobile
T00150,Transaction,,,,,,,US,,,,,,AUD,completed,,,,,,,,,New York,,,,,,,,,,A0119,M0025,109.3,2024-01-28T06:50:09.552094,online
T00151,Transaction,,,,,,,NG,,,,,,AUD,completed,,,,,,,,,Lagos,,,,,,,,,,A0076,M0014,414.7,2024-03-04T01:08:22.796464,atm
T00152,Transaction,,,,,,,UK,,,,,,AUD,completed,,,,,,,,,London,,,,,,,,,,A0053,M0017,30.97,2024-03-20T07:23:34.209089,mobile
T00153,Transaction,,,,,,,SG,,,,,,AUD,completed,,,,,,,,,Singapore,,,,,,,,,,A0077,M0002,68.14,2024-06-02T16:50:16.637841,online
T00154,Transaction,,,,,,,AU,,,,,,AUD,completed,,,,,,,,,Perth,,,,,,,,,,A0043,M0030,14.91,2024-04-11T07:59:01.858617,mobile
T00155,Transaction,,,,,,,AU,,,,,,AUD,completed,,,,,,,,,Sydney,,,,,,,,,,A0104,M0021,5.44,2024-03-19T05:11:31.420870,online
T00156,Transaction,,,,,,,NG,,,,,,AUD,completed,,,,,,,,,Lagos,,,,,,,,,,A0051,M0015,45.18,2024-05-07T13:22:17.456625,pos
T00157,Transaction,,,,,,,US,,,,,,AUD,completed,,,,,,,,,New York,,,,,,,,,,A0017,M0019,12.73,2024-03-23T19:35:56.522629,atm
T00158,Transaction,,,,,,,UK,,,,,,AUD,completed,,,,,,,,,London,,,,,,,,,,A0126,M0017,133.88,2024-03-11T08:14:56.217858,mobile
T00159,Transaction,,,,,,,AU,,,,,,AUD,pending,,,,,,,,,Brisbane,,,,,,,,,,A0090,M0012,212.5,2024-05-27T06:52:44.315434,atm
T00160,Transaction,,,,,,,UK,,,,,,AUD,completed,,,,,,,,,London,,,,,,,,,,A0022,M0022,20.28,2024-05-05T12:17:18.013978,wire
T00161,Transaction,,,,,,,US,,,,,,AUD,completed,,,,,,,,,New York,,,,,,,,,,A0036,M0019,24.68,2024-04-25T00:37:08.879170,pos
T00162,Transaction,,,,,,,AU,,,,,,AUD,failed,,,,,,,,,Sydney,,,,,,,,,,A0126,M0010,11.24,2024-03-22T15:08:53.580924,online
T00163,Transaction,,,,,,,US,,,,,,AUD,completed,,,,,,,,,New York,,,,,,,,,,A0003,M0016,228.31,2024-03-30T14:08:56.468874,mobile
T00164,Transaction,,,,,,,US,,,,,,AUD,completed,,,,,,,,,New York,,,,,,,,,,A0114,M0016,6.85,2024-05-24T01:18:23.703959,pos
T00165,Transaction,,,,,,,AU,,,,,,AUD,completed,,,,,,,,,Melbourne,,,,,,,,,,A0071,M0008,36.35,2024-03-23T18:36:14.782737,mobile
T00166,Transaction,,,,,,,US,,,,,,AUD,completed,,,,,,,,,New York,,,,,,,,,,A0029,M0019,94.74,2024-05-28T21:25:18.733249,online
T00167,Transaction,,,,,,,SG,,,,,,AUD,completed,,,,,,,,,Singapore,,,,,,,,,,A0113,M0018,12.09,2024-05-13T05:08:05.649074,pos
T00168,Transaction,,,,,,,NG,,,,,,AUD,completed,,,,,,,,,Lagos,,,,,,,,,,A0009,M0015,3.4,2024-05-04T17:35:46.688689,wire
T00169,Transaction,,,,,,,AU,,,,,,AUD,completed,,,,,,,,,Sydney,,,,,,,,,,A0043,M0020,12.99,2024-02-07T10:57:33.044204,online
T00170,Transaction,,,,,,,SG,,,,,,AUD,completed,,,,,,,,,Singapore,,,,,,,,,,A0137,M0009,42.09,2024-06-26T04:46:36.045892,atm
T00171,Transaction,,,,,,,AU,,,,,,AUD,reversed,,,,,,,,,Brisbane,,,,,,,,,,A0069,M0028,44.58,2024-05-27T13:08:45.078401,pos
T00172,Transaction,,,,,,,AU,,,,,,AUD,completed,,,,,,,,,Perth,,,,,,,,,,A0106,M0030,9.44,2024-04-28T17:12:48.341067,pos
T00173,Transaction,,,,,,,US,,,,,,AUD,completed,,,,,,,,,New York,,,,,,,,,,A0083,M0027,25.6,2024-04-24T11:09:15.162530,mobile
T00174,Transaction,,,,,,,AU,,,,,,AUD,completed,,,,,,,,,Sydney,,,,,,,,,,A0020,M0021,456.73,2024-03-13T21:59:01.533203,atm
T00175,Transaction,,,,,,,NG,,,,,,AUD,completed,,,,,,,,,Lagos,,,,,,,,,,A0095,M0015,131.35,2024-01-01T10:44:35.094684,online
T00176,Transaction,,,,,,,AU,,,,,,AUD,completed,,,,,,,,,Sydney,,,,,,,,,,A0118,M0021,56.07,2024-01-12T11:06:30.600883,wire
T00177,Transaction,,,,,,,US,,,,,,AUD,completed,,,,,,,,,New York,,,,,,,,,,A0110,M0027,14.72,2024-05-29T22:19:28.820856,atm
T00178,Transaction,,,,,,,US,,,,,,AUD,completed,,,,,,,,,New York,,,,,,,,,,A0034,M0019,1.29,2024-06-07T15:55:43.830326,online
T00179,Transaction,,,,,,,US,,,,,,AUD,completed,,,,,,,,,New York,,,,,,,,,,A0065,M0003,2.13,2024-01-30T23:02:27.397925,mobile
T00180,Transaction,,,,,,,NG,,,,,,AUD,completed,,,,,,,,,Lagos,,,,,,,,,,A0060,M0014,97.54,2024-01-01T04:43:08.051653,mobile
T00181,Transaction,,,,,,,UK,,,,,,AUD,completed,,,,,,,,,London,,,,,,,,,,A0058,M0017,299.36,2024-06-27T20:32:41.736166,mobile
T00182,Transaction,,,,,,,US,,,,,,AUD,completed,,,,,,,,,New York,,,,,,,,,,A0123,M0003,17.94,2024-05-25T21:04:35.350131,online
T00183,Transaction,,,,,,,AU,,,,,,AUD,completed,,,,,,,,,Melbourne,,,,,,,,,,A0077,M0005,9.08,2024-06-07T06:48:58.504665,pos
T00184,Transaction,,,,,,,SG,,,,,,AUD,completed,,,,,,,,,Singapore,,,,,,,,,,A0145,M0001,43.45,2024-03-04T13:33:34.022101,pos
T00185,Transaction,,,,,,,AU,,,,,,AUD,failed,,,,,,,,,Perth,,,,,,,,,,A0039,M0030,18.54,2024-06-04T15:40:37.944738,online
T00186,Transaction,,,,,,,US,,,,,,AUD,completed,,,,,,,,,New York,,,,,,,,,,A0036,M0025,19.38,2024-05-23T04:26:13.258480,pos
T00187,Transaction,,,,,,,AU,,,,,,AUD,completed,,,,,,,,,Melbourne,,,,,,,,,,A0022,M0008,43.59,2024-04-19T23:23:03.918081,online
T00188,Transaction,,,,,,,SG,,,,,,AUD,completed,,,,,,,,,Singapore,,,,,,,,,,A0078,M0007,35.68,2024-05-15T08:37:57.995121,atm
T00189,Transaction,,,,,,,US,,,,,,AUD,completed,,,,,,,,,New York,,,,,,,,,,A0062,M0016,24.3,2024-04-25T11:49:46.707652,online
T00190,Transaction,,,,,,,AU,,,,,,AUD,completed,,,,,,,,,Brisbane,,,,,,,,,,A0004,M0012,185.1,2024-03-07T03:21:06.259004,pos
T00191,Transaction,,,,,,,SG,,,,,,AUD,pending,,,,,,,,,Singapore,,,,,,,,,,A0019,M0001,39.74,2024-02-09T01:11:14.369708,online
T00192,Transaction,,,,,,,UK,,,,,,AUD,completed,,,,,,,,,London,,,,,,,,,,A0102,M0017,7.17,2024-05-18T20:19:33.034411,mobile
T00193,Transaction,,,,,,,AU,,,,,,AUD,completed,,,,,,,,,Sydney,,,,,,,,,,A0022,M0021,40.29,2024-02-20T05:19:11.438511,atm
T00194,Transaction,,,,,,,SG,,,,,,AUD,completed,,,,,,,,,Singapore,,,,,,,,,,A0053,M0026,11.54,2024-04-16T03:28:58.930054,online
T00195,Transaction,,,,,,,AU,,,,,,AUD,completed,,,,,,,,,Brisbane,,,,,,,,,,A0112,M0024,112.84,2024-02-14T06:01:12.180565,mobile
T00196,Transaction,,,,,,,AU,,,,,,AUD,completed,,,,,,,,,Sydney,,,,,,,,,,A0015,M0010,90.0,2024-02-01T19:00:20.899528,online
T00197,Transaction,,,,,,,SG,,,,,,AUD,completed,,,,,,,,,Singapore,,,,,,,,,,A0003,M0006,32.74,2024-04-03T14:48:57.699329,atm
T00198,Transaction,,,,,,,AU,,,,,,AUD,completed,,,,,,,,,Brisbane,,,,,,,,,,A0033,M0024,73.07,2024-06-09T10:35:08.578728,online
T00199,Transaction,,,,,,,SG,,,,,,AUD,completed,,,,,,,,,Singapore,,,,,,,,,,A0110,M0009,35.4,2024-06-25T11:37:11.111910,online
T00200,Transaction,,,,,,,AU,,,,,,AUD,completed,,,,,,,,,Brisbane,,,,,,,,,,A0131,M0012,14.68,2024-05-19T23:20:27.502630,wire
T00201,Transaction,,,,,,,AU,,,,,,AUD,pending,,,,,,,,,Melbourne,,,,,,,,,,A0030,M0008,7.62,2024-06-15T13:27:50.805394,pos
T00202,Transaction,,,,,,,SG,,,,,,AUD,completed,,,,,,,,,Singapore,,,,,,,,,,A0010,M0018,293.53,2024-04-28T16:22:30.399481,pos
T00203,Transaction,,,,,,,AU,,,,,,AUD,completed,,,,,,,,,Perth,,,,,,,,,,A0107,M0030,61.7,2024-01-15T02:20:29.154971,atm
T00204,Transaction,,,,,,,SG,,,,,,AUD,completed,,,,,,,,,Singapore,,,,,,,,,,A0014,M0006,10.21,2024-01-09T07:30:49.773016,mobile
T00205,Transaction,,,,,,,AU,,,,,,AUD,completed,,,,,,,,,Brisbane,,,,,,,,,,A0120,M0028,1.84,2024-02-29T05:47:42.734322,wire
T00206,Transaction,,,,,,,SG,,,,,,AUD,completed,,,,,,,,,Singapore,,,,,,,,,,A0095,M0007,4.52,2024-05-13T20:43:05.110932,pos
T00207,Transaction,,,,,,,US,,,,,,AUD,completed,,,,,,,,,New York,,,,,,,,,,A0127,M0025,276.68,2024-04-08T22:15:12.059628,pos
T00208,Transaction,,,,,,,SG,,,,,,AUD,reversed,,,,,,,,,Singapore,,,,,,,,,,A0105,M0001,14.28,2024-05-31T23:06:34.149445,online
T00209,Transaction,,,,,,,US,,,,,,AUD,completed,,,,,,,,,New York,,,,,,,,,,A0001,M0025,282.78,2024-05-11T15:01:19.666538,online
T00210,Transaction,,,,,,,NG,,,,,,AUD,completed,,,,,,,,,Lagos,,,,,,,,,,A0061,M0014,32.54,2024-06-29T10:47:27.849650,atm
T00211,Transaction,,,,,,,US,,,,,,AUD,reversed,,,,,,,,,New York,,,,,,,,,,A0060,M0029,111.25,2024-06-11T02:23:26.059083,mobile
T00212,Transaction,,,,,,,US,,,,,,AUD,completed,,,,,,,,,New York,,,,,,,,,,A0022,M0019,42.4,2024-06-23T12:33:51.067580,pos
T00213,Transaction,,,,,,,AU,,,,,,AUD,completed,,,,,,,,,Perth,,,,,,,,,,A0081,M0030,262.24,2024-05-13T02:22:22.303166,atm
T00214,Transaction,,,,,,,US,,,,,,AUD,completed,,,,,,,,,New York,,,,,,,,,,A0060,M0003,61.82,2024-01-20T02:58:38.159206,mobile
T00215,Transaction,,,,,,,AU,,,,,,AUD,completed,,,,,,,,,Sydney,,,,,,,,,,A0105,M0004,268.05,2024-02-07T13:58:18.350585,atm
T00216,Transaction,,,,,,,US,,,,,,AUD,completed,,,,,,,,,New York,,,,,,,,,,A0031,M0003,3.51,2024-05-29T13:49:25.580675,wire
T00217,Transaction,,,,,,,AU,,,,,,AUD,completed,,,,,,,,,Melbourne,,,,,,,,,,A0084,M0005,10.81,2024-03-05T09:20:47.507678,wire
T00218,Transaction,,,,,,,SG,,,,,,AUD,completed,,,,,,,,,Singapore,,,,,,,,,,A0077,M0009,73.53,2024-06-21T07:54:27.576152,mobile
T00219,Transaction,,,,,,,AU,,,,,,AUD,completed,,,,,,,,,Melbourne,,,,,,,,,,A0141,M0008,65.92,2024-01-12T03:53:27.374788,pos
T00220,Transaction,,,,,,,AU,,,,,,AUD,completed,,,,,,,,,Brisbane,,,,,,,,,,A0103,M0012,4.18,2024-06-15T01:18:35.129111,online
T00221,Transaction,,,,,,,SG,,,,,,AUD,completed,,,,,,,,,Singapore,,,,,,,,,,A0017,M0007,146.75,2024-01-24T07:28:13.759835,atm
T00222,Transaction,,,,,,,SG,,,,,,AUD,completed,,,,,,,,,Singapore,,,,,,,,,,A0119,M0002,6.66,2024-05-28T17:24:04.983322,mobile
T00223,Transaction,,,,,,,UK,,,,,,AUD,completed,,,,,,,,,London,,,,,,,,,,A0098,M0022,26.21,2024-06-13T09:40:24.649491,atm
T00224,Transaction,,,,,,,SG,,,,,,AUD,completed,,,,,,,,,Singapore,,,,,,,,,,A0039,M0002,61.15,2024-04-27T03:46:38.537974,mobile
T00225,Transaction,,,,,,,US,,,,,,AUD,completed,,,,,,,,,New York,,,,,,,,,,A0141,M0016,9.44,2024-01-25T20:09:11.730318,pos
T00226,Transaction,,,,,,,AU,,,,,,AUD,completed,,,,,,,,,Melbourne,,,,,,,,,,A0135,M0008,129.11,2024-05-23T20:48:43.506890,mobile
T00227,Transaction,,,,,,,US,,,,,,AUD,completed,,,,,,,,,New York,,,,,,,,,,A0092,M0016,39.56,2024-06-14T04:40:08.256372,wire
T00228,Transaction,,,,,,,SG,,,,,,AUD,completed,,,,,,,,,Singapore,,,,,,,,,,A0070,M0006,3.14,2024-03-26T08:59:49.091237,atm
T00229,Transaction,,,,,,,SG,,,,,,AUD,completed,,,,,,,,,Singapore,,,,,,,,,,A0060,M0006,3.01,2024-02-18T05:47:35.853466,online
T00230,Transaction,,,,,,,US,,,,,,AUD,completed,,,,,,,,,New York,,,,,,,,,,A0057,M0019,5.16,2024-06-01T23:38:22.559565,pos
T00231,Transaction,,,,,,,SG,,,,,,AUD,pending,,,,,,,,,Singapore,,,,,,,,,,A0082,M0026,71.12,2024-04-17T01:44:50.919396,atm
T00232,Transaction,,,,,,,AU,,,,,,AUD,completed,,,,,,,,,Melbourne,,,,,,,,,,A0145,M0005,38.86,2024-06-27T19:53:56.320792,mobile
T00233,Transaction,,,,,,,US,,,,,,AUD,pending,,,,,,,,,New York,,,,,,,,,,A0045,M0016,41.0,2024-03-27T12:23:02.992538,atm
T00234,Transaction,,,,,,,SG,,,,,,AUD,completed,,,,,,,,,Singapore,,,,,,,,,,A0052,M0026,2.25,2024-06-15T07:11:01.464225,atm
T00235,Transaction,,,,,,,US,,,,,,AUD,failed,,,,,,,,,New York,,,,,,,,,,A0038,M0019,54.11,2024-01-21T01:50:20.585913,wire
T00236,Transaction,,,,,,,AU,,,,,,AUD,completed,,,,,,,,,Brisbane,,,,,,,,,,A0019,M0012,115.16,2024-04-16T01:39:22.985343,atm
T00237,Transaction,,,,,,,SG,,,,,,AUD,completed,,,,,,,,,Singapore,,,,,,,,,,A0035,M0006,77.43,2024-04-25T16:58:17.280759,mobile
T00238,Transaction,,,,,,,AU,,,,,,AUD,completed,,,,,,,,,Perth,,,,,,,,,,A0045,M0023,8.28,2024-02-01T17:43:38.930439,atm
T00239,Transaction,,,,,,,AU,,,,,,AUD,completed,,,,,,,,,Melbourne,,,,,,,,,,A0076,M0005,87.67,2024-06-02T23:41:17.729823,wire
T00240,Transaction,,,,,,,AU,,,,,,AUD,pending,,,,,,,,,Perth,,,,,,,,,,A0082,M0030,170.01,2024-04-25T18:37:32.091499,online
T00241,Transaction,,,,,,,US,,,,,,AUD,completed,,,,,,,,,New York,,,,,,,,,,A0037,M0011,64.25,2024-06-26T19:27:25.995819,pos
T00242,Transaction,,,,,,,US,,,,,,AUD,completed,,,,,,,,,New York,,,,,,,,,,A0023,M0027,109.07,2024-06-09T11:37:22.332382,mobile
T00243,Transaction,,,,,,,AU,,,,,,AUD,completed,,,,,,,,,Melbourne,,,,,,,,,,A0054,M0008,61.09,2024-05-22T10:48:53.663248,online
T00244,Transaction,,,,,,,AU,,,,,,AUD,completed,,,,,,,,,Brisbane,,,,,,,,,,A0113,M0024,27.16,2024-03-15T22:29:57.288768,mobile
T00245,Transaction,,,,,,,AU,,,,,,AUD,completed,,,,,,,,,Sydney,,,,,,,,,,A0097,M0004,64.37,2024-02-10T19:55:52.925918,mobile
T00246,Transaction,,,,,,,AU,,,,,,AUD,completed,,,,,,,,,Sydney,,,,,,,,,,A0009,M0010,9.62,2024-06-09T17:10:24.337336,pos
T00247,Transaction,,,,,,,US,,,,,,AUD,completed,,,,,,,,,New York,,,,,,,,,,A0141,M0029,146.42,2024-06-27T08:02:21.764447,mobile
T00248,Transaction,,,,,,,AU,,,,,,AUD,completed,,,,,,,,,Sydney,,,,,,,,,,A0111,M0021,15.67,2024-05-06T04:37:20.932821,wire
T00249,Transaction,,,,,,,AU,,,,,,AUD,completed,,,,,,,,,Sydney,,,,,,,,,,A0073,M0010,83.31,2024-01-28T19:11:40.831946,atm
T00250,Transaction,,,,,,,AU,,,,,,AUD,completed,,,,,,,,,Sydney,,,,,,,,,,A0023,M0010,196.08,2024-03-27T22:32:47.610688,online
T00251,Transaction,,,,,,,AU,,,,,,AUD,completed,,,,,,,,,Sydney,,,,,,,,,,A0044,M0021,20.76,2024-06-01T17:19:58.292267,atm
T00252,Transaction,,,,,,,US,,,,,,AUD,completed,,,,,,,,,New York,,,,,,,,,,A0121,M0016,100.08,2024-04-26T04:16:03.236717,mobile
T00253,Transaction,,,,,,,AU,,,,,,AUD,completed,,,,,,,,,Brisbane,,,,,,,,,,A0098,M0012,27.98,2024-05-31T12:16:12.357379,wire
T00254,Transaction,,,,,,,US,,,,,,AUD,completed,,,,,,,,,New York,,,,,,,,,,A0025,M0003,201.24,2024-03-15T22:21:28.872262,wire
T00255,Transaction,,,,,,,US,,,,,,AUD,completed,,,,,,,,,New York,,,,,,,,,,A0016,M0027,20.35,2024-06-23T18:41:12.287489,mobile
T00256,Transaction,,,,,,,US,,,,,,AUD,completed,,,,,,,,,New York,,,,,,,,,,A0061,M0016,16.71,2024-06-03T13:30:52.507325,online
T00257,Transaction,,,,,,,SG,,,,,,AUD,completed,,,,,,,,,Singapore,,,,,,,,,,A0133,M0026,4.22,2024-01-31T06:09:49.811944,pos
T00258,Transaction,,,,,,,SG,,,,,,AUD,completed,,,,,,,,,Singapore,,,,,,,,,,A0033,M0002,160.58,2024-02-16T16:15:30.052033,online
T00259,Transaction,,,,,,,AU,,,,,,AUD,completed,,,,,,,,,Perth,,,,,,,,,,A0143,M0013,69.92,2024-04-04T01:31:31.595674,online
T00260,Transaction,,,,,,,SG,,,,,,AUD,completed,,,,,,,,,Singapore,,,,,,,,,,A0134,M0026,24.96,2024-01-27T19:46:46.834243,wire
T00261,Transaction,,,,,,,AU,,,,,,AUD,completed,,,,,,,,,Perth,,,,,,,,,,A0026,M0030,8.11,2024-04-13T12:52:08.233266,mobile
T00262,Transaction,,,,,,,AU,,,,,,AUD,completed,,,,,,,,,Perth,,,,,,,,,,A0071,M0013,5.09,2024-05-05T13:15:52.141528,online
T00263,Transaction,,,,,,,AU,,,,,,AUD,completed,,,,,,,,,Perth,,,,,,,,,,A0085,M0023,3.96,2024-06-15T16:06:25.796680,atm
T00264,Transaction,,,,,,,AU,,,,,,AUD,reversed,,,,,,,,,Sydney,,,,,,,,,,A0078,M0010,13.61,2024-05-06T00:13:05.798165,online
T00265,Transaction,,,,,,,AU,,,,,,AUD,completed,,,,,,,,,Melbourne,,,,,,,,,,A0059,M0005,6.67,2024-05-20T02:23:24.829593,atm
T00266,Transaction,,,,,,,AU,,,,,,AUD,completed,,,,,,,,,Sydney,,,,,,,,,,A0107,M0020,47.89,2024-02-08T06:16:49.228133,mobile
T00267,Transaction,,,,,,,AU,,,,,,AUD,completed,,,,,,,,,Brisbane,,,,,,,,,,A0133,M0028,25.15,2024-05-23T06:14:03.347523,online
T00268,Transaction,,,,,,,AU,,,,,,AUD,completed,,,,,,,,,Perth,,,,,,,,,,A0130,M0013,83.46,2024-03-23T14:48:46.836016,atm
T00269,Transaction,,,,,,,AU,,,,,,AUD,completed,,,,,,,,,Brisbane,,,,,,,,,,A0071,M0012,127.2,2024-04-25T00:13:12.758252,online
T00270,Transaction,,,,,,,AU,,,,,,AUD,completed,,,,,,,,,Brisbane,,,,,,,,,,A0062,M0012,31.76,2024-06-22T20:30:01.883698,mobile
T00271,Transaction,,,,,,,AU,,,,,,AUD,completed,,,,,,,,,Brisbane,,,,,,,,,,A0090,M0012,171.95,2024-02-21T14:20:28.936437,mobile
T00272,Transaction,,,,,,,US,,,,,,AUD,completed,,,,,,,,,New York,,,,,,,,,,A0147,M0025,84.89,2024-02-18T16:53:56.646040,mobile
T00273,Transaction,,,,,,,US,,,,,,AUD,completed,,,,,,,,,New York,,,,,,,,,,A0003,M0016,365.92,2024-04-18T19:21:38.278614,online
T00274,Transaction,,,,,,,AU,,,,,,AUD,completed,,,,,,,,,Perth,,,,,,,,,,A0079,M0023,25.75,2024-03-04T02:47:33.941897,atm
T00275,Transaction,,,,,,,UK,,,,,,AUD,completed,,,,,,,,,London,,,,,,,,,,A0078,M0022,37.07,2024-04-15T19:00:43.937922,online
T00276,Transaction,,,,,,,SG,,,,,,AUD,completed,,,,,,,,,Singapore,,,,,,,,,,A0096,M0018,71.94,2024-02-24T00:34:45.925120,online
T00277,Transaction,,,,,,,SG,,,,,,AUD,completed,,,,,,,,,Singapore,,,,,,,,,,A0087,M0009,267.64,2024-02-17T06:25:19.804918,atm
T00278,Transaction,,,,,,,US,,,,,,AUD,completed,,,,,,,,,New York,,,,,,,,,,A0133,M0025,18.79,2024-06-04T04:10:40.526251,wire
T00279,Transaction,,,,,,,UK,,,,,,AUD,completed,,,,,,,,,London,,,,,,,,,,A0082,M0022,32.86,2024-06-13T03:37:25.779336,mobile
T00280,Transaction,,,,,,,US,,,,,,AUD,completed,,,,,,,,,New York,,,,,,,,,,A0010,M0019,90.1,2024-02-04T08:59:29.244577,pos
T00281,Transaction,,,,,,,AU,,,,,,AUD,completed,,,,,,,,,Perth,,,,,,,,,,A0122,M0030,136.2,2024-02-24T08:02:46.806807,pos
T00282,Transaction,,,,,,,SG,,,,,,AUD,completed,,,,,,,,,Singapore,,,,,,,,,,A0143,M0006,14.85,2024-05-14T02:33:05.993911,wire
T00283,Transaction,,,,,,,UK,,,,,,AUD,completed,,,,,,,,,London,,,,,,,,,,A0047,M0022,357.98,2024-02-10T05:28:09.314443,pos
T00284,Transaction,,,,,,,NG,,,,,,AUD,completed,,,,,,,,,Lagos,,,,,,,,,,A0079,M0014,80.39,2024-02-17T03:52:09.546969,atm
T00285,Transaction,,,,,,,US,,,,,,AUD,completed,,,,,,,,,New York,,,,,,,,,,A0031,M0016,51.21,2024-03-26T11:19:20.281339,pos
T00286,Transaction,,,,,,,UK,,,,,,AUD,reversed,,,,,,,,,London,,,,,,,,,,A0098,M0017,21.35,2024-06-03T14:49:03.225476,pos
T00287,Transaction,,,,,,,NG,,,,,,AUD,completed,,,,,,,,,Lagos,,,,,,,,,,A0088,M0014,82.29,2024-01-15T15:02:42.044425,atm
T00288,Transaction,,,,,,,US,,,,,,AUD,completed,,,,,,,,,New York,,,,,,,,,,A0046,M0011,4.7,2024-01-31T12:25:24.263746,pos
T00289,Transaction,,,,,,,AU,,,,,,AUD,completed,,,,,,,,,Melbourne,,,,,,,,,,A0023,M0005,62.99,2024-03-14T00:20:28.603855,mobile
T00290,Transaction,,,,,,,SG,,,,,,AUD,completed,,,,,,,,,Singapore,,,,,,,,,,A0010,M0018,12.34,2024-01-03T13:09:03.613463,atm
T00291,Transaction,,,,,,,SG,,,,,,AUD,completed,,,,,,,,,Singapore,,,,,,,,,,A0136,M0007,61.65,2024-06-07T17:37:24.339248,atm
T00292,Transaction,,,,,,,UK,,,,,,AUD,pending,,,,,,,,,London,,,,,,,,,,A0099,M0017,41.23,2024-05-29T02:46:39.345980,atm
T00293,Transaction,,,,,,,AU,,,,,,AUD,completed,,,,,,,,,Brisbane,,,,,,,,,,A0117,M0024,36.15,2024-03-19T11:50:30.333389,pos
T00294,Transaction,,,,,,,AU,,,,,,AUD,completed,,,,,,,,,Brisbane,,,,,,,,,,A0126,M0012,61.35,2024-06-13T03:32:54.823291,mobile
T00295,Transaction,,,,,,,AU,,,,,,AUD,completed,,,,,,,,,Brisbane,,,,,,,,,,A0058,M0024,4.54,2024-01-23T07:00:56.335414,online
T00296,Transaction,,,,,,,US,,,,,,AUD,completed,,,,,,,,,New York,,,,,,,,,,A0066,M0025,35.7,2024-06-29T00:53:27.366023,online
T00297,Transaction,,,,,,,SG,,,,,,AUD,completed,,,,,,,,,Singapore,,,,,,,,,,A0006,M0002,64.7,2024-03-09T19:49:20.446167,wire
T00298,Transaction,,,,,,,SG,,,,,,AUD,completed,,,,,,,,,Singapore,,,,,,,,,,A0040,M0007,98.19,2024-02-24T12:02:59.566069,online
T00299,Transaction,,,,,,,AU,,,,,,AUD,completed,,,,,,,,,Sydney,,,,,,,,,,A0070,M0020,42.61,2024-05-30T08:21:19.503812,online
T00300,Transaction,,,,,,,AU,,,,,,AUD,reversed,,,,,,,,,Sydney,,,,,,,,,,A0031,M0010,15.25,2024-02-17T14:26:44.049934,wire
T00301,Transaction,,,,,,,AU,,,,,,AUD,completed,,,,,,,,,Perth,,,,,,,,,,A0092,M0023,26.54,2024-04-09T05:06:53.242690,pos
T00302,Transaction,,,,,,,US,,,,,,AUD,completed,,,,,,,,,New York,,,,,,,,,,A0124,M0011,44.78,2024-06-20T20:23:36.572409,wire
T00303,Transaction,,,,,,,US,,,,,,AUD,completed,,,,,,,,,New York,,,,,,,,,,A0026,M0029,17.23,2024-06-27T22:45:53.291560,atm
T00304,Transaction,,,,,,,AU,,,,,,AUD,completed,,,,,,,,,Sydney,,,,,,,,,,A0013,M0004,102.87,2024-05-02T11:52:25.734172,mobile
T00305,Transaction,,,,,,,AU,,,,,,AUD,failed,,,,,,,,,Brisbane,,,,,,,,,,A0025,M0028,285.01,2024-01-31T20:42:19.182572,atm
T00306,Transaction,,,,,,,US,,,,,,AUD,completed,,,,,,,,,New York,,,,,,,,,,A0069,M0029,71.15,2024-03-03T00:47:15.027616,online
T00307,Transaction,,,,,,,SG,,,,,,AUD,completed,,,,,,,,,Singapore,,,,,,,,,,A0117,M0009,307.56,2024-03-27T13:29:46.779573,mobile
T00308,Transaction,,,,,,,AU,,,,,,AUD,completed,,,,,,,,,Sydney,,,,,,,,,,A0043,M0004,30.49,2024-03-20T07:22:45.209718,wire
T00309,Transaction,,,,,,,AU,,,,,,AUD,completed,,,,,,,,,Sydney,,,,,,,,,,A0092,M0020,8.55,2024-01-09T07:42:13.613217,atm
T00310,Transaction,,,,,,,AU,,,,,,AUD,completed,,,,,,,,,Perth,,,,,,,,,,A0004,M0023,163.32,2024-05-14T14:18:06.626627,wire
T00311,Transaction,,,,,,,UK,,,,,,AUD,completed,,,,,,,,,London,,,,,,,,,,A0087,M0017,38.82,2024-01-18T05:43:54.657963,pos
T00312,Transaction,,,,,,,AU,,,,,,AUD,completed,,,,,,,,,Melbourne,,,,,,,,,,A0099,M0005,160.82,2024-06-27T18:58:00.544670,online
T00313,Transaction,,,,,,,UK,,,,,,AUD,completed,,,,,,,,,London,,,,,,,,,,A0041,M0017,32.37,2024-06-24T14:18:36.330894,online
T00314,Transaction,,,,,,,AU,,,,,,AUD,completed,,,,,,,,,Sydney,,,,,,,,,,A0141,M0021,8.45,2024-01-15T06:26:24.388652,mobile
T00315,Transaction,,,,,,,US,,,,,,AUD,completed,,,,,,,,,New York,,,,,,,,,,A0115,M0003,124.91,2024-01-22T11:39:45.235156,mobile
T00316,Transaction,,,,,,,AU,,,,,,AUD,completed,,,,,,,,,Sydney,,,,,,,,,,A0005,M0004,26.95,2024-04-09T09:17:06.512738,online
T00317,Transaction,,,,,,,US,,,,,,AUD,completed,,,,,,,,,New York,,,,,,,,,,A0078,M0029,33.84,2024-05-01T12:53:04.799993,atm
T00318,Transaction,,,,,,,US,,,,,,AUD,completed,,,,,,,,,New York,,,,,,,,,,A0014,M0027,11.64,2024-04-11T09:17:42.976107,wire
T00319,Transaction,,,,,,,AU,,,,,,AUD,completed,,,,,,,,,Perth,,,,,,,,,,A0094,M0023,29.72,2024-04-29T06:18:22.113120,online
T00320,Transaction,,,,,,,SG,,,,,,AUD,completed,,,,,,,,,Singapore,,,,,,,,,,A0075,M0018,38.55,2024-01-09T06:51:36.393157,pos
T00321,Transaction,,,,,,,AU,,,,,,AUD,completed,,,,,,,,,Sydney,,,,,,,,,,A0105,M0004,17.65,2024-01-22T20:31:11.233915,mobile
T00322,Transaction,,,,,,,AU,,,,,,AUD,completed,,,,,,,,,Perth,,,,,,,,,,A0049,M0023,8.38,2024-01-09T09:59:51.259680,wire
T00323,Transaction,,,,,,,NG,,,,,,AUD,completed,,,,,,,,,Lagos,,,,,,,,,,A0116,M0015,7.38,2024-04-05T23:54:09.812242,online
T00324,Transaction,,,,,,,US,,,,,,AUD,completed,,,,,,,,,New York,,,,,,,,,,A0111,M0027,335.96,2024-05-21T09:01:04.883965,pos
T00325,Transaction,,,,,,,AU,,,,,,AUD,failed,,,,,,,,,Brisbane,,,,,,,,,,A0045,M0024,68.3,2024-04-29T00:16:29.091202,wire
T00326,Transaction,,,,,,,US,,,,,,AUD,completed,,,,,,,,,New York,,,,,,,,,,A0130,M0029,194.45,2024-01-25T03:22:02.042162,mobile
T00327,Transaction,,,,,,,AU,,,,,,AUD,completed,,,,,,,,,Sydney,,,,,,,,,,A0132,M0010,157.88,2024-02-26T19:37:42.577961,wire
T00328,Transaction,,,,,,,SG,,,,,,AUD,reversed,,,,,,,,,Singapore,,,,,,,,,,A0052,M0007,47.48,2024-03-03T11:57:19.135524,pos
T00329,Transaction,,,,,,,UK,,,,,,AUD,completed,,,,,,,,,London,,,,,,,,,,A0046,M0017,42.14,2024-05-08T13:46:20.088114,atm
T00330,Transaction,,,,,,,US,,,,,,AUD,completed,,,,,,,,,New York,,,,,,,,,,A0150,M0019,972.36,2024-04-06T15:16:25.605438,mobile
T00331,Transaction,,,,,,,AU,,,,,,AUD,reversed,,,,,,,,,Sydney,,,,,,,,,,A0134,M0004,51.32,2024-05-15T18:48:13.395970,pos
T00332,Transaction,,,,,,,AU,,,,,,AUD,completed,,,,,,,,,Melbourne,,,,,,,,,,A0065,M0005,316.74,2024-02-23T10:05:26.226734,wire
T00333,Transaction,,,,,,,AU,,,,,,AUD,completed,,,,,,,,,Sydney,,,,,,,,,,A0116,M0004,69.18,2024-04-11T16:49:42.123887,pos
T00334,Transaction,,,,,,,AU,,,,,,AUD,completed,,,,,,,,,Perth,,,,,,,,,,A0144,M0013,2.71,2024-05-24T14:04:54.094133,atm
T00335,Transaction,,,,,,,AU,,,,,,AUD,reversed,,,,,,,,,Perth,,,,,,,,,,A0013,M0030,21.81,2024-05-22T15:33:23.351756,atm
T00336,Transaction,,,,,,,SG,,,,,,AUD,completed,,,,,,,,,Singapore,,,,,,,,,,A0014,M0001,62.14,2024-06-06T06:17:03.235068,mobile
T00337,Transaction,,,,,,,US,,,,,,AUD,completed,,,,,,,,,New York,,,,,,,,,,A0095,M0025,66.4,2024-02-05T13:27:42.088204,pos
T00338,Transaction,,,,,,,UK,,,,,,AUD,completed,,,,,,,,,London,,,,,,,,,,A0046,M0022,57.37,2024-01-08T08:30:54.388907,atm
T00339,Transaction,,,,,,,SG,,,,,,AUD,completed,,,,,,,,,Singapore,,,,,,,,,,A0034,M0006,41.77,2024-02-29T19:57:53.115467,pos
T00340,Transaction,,,,,,,AU,,,,,,AUD,completed,,,,,,,,,Sydney,,,,,,,,,,A0083,M0020,66.95,2024-03-29T18:57:11.838138,wire
T00341,Transaction,,,,,,,SG,,,,,,AUD,completed,,,,,,,,,Singapore,,,,,,,,,,A0019,M0026,81.52,2024-06-22T05:09:16.723346,wire
T00342,Transaction,,,,,,,SG,,,,,,AUD,failed,,,,,,,,,Singapore,,,,,,,,,,A0130,M0006,22.79,2024-01-17T15:24:41.350721,pos
T00343,Transaction,,,,,,,US,,,,,,AUD,completed,,,,,,,,,New York,,,,,,,,,,A0085,M0011,22.95,2024-05-16T05:32:10.735529,wire
T00344,Transaction,,,,,,,US,,,,,,AUD,completed,,,,,,,,,New York,,,,,,,,,,A0144,M0027,145.48,2024-01-21T18:21:07.764809,atm
T00345,Transaction,,,,,,,SG,,,,,,AUD,completed,,,,,,,,,Singapore,,,,,,,,,,A0063,M0002,57.59,2024-06-14T18:48:37.717983,online
T00346,Transaction,,,,,,,AU,,,,,,AUD,completed,,,,,,,,,Brisbane,,,,,,,,,,A0139,M0024,95.67,2024-05-25T07:26:09.267850,mobile
T00347,Transaction,,,,,,,US,,,,,,AUD,completed,,,,,,,,,New York,,,,,,,,,,A0076,M0029,52.4,2024-01-15T21:42:31.054762,online
T00348,Transaction,,,,,,,SG,,,,,,AUD,completed,,,,,,,,,Singapore,,,,,,,,,,A0138,M0018,155.82,2024-06-05T13:20:47.461976,mobile
T00349,Transaction,,,,,,,SG,,,,,,AUD,completed,,,,,,,,,Singapore,,,,,,,,,,A0053,M0018,79.83,2024-05-27T19:58:51.197752,online
T00350,Transaction,,,,,,,SG,,,,,,AUD,completed,,,,,,,,,Singapore,,,,,,,,,,A0040,M0001,29.21,2024-01-16T20:11:26.810254,online
T00351,Transaction,,,,,,,SG,,,,,,AUD,completed,,,,,,,,,Singapore,,,,,,,,,,A0065,M0018,138.14,2024-03-22T15:41:23.579895,mobile
T00352,Transaction,,,,,,,AU,,,,,,AUD,completed,,,,,,,,,Perth,,,,,,,,,,A0005,M0013,71.3,2024-04-26T02:20:25.478578,wire
T00353,Transaction,,,,,,,SG,,,,,,AUD,completed,,,,,,,,,Singapore,,,,,,,,,,A0150,M0002,51.72,2024-06-16T23:26:21.936201,online
T00354,Transaction,,,,,,,AU,,,,,,AUD,completed,,,,,,,,,Sydney,,,,,,,,,,A0078,M0020,26.79,2024-04-29T14:10:53.142085,mobile
T00355,Transaction,,,,,,,AU,,,,,,AUD,reversed,,,,,,,,,Melbourne,,,,,,,,,,A0057,M0005,403.23,2024-06-02T18:05:11.583280,atm
T00356,Transaction,,,,,,,AU,,,,,,AUD,completed,,,,,,,,,Sydney,,,,,,,,,,A0037,M0010,312.24,2024-03-08T12:52:44.244217,online
T00357,Transaction,,,,,,,AU,,,,,,AUD,completed,,,,,,,,,Melbourne,,,,,,,,,,A0143,M0005,50.9,2024-06-20T09:40:42.480517,atm
T00358,Transaction,,,,,,,SG,,,,,,AUD,completed,,,,,,,,,Singapore,,,,,,,,,,A0089,M0007,19.93,2024-04-02T18:31:44.058413,pos
T00359,Transaction,,,,,,,SG,,,,,,AUD,failed,,,,,,,,,Singapore,,,,,,,,,,A0065,M0007,2.97,2024-04-12T16:19:09.291323,online
T00360,Transaction,,,,,,,NG,,,,,,AUD,completed,,,,,,,,,Lagos,,,,,,,,,,A0141,M0015,45.67,2024-05-01T13:48:02.599764,atm
T00361,Transaction,,,,,,,US,,,,,,AUD,completed,,,,,,,,,New York,,,,,,,,,,A0149,M0016,140.61,2024-05-01T12:06:28.575895,pos
T00362,Transaction,,,,,,,US,,,,,,AUD,completed,,,,,,,,,New York,,,,,,,,,,A0018,M0029,9.71,2024-02-29T10:20:07.309629,atm
T00363,Transaction,,,,,,,US,,,,,,AUD,completed,,,,,,,,,New York,,,,,,,,,,A0040,M0019,67.75,2024-06-22T12:24:51.684702,pos
T00364,Transaction,,,,,,,SG,,,,,,AUD,completed,,,,,,,,,Singapore,,,,,,,,,,A0064,M0026,3.66,2024-03-19T22:31:22.595137,atm
T00365,Transaction,,,,,,,US,,,,,,AUD,completed,,,,,,,,,New York,,,,,,,,,,A0085,M0029,30.74,2024-05-20T05:35:15.651127,mobile
T00366,Transaction,,,,,,,AU,,,,,,AUD,failed,,,,,,,,,Sydney,,,,,,,,,,A0045,M0021,132.62,2024-06-04T10:15:07.628151,pos
T00367,Transaction,,,,,,,SG,,,,,,AUD,completed,,,,,,,,,Singapore,,,,,,,,,,A0051,M0009,120.02,2024-05-11T15:56:08.862450,online
T00368,Transaction,,,,,,,US,,,,,,AUD,completed,,,,,,,,,New York,,,,,,,,,,A0008,M0027,43.97,2024-04-16T19:07:03.859090,online
T00369,Transaction,,,,,,,US,,,,,,AUD,completed,,,,,,,,,New York,,,,,,,,,,A0140,M0029,80.91,2024-02-10T10:02:38.678209,wire
T00370,Transaction,,,,,,,AU,,,,,,AUD,completed,,,,,,,,,Melbourne,,,,,,,,,,A0075,M0005,28.55,2024-03-12T19:38:05.009389,wire
T00371,Transaction,,,,,,,AU,,,,,,AUD,completed,,,,,,,,,Brisbane,,,,,,,,,,A0062,M0028,157.83,2024-01-26T09:46:13.040049,pos
T00372,Transaction,,,,,,,UK,,,,,,AUD,completed,,,,,,,,,London,,,,,,,,,,A0145,M0022,81.24,2024-05-12T11:49:38.777549,atm
T00373,Transaction,,,,,,,AU,,,,,,AUD,completed,,,,,,,,,Melbourne,,,,,,,,,,A0125,M0008,7.95,2024-01-08T17:57:35.521211,pos
T00374,Transaction,,,,,,,AU,,,,,,AUD,completed,,,,,,,,,Perth,,,,,,,,,,A0093,M0013,29.53,2024-01-09T09:43:27.535386,atm
T00375,Transaction,,,,,,,AU,,,,,,AUD,completed,,,,,,,,,Sydney,,,,,,,,,,A0134,M0021,11.37,2024-02-01T11:12:12.969516,mobile
T00376,Transaction,,,,,,,UK,,,,,,AUD,completed,,,,,,,,,London,,,,,,,,,,A0020,M0017,12.68,2024-05-27T22:04:35.429429,atm
T00377,Transaction,,,,,,,US,,,,,,AUD,completed,,,,,,,,,New York,,,,,,,,,,A0124,M0029,50.94,2024-01-26T03:40:41.973395,pos
T00378,Transaction,,,,,,,AU,,,,,,AUD,completed,,,,,,,,,Sydney,,,,,,,,,,A0132,M0021,19.47,2024-01-29T11:33:37.224316,wire
T00379,Transaction,,,,,,,UK,,,,,,AUD,completed,,,,,,,,,London,,,,,,,,,,A0031,M0022,1.75,2024-05-10T08:47:26.095750,mobile
T00380,Transaction,,,,,,,SG,,,,,,AUD,completed,,,,,,,,,Singapore,,,,,,,,,,A0123,M0007,56.25,2024-03-15T08:56:46.161301,pos
T00381,Transaction,,,,,,,US,,,,,,AUD,completed,,,,,,,,,New York,,,,,,,,,,A0147,M0019,5.04,2024-01-08T02:14:42.426961,wire
T00382,Transaction,,,,,,,SG,,,,,,AUD,completed,,,,,,,,,Singapore,,,,,,,,,,A0043,M0009,200.18,2024-03-14T09:18:08.059427,wire
T00383,Transaction,,,,,,,US,,,,,,AUD,completed,,,,,,,,,New York,,,,,,,,,,A0073,M0003,7.52,2024-03-26T07:49:12.173340,mobile
T00384,Transaction,,,,,,,AU,,,,,,AUD,completed,,,,,,,,,Sydney,,,,,,,,,,A0106,M0020,5.68,2024-05-18T21:58:37.377612,wire
T00385,Transaction,,,,,,,SG,,,,,,AUD,completed,,,,,,,,,Singapore,,,,,,,,,,A0068,M0006,66.83,2024-03-23T01:52:27.517759,wire
T00386,Transaction,,,,,,,AU,,,,,,AUD,completed,,,,,,,,,Perth,,,,,,,,,,A0097,M0013,55.46,2024-05-03T20:53:37.891420,pos
T00387,Transaction,,,,,,,US,,,,,,AUD,completed,,,,,,,,,New York,,,,,,,,,,A0046,M0016,261.37,2024-06-07T20:57:26.850080,wire
T00388,Transaction,,,,,,,US,,,,,,AUD,failed,,,,,,,,,New York,,,,,,,,,,A0031,M0003,31.75,2024-04-19T05:29:37.979457,online
T00389,Transaction,,,,,,,UK,,,,,,AUD,completed,,,,,,,,,London,,,,,,,,,,A0111,M0017,8.99,2024-05-06T06:33:37.275172,mobile
T00390,Transaction,,,,,,,SG,,,,,,AUD,completed,,,,,,,,,Singapore,,,,,,,,,,A0124,M0026,77.6,2024-05-25T15:16:25.654645,wire
T00391,Transaction,,,,,,,SG,,,,,,AUD,completed,,,,,,,,,Singapore,,,,,,,,,,A0035,M0009,31.15,2024-06-04T11:43:38.302598,atm
T00392,Transaction,,,,,,,NG,,,,,,AUD,completed,,,,,,,,,Lagos,,,,,,,,,,A0140,M0014,36.47,2024-03-08T21:07:47.302055,pos
T00393,Transaction,,,,,,,NG,,,,,,AUD,completed,,,,,,,,,Lagos,,,,,,,,,,A0081,M0014,23.68,2024-04-27T22:26:45.098431,atm
T00394,Transaction,,,,,,,NG,,,,,,AUD,completed,,,,,,,,,Lagos,,,,,,,,,,A0138,M0014,46.67,2024-06-28T12:22:24.386151,mobile
T00395,Transaction,,,,,,,SG,,,,,,AUD,completed,,,,,,,,,Singapore,,,,,,,,,,A0106,M0018,102.4,2024-03-08T00:12:18.492520,wire
T00396,Transaction,,,,,,,US,,,,,,AUD,completed,,,,,,,,,New York,,,,,,,,,,A0079,M0019,11.16,2024-05-13T04:14:19.962767,online
T00397,Transaction,,,,,,,SG,,,,,,AUD,completed,,,,,,,,,Singapore,,,,,,,,,,A0115,M0026,54.03,2024-02-08T19:36:22.200629,mobile
T00398,Transaction,,,,,,,AU,,,,,,AUD,completed,,,,,,,,,Sydney,,,,,,,,,,A0141,M0020,132.1,2024-01-30T02:14:45.282029,online
T00399,Transaction,,,,,,,US,,,,,,AUD,completed,,,,,,,,,New York,,,,,,,,,,A0038,M0016,156.45,2024-01-12T14:21:55.808886,pos
T00400,Transaction,,,,,,,AU,,,,,,AUD,completed,,,,,,,,,Brisbane,,,,,,,,,,A0010,M0024,54.04,2024-05-08T19:12:56.638598,wire
T00401,Transaction,,,,,,,AU,,,,,,AUD,completed,,,,,,,,,Sydney,,,,,,,,,,A0045,M0021,32.73,2024-06-02T22:51:56.923790,wire
T00402,Transaction,,,,,,,SG,,,,,,AUD,completed,,,,,,,,,Singapore,,,,,,,,,,A0009,M0026,50.56,2024-02-11T22:22:43.341318,pos
T00403,Transaction,,,,,,,AU,,,,,,AUD,completed,,,,,,,,,Melbourne,,,,,,,,,,A0093,M0008,10.23,2024-03-13T07:08:23.817075,mobile
T00404,Transaction,,,,,,,UK,,,,,,AUD,pending,,,,,,,,,London,,,,,,,,,,A0052,M0017,224.95,2024-05-11T10:20:47.597887,wire
T00405,Transaction,,,,,,,AU,,,,,,AUD,completed,,,,,,,,,Brisbane,,,,,,,,,,A0090,M0012,123.75,2024-04-19T18:02:33.519546,pos
T00406,Transaction,,,,,,,US,,,,,,AUD,pending,,,,,,,,,New York,,,,,,,,,,A0104,M0019,34.09,2024-04-01T01:46:00.689545,atm
T00407,Transaction,,,,,,,SG,,,,,,AUD,completed,,,,,,,,,Singapore,,,,,,,,,,A0132,M0009,54.83,2024-06-23T20:32:41.637373,wire
T00408,Transaction,,,,,,,US,,,,,,AUD,failed,,,,,,,,,New York,,,,,,,,,,A0063,M0025,7.61,2024-05-03T08:50:50.138176,wire
T00409,Transaction,,,,,,,AU,,,,,,AUD,completed,,,,,,,,,Sydney,,,,,,,,,,A0124,M0004,14.77,2024-05-22T17:55:18.281761,pos
T00410,Transaction,,,,,,,SG,,,,,,AUD,completed,,,,,,,,,Singapore,,,,,,,,,,A0059,M0026,34.27,2024-05-30T14:58:37.499327,pos
T00411,Transaction,,,,,,,UK,,,,,,AUD,completed,,,,,,,,,London,,,,,,,,,,A0103,M0022,72.12,2024-04-10T08:58:18.240798,pos
T00412,Transaction,,,,,,,SG,,,,,,AUD,completed,,,,,,,,,Singapore,,,,,,,,,,A0091,M0007,100.54,2024-06-20T10:16:51.836778,pos
T00413,Transaction,,,,,,,AU,,,,,,AUD,completed,,,,,,,,,Melbourne,,,,,,,,,,A0052,M0008,15.53,2024-02-15T04:40:37.074236,wire
T00414,Transaction,,,,,,,AU,,,,,,AUD,reversed,,,,,,,,,Sydney,,,,,,,,,,A0028,M0004,79.14,2024-05-18T07:52:36.694879,wire
T00415,Transaction,,,,,,,AU,,,,,,AUD,failed,,,,,,,,,Brisbane,,,,,,,,,,A0124,M0012,54.02,2024-06-27T08:24:34.612507,wire
T00416,Transaction,,,,,,,SG,,,,,,AUD,completed,,,,,,,,,Singapore,,,,,,,,,,A0126,M0006,18.51,2024-04-14T09:02:00.850175,online
T00417,Transaction,,,,,,,US,,,,,,AUD,reversed,,,,,,,,,New York,,,,,,,,,,A0109,M0016,3.48,2024-05-20T10:31:36.548349,mobile
T00418,Transaction,,,,,,,NG,,,,,,AUD,completed,,,,,,,,,Lagos,,,,,,,,,,A0133,M0015,59.0,2024-01-19T05:38:54.804306,atm
T00419,Transaction,,,,,,,SG,,,,,,AUD,completed,,,,,,,,,Singapore,,,,,,,,,,A0067,M0006,37.75,2024-03-26T07:31:27.351926,wire
T00420,Transaction,,,,,,,US,,,,,,AUD,failed,,,,,,,,,New York,,,,,,,,,,A0048,M0016,25.29,2024-05-16T03:32:18.226067,atm
T00421,Transaction,,,,,,,NG,,,,,,AUD,completed,,,,,,,,,Lagos,,,,,,,,,,A0072,M0015,15.51,2024-04-14T05:40:40.856446,pos
T00422,Transaction,,,,,,,SG,,,,,,AUD,completed,,,,,,,,,Singapore,,,,,,,,,,A0070,M0026,12.71,2024-03-09T22:33:26.684689,pos
T00423,Transaction,,,,,,,US,,,,,,AUD,completed,,,,,,,,,New York,,,,,,,,,,A0039,M0016,71.11,2024-03-31T10:15:10.643868,wire
T00424,Transaction,,,,,,,SG,,,,,,AUD,completed,,,,,,,,,Singapore,,,,,,,,,,A0081,M0026,31.92,2024-06-04T09:19:57.402334,online
T00425,Transaction,,,,,,,SG,,,,,,AUD,completed,,,,,,,,,Singapore,,,,,,,,,,A0042,M0002,15.1,2024-05-31T20:29:35.173047,online
T00426,Transaction,,,,,,,SG,,,,,,AUD,completed,,,,,,,,,Singapore,,,,,,,,,,A0086,M0009,17.27,2024-06-17T15:55:58.213843,atm
T00427,Transaction,,,,,,,AU,,,,,,AUD,completed,,,,,,,,,Sydney,,,,,,,,,,A0106,M0004,12.72,2024-04-19T14:37:20.224965,wire
T00428,Transaction,,,,,,,SG,,,,,,AUD,completed,,,,,,,,,Singapore,,,,,,,,,,A0138,M0006,131.56,2024-02-28T20:11:31.939232,wire
T00429,Transaction,,,,,,,US,,,,,,AUD,failed,,,,,,,,,New York,,,,,,,,,,A0115,M0029,3.5,2024-03-24T22:32:20.539388,pos
T00430,Transaction,,,,,,,NG,,,,,,AUD,completed,,,,,,,,,Lagos,,,,,,,,,,A0087,M0014,62.23,2024-06-02T15:37:29.831888,online
T00431,Transaction,,,,,,,AU,,,,,,AUD,completed,,,,,,,,,Melbourne,,,,,,,,,,A0088,M0008,10.95,2024-05-08T14:07:23.013647,wire
T00432,Transaction,,,,,,,US,,,,,,AUD,completed,,,,,,,,,New York,,,,,,,,,,A0070,M0029,14.49,2024-03-06T17:35:17.037772,wire
T00433,Transaction,,,,,,,NG,,,,,,AUD,completed,,,,,,,,,Lagos,,,,,,,,,,A0116,M0014,12.08,2024-02-15T13:09:16.601212,online
T00434,Transaction,,,,,,,AU,,,,,,AUD,completed,,,,,,,,,Sydney,,,,,,,,,,A0102,M0004,31.24,2024-05-19T12:56:09.660811,wire
T00435,Transaction,,,,,,,AU,,,,,,AUD,completed,,,,,,,,,Sydney,,,,,,,,,,A0022,M0004,18.56,2024-04-28T12:35:35.313217,mobile
T00436,Transaction,,,,,,,AU,,,,,,AUD,completed,,,,,,,,,Brisbane,,,,,,,,,,A0064,M0024,10.08,2024-01-24T18:16:03.966827,pos
T00437,Transaction,,,,,,,AU,,,,,,AUD,completed,,,,,,,,,Brisbane,,,,,,,,,,A0092,M0028,19.63,2024-06-18T05:01:16.648719,wire
T00438,Transaction,,,,,,,SG,,,,,,AUD,completed,,,,,,,,,Singapore,,,,,,,,,,A0139,M0006,46.72,2024-05-15T13:16:19.190025,wire
T00439,Transaction,,,,,,,AU,,,,,,AUD,completed,,,,,,,,,Sydney,,,,,,,,,,A0137,M0010,168.01,2024-02-11T02:38:45.468769,online
T00440,Transaction,,,,,,,NG,,,,,,AUD,completed,,,,,,,,,Lagos,,,,,,,,,,A0094,M0014,16.28,2024-01-01T00:24:04.149862,pos
T00441,Transaction,,,,,,,SG,,,,,,AUD,completed,,,,,,,,,Singapore,,,,,,,,,,A0121,M0018,192.39,2024-01-02T15:40:19.245215,mobile
T00442,Transaction,,,,,,,SG,,,,,,AUD,completed,,,,,,,,,Singapore,,,,,,,,,,A0060,M0026,6.56,2024-03-15T12:34:50.214804,wire
T00443,Transaction,,,,,,,SG,,,,,,AUD,completed,,,,,,,,,Singapore,,,,,,,,,,A0064,M0006,115.57,2024-05-29T22:41:10.539261,pos
T00444,Transaction,,,,,,,AU,,,,,,AUD,completed,,,,,,,,,Sydney,,,,,,,,,,A0109,M0021,3.4,2024-06-13T16:50:30.942745,atm
T00445,Transaction,,,,,,,SG,,,,,,AUD,completed,,,,,,,,,Singapore,,,,,,,,,,A0137,M0026,18.43,2024-01-13T09:24:26.678033,pos
T00446,Transaction,,,,,,,AU,,,,,,AUD,completed,,,,,,,,,Sydney,,,,,,,,,,A0117,M0020,23.94,2024-03-30T01:13:50.465763,atm
T00447,Transaction,,,,,,,SG,,,,,,AUD,completed,,,,,,,,,Singapore,,,,,,,,,,A0013,M0018,19.83,2024-03-20T08:28:54.711775,online
T00448,Transaction,,,,,,,SG,,,,,,AUD,reversed,,,,,,,,,Singapore,,,,,,,,,,A0039,M0001,32.46,2024-02-26T09:29:20.833879,mobile
T00449,Transaction,,,,,,,AU,,,,,,AUD,completed,,,,,,,,,Perth,,,,,,,,,,A0119,M0023,81.11,2024-06-01T16:21:54.446474,pos
T00450,Transaction,,,,,,,US,,,,,,AUD,completed,,,,,,,,,New York,,,,,,,,,,A0101,M0003,36.92,2024-06-11T02:54:58.902502,atm
T00451,Transaction,,,,,,,AU,,,,,,AUD,completed,,,,,,,,,Sydney,,,,,,,,,,A0004,M0004,3.19,2024-01-18T00:09:48.817616,pos
T00452,Transaction,,,,,,,AU,,,,,,AUD,completed,,,,,,,,,Perth,,,,,,,,,,A0080,M0030,12.4,2024-01-08T15:15:20.222437,wire
T00453,Transaction,,,,,,,US,,,,,,AUD,reversed,,,,,,,,,New York,,,,,,,,,,A0065,M0016,47.27,2024-06-09T15:23:06.137999,pos
T00454,Transaction,,,,,,,AU,,,,,,AUD,completed,,,,,,,,,Sydney,,,,,,,,,,A0061,M0021,28.86,2024-05-23T18:49:54.789774,wire
T00455,Transaction,,,,,,,SG,,,,,,AUD,completed,,,,,,,,,Singapore,,,,,,,,,,A0063,M0001,116.78,2024-01-29T01:17:05.992513,online
T00456,Transaction,,,,,,,US,,,,,,AUD,completed,,,,,,,,,New York,,,,,,,,,,A0128,M0003,59.06,2024-06-24T12:10:01.246839,online
T00457,Transaction,,,,,,,AU,,,,,,AUD,reversed,,,,,,,,,Perth,,,,,,,,,,A0040,M0023,36.01,2024-03-29T07:11:22.124664,atm
T00458,Transaction,,,,,,,SG,,,,,,AUD,failed,,,,,,,,,Singapore,,,,,,,,,,A0089,M0026,6.8,2024-05-11T02:47:23.790470,atm
T00459,Transaction,,,,,,,AU,,,,,,AUD,completed,,,,,,,,,Perth,,,,,,,,,,A0125,M0023,27.59,2024-05-06T03:55:55.540492,pos
T00460,Transaction,,,,,,,AU,,,,,,AUD,pending,,,,,,,,,Brisbane,,,,,,,,,,A0140,M0012,16.73,2024-06-06T01:07:22.917986,wire
T00461,Transaction,,,,,,,SG,,,,,,AUD,completed,,,,,,,,,Singapore,,,,,,,,,,A0142,M0006,18.71,2024-03-07T10:44:15.357220,online
T00462,Transaction,,,,,,,AU,,,,,,AUD,completed,,,,,,,,,Perth,,,,,,,,,,A0130,M0013,48.79,2024-04-22T06:08:13.656849,atm
T00463,Transaction,,,,,,,US,,,,,,AUD,completed,,,,,,,,,New York,,,,,,,,,,A0138,M0027,20.36,2024-03-31T01:21:12.777012,wire
T00464,Transaction,,,,,,,US,,,,,,AUD,completed,,,,,,,,,New York,,,,,,,,,,A0073,M0011,25.18,2024-01-18T10:08:14.478986,online
T00465,Transaction,,,,,,,SG,,,,,,AUD,completed,,,,,,,,,Singapore,,,,,,,,,,A0034,M0006,86.8,2024-03-28T20:26:54.699922,online
T00466,Transaction,,,,,,,UK,,,,,,AUD,completed,,,,,,,,,London,,,,,,,,,,A0100,M0022,31.34,2024-04-16T20:16:01.783499,online
T00467,Transaction,,,,,,,SG,,,,,,AUD,completed,,,,,,,,,Singapore,,,,,,,,,,A0019,M0001,101.42,2024-03-29T22:39:55.793536,online
T00468,Transaction,,,,,,,AU,,,,,,AUD,completed,,,,,,,,,Brisbane,,,,,,,,,,A0016,M0012,229.08,2024-03-16T06:54:02.565256,atm
T00469,Transaction,,,,,,,US,,,,,,AUD,completed,,,,,,,,,New York,,,,,,,,,,A0015,M0027,55.21,2024-05-12T21:48:02.409787,atm
T00470,Transaction,,,,,,,UK,,,,,,AUD,completed,,,,,,,,,London,,,,,,,,,,A0056,M0017,35.89,2024-04-05T05:46:41.313619,pos
T00471,Transaction,,,,,,,SG,,,,,,AUD,completed,,,,,,,,,Singapore,,,,,,,,,,A0046,M0018,79.61,2024-01-20T02:21:12.982212,wire
T00472,Transaction,,,,,,,AU,,,,,,AUD,completed,,,,,,,,,Perth,,,,,,,,,,A0118,M0023,603.71,2024-01-31T04:37:10.852741,pos
T00473,Transaction,,,,,,,US,,,,,,AUD,pending,,,,,,,,,New York,,,,,,,,,,A0130,M0011,66.41,2024-04-18T14:02:02.171950,atm
T00474,Transaction,,,,,,,US,,,,,,AUD,completed,,,,,,,,,New York,,,,,,,,,,A0141,M0011,110.84,2024-04-24T14:47:53.273666,atm
T00475,Transaction,,,,,,,SG,,,,,,AUD,completed,,,,,,,,,Singapore,,,,,,,,,,A0145,M0018,2.68,2024-06-16T15:10:56.034273,atm
T00476,Transaction,,,,,,,NG,,,,,,AUD,reversed,,,,,,,,,Lagos,,,,,,,,,,A0116,M0015,8.68,2024-01-03T22:49:04.201197,pos
T00477,Transaction,,,,,,,SG,,,,,,AUD,completed,,,,,,,,,Singapore,,,,,,,,,,A0078,M0001,19.53,2024-06-03T21:14:58.302268,online
T00478,Transaction,,,,,,,AU,,,,,,AUD,completed,,,,,,,,,Perth,,,,,,,,,,A0071,M0030,42.48,2024-06-16T14:12:25.645391,pos
T00479,Transaction,,,,,,,AU,,,,,,AUD,completed,,,,,,,,,Brisbane,,,,,,,,,,A0118,M0012,12.64,2024-06-10T00:31:57.112350,pos
T00480,Transaction,,,,,,,US,,,,,,AUD,completed,,,,,,,,,New York,,,,,,,,,,A0077,M0003,46.37,2024-02-09T08:32:51.163067,online
T00481,Transaction,,,,,,,SG,,,,,,AUD,completed,,,,,,,,,Singapore,,,,,,,,,,A0124,M0006,26.08,2024-05-07T05:10:16.518809,online
T00482,Transaction,,,,,,,SG,,,,,,AUD,pending,,,,,,,,,Singapore,,,,,,,,,,A0077,M0002,101.63,2024-01-15T04:54:20.908400,online
T00483,Transaction,,,,,,,AU,,,,,,AUD,failed,,,,,,,,,Brisbane,,,,,,,,,,A0086,M0012,131.91,2024-06-17T08:59:20.359146,online
T00484,Transaction,,,,,,,AU,,,,,,AUD,completed,,,,,,,,,Brisbane,,,,,,,,,,A0059,M0024,73.03,2024-01-03T01:40:15.423246,mobile
T00485,Transaction,,,,,,,SG,,,,,,AUD,completed,,,,,,,,,Singapore,,,,,,,,,,A0135,M0002,14.08,2024-02-29T03:45:23.725921,pos
T00486,Transaction,,,,,,,NG,,,,,,AUD,completed,,,,,,,,,Lagos,,,,,,,,,,A0101,M0015,112.78,2024-01-17T07:19:13.245076,mobile
T00487,Transaction,,,,,,,AU,,,,,,AUD,completed,,,,,,,,,Melbourne,,,,,,,,,,A0101,M0005,38.66,2024-03-13T06:05:13.218835,online
T00488,Transaction,,,,,,,US,,,,,,AUD,completed,,,,,,,,,New York,,,,,,,,,,A0112,M0025,183.42,2024-03-28T01:07:38.454902,pos
T00489,Transaction,,,,,,,SG,,,,,,AUD,completed,,,,,,,,,Singapore,,,,,,,,,,A0147,M0007,35.37,2024-02-18T04:37:14.887101,mobile
T00490,Transaction,,,,,,,US,,,,,,AUD,completed,,,,,,,,,New York,,,,,,,,,,A0148,M0003,8.5,2024-03-07T02:43:21.530771,pos
T00491,Transaction,,,,,,,US,,,,,,AUD,completed,,,,,,,,,New York,,,,,,,,,,A0007,M0025,28.81,2024-01-09T02:56:53.092485,pos
T00492,Transaction,,,,,,,AU,,,,,,AUD,completed,,,,,,,,,Melbourne,,,,,,,,,,A0096,M0005,7.73,2024-01-05T02:49:04.123981,pos
T00493,Transaction,,,,,,,SG,,,,,,AUD,completed,,,,,,,,,Singapore,,,,,,,,,,A0055,M0007,48.56,2024-04-09T07:59:14.777158,wire
T00494,Transaction,,,,,,,AU,,,,,,AUD,completed,,,,,,,,,Perth,,,,,,,,,,A0037,M0023,55.03,2024-01-08T20:53:09.026080,pos
T00495,Transaction,,,,,,,SG,,,,,,AUD,completed,,,,,,,,,Singapore,,,,,,,,,,A0052,M0026,57.7,2024-03-25T03:47:23.262477,online
T00496,Transaction,,,,,,,UK,,,,,,AUD,completed,,,,,,,,,London,,,,,,,,,,A0070,M0022,279.34,2024-06-05T10:26:31.906840,online
T00497,Transaction,,,,,,,AU,,,,,,AUD,completed,,,,,,,,,Melbourne,,,,,,,,,,A0099,M0008,247.09,2024-05-08T10:53:17.303886,atm
T00498,Transaction,,,,,,,US,,,,,,AUD,completed,,,,,,,,,New York,,,,,,,,,,A0137,M0003,9.09,2024-03-23T21:29:32.361972,online
T00499,Transaction,,,,,,,AU,,,,,,AUD,completed,,,,,,,,,Sydney,,,,,,,,,,A0136,M0010,18.82,2024-01-29T10:01:50.910840,atm
T00500,Transaction,,,,,,,AU,,,,,,AUD,failed,,,,,,,,,Sydney,,,,,,,,,,A0091,M0021,129.1,2024-01-12T05:22:12.443291,atm
T00501,Transaction,,,,,,,SG,,,,,,AUD,completed,,,,,,,,,Singapore,,,,,,,,,,A0008,M0018,109.28,2024-03-02T20:43:08.572705,mobile
T00502,Transaction,,,,,,,AU,,,,,,AUD,completed,,,,,,,,,Brisbane,,,,,,,,,,A0023,M0024,61.45,2024-02-11T03:56:49.682596,pos
T00503,Transaction,,,,,,,AU,,,,,,AUD,completed,,,,,,,,,Sydney,,,,,,,,,,A0110,M0010,116.47,2024-04-08T03:27:48.294858,pos
T00504,Transaction,,,,,,,SG,,,,,,AUD,pending,,,,,,,,,Singapore,,,,,,,,,,A0149,M0018,53.25,2024-01-25T23:56:53.819029,wire
T00505,Transaction,,,,,,,AU,,,,,,AUD,completed,,,,,,,,,Perth,,,,,,,,,,A0111,M0030,14.17,2024-06-20T16:43:30.701034,online
T00506,Transaction,,,,,,,AU,,,,,,AUD,completed,,,,,,,,,Brisbane,,,,,,,,,,A0038,M0024,7.99,2024-06-25T02:15:37.355624,mobile
T00507,Transaction,,,,,,,AU,,,,,,AUD,completed,,,,,,,,,Melbourne,,,,,,,,,,A0071,M0005,63.01,2024-02-03T10:32:19.612032,wire
T00508,Transaction,,,,,,,AU,,,,,,AUD,completed,,,,,,,,,Sydney,,,,,,,,,,A0146,M0020,16.1,2024-05-04T09:58:10.319573,atm
T00509,Transaction,,,,,,,AU,,,,,,AUD,completed,,,,,,,,,Melbourne,,,,,,,,,,A0123,M0005,33.52,2024-05-08T21:00:39.930950,atm
T00510,Transaction,,,,,,,US,,,,,,AUD,completed,,,,,,,,,New York,,,,,,,,,,A0100,M0016,31.05,2024-02-10T22:55:48.622835,mobile
T00511,Transaction,,,,,,,AU,,,,,,AUD,completed,,,,,,,,,Perth,,,,,,,,,,A0004,M0030,14.77,2024-05-14T08:50:26.801749,pos
T00512,Transaction,,,,,,,SG,,,,,,AUD,failed,,,,,,,,,Singapore,,,,,,,,,,A0017,M0006,145.73,2024-02-28T19:20:47.770212,mobile
T00513,Transaction,,,,,,,AU,,,,,,AUD,completed,,,,,,,,,Perth,,,,,,,,,,A0110,M0013,141.22,2024-05-29T04:52:59.045651,atm
T00514,Transaction,,,,,,,AU,,,,,,AUD,completed,,,,,,,,,Sydney,,,,,,,,,,A0147,M0020,40.75,2024-05-07T10:39:53.710033,online
T00515,Transaction,,,,,,,NG,,,,,,AUD,completed,,,,,,,,,Lagos,,,,,,,,,,A0116,M0015,14.71,2024-04-10T22:39:10.533562,wire
T00516,Transaction,,,,,,,SG,,,,,,AUD,completed,,,,,,,,,Singapore,,,,,,,,,,A0013,M0007,16.21,2024-02-25T02:58:59.585303,atm
T00517,Transaction,,,,,,,AU,,,,,,AUD,completed,,,,,,,,,Sydney,,,,,,,,,,A0109,M0010,42.37,2024-04-03T13:42:58.178722,pos
T00518,Transaction,,,,,,,US,,,,,,AUD,completed,,,,,,,,,New York,,,,,,,,,,A0116,M0003,55.53,2024-05-20T22:48:29.089114,wire
T00519,Transaction,,,,,,,US,,,,,,AUD,failed,,,,,,,,,New York,,,,,,,,,,A0106,M0011,29.28,2024-04-16T20:19:49.528770,pos
T00520,Transaction,,,,,,,SG,,,,,,AUD,completed,,,,,,,,,Singapore,,,,,,,,,,A0024,M0009,11.82,2024-05-08T18:37:28.469744,pos
T00521,Transaction,,,,,,,US,,,,,,AUD,completed,,,,,,,,,New York,,,,,,,,,,A0032,M0003,7.83,2024-03-06T16:37:33.896997,wire
T00522,Transaction,,,,,,,AU,,,,,,AUD,pending,,,,,,,,,Sydney,,,,,,,,,,A0131,M0020,146.96,2024-03-09T21:21:24.653630,pos
T00523,Transaction,,,,,,,AU,,,,,,AUD,completed,,,,,,,,,Brisbane,,,,,,,,,,A0145,M0028,48.74,2024-06-06T06:08:51.816499,pos
T00524,Transaction,,,,,,,NG,,,,,,AUD,completed,,,,,,,,,Lagos,,,,,,,,,,A0014,M0014,7.66,2024-06-22T22:26:12.470209,atm
T00525,Transaction,,,,,,,US,,,,,,AUD,completed,,,,,,,,,New York,,,,,,,,,,A0031,M0029,12.79,2024-04-22T16:24:07.433197,atm
T00526,Transaction,,,,,,,AU,,,,,,AUD,completed,,,,,,,,,Brisbane,,,,,,,,,,A0128,M0028,32.64,2024-04-20T01:04:55.906944,mobile
T00527,Transaction,,,,,,,NG,,,,,,AUD,failed,,,,,,,,,Lagos,,,,,,,,,,A0122,M0015,27.09,2024-04-18T14:50:36.747816,pos
T00528,Transaction,,,,,,,AU,,,,,,AUD,completed,,,,,,,,,Sydney,,,,,,,,,,A0072,M0020,144.34,2024-02-07T13:58:39.858934,pos
T00529,Transaction,,,,,,,SG,,,,,,AUD,completed,,,,,,,,,Singapore,,,,,,,,,,A0090,M0002,49.66,2024-02-29T22:20:47.635482,online
T00530,Transaction,,,,,,,SG,,,,,,AUD,completed,,,,,,,,,Singapore,,,,,,,,,,A0107,M0006,12.5,2024-04-29T15:03:23.439437,wire
T00531,Transaction,,,,,,,SG,,,,,,AUD,completed,,,,,,,,,Singapore,,,,,,,,,,A0144,M0006,24.57,2024-05-19T02:24:57.794977,atm
T00532,Transaction,,,,,,,US,,,,,,AUD,completed,,,,,,,,,New York,,,,,,,,,,A0098,M0027,7.0,2024-04-09T15:14:46.981470,atm
T00533,Transaction,,,,,,,AU,,,,,,AUD,completed,,,,,,,,,Perth,,,,,,,,,,A0032,M0023,99.78,2024-03-15T21:21:51.688374,pos
T00534,Transaction,,,,,,,AU,,,,,,AUD,pending,,,,,,,,,Sydney,,,,,,,,,,A0015,M0004,35.35,2024-05-11T01:22:40.997688,wire
T00535,Transaction,,,,,,,NG,,,,,,AUD,completed,,,,,,,,,Lagos,,,,,,,,,,A0074,M0014,45.96,2024-04-05T02:17:58.138226,wire
T00536,Transaction,,,,,,,AU,,,,,,AUD,completed,,,,,,,,,Sydney,,,,,,,,,,A0034,M0020,43.31,2024-04-24T08:47:22.009079,mobile
T00537,Transaction,,,,,,,AU,,,,,,AUD,completed,,,,,,,,,Perth,,,,,,,,,,A0060,M0023,19.4,2024-01-22T09:29:30.451933,mobile
T00538,Transaction,,,,,,,AU,,,,,,AUD,completed,,,,,,,,,Brisbane,,,,,,,,,,A0031,M0024,191.15,2024-03-01T09:59:36.830834,wire
T00539,Transaction,,,,,,,SG,,,,,,AUD,completed,,,,,,,,,Singapore,,,,,,,,,,A0055,M0001,84.26,2024-02-16T01:11:22.978837,online
T00540,Transaction,,,,,,,SG,,,,,,AUD,reversed,,,,,,,,,Singapore,,,,,,,,,,A0130,M0018,59.2,2024-05-11T02:46:44.458936,wire
T00541,Transaction,,,,,,,SG,,,,,,AUD,completed,,,,,,,,,Singapore,,,,,,,,,,A0045,M0007,19.55,2024-05-01T17:13:21.096473,mobile
T00542,Transaction,,,,,,,US,,,,,,AUD,completed,,,,,,,,,New York,,,,,,,,,,A0035,M0016,8.89,2024-06-05T14:32:04.483160,atm
T00543,Transaction,,,,,,,AU,,,,,,AUD,completed,,,,,,,,,Perth,,,,,,,,,,A0106,M0030,684.41,2024-02-24T04:20:57.247445,atm
T00544,Transaction,,,,,,,SG,,,,,,AUD,completed,,,,,,,,,Singapore,,,,,,,,,,A0005,M0007,42.03,2024-06-14T19:54:50.196533,atm
T00545,Transaction,,,,,,,SG,,,,,,AUD,completed,,,,,,,,,Singapore,,,,,,,,,,A0039,M0009,95.72,2024-03-08T22:02:45.376896,wire
T00546,Transaction,,,,,,,AU,,,,,,AUD,completed,,,,,,,,,Sydney,,,,,,,,,,A0147,M0020,18.89,2024-06-05T11:47:41.969550,atm
T00547,Transaction,,,,,,,AU,,,,,,AUD,completed,,,,,,,,,Perth,,,,,,,,,,A0081,M0023,6.39,2024-03-30T23:12:16.066869,pos
T00548,Transaction,,,,,,,SG,,,,,,AUD,completed,,,,,,,,,Singapore,,,,,,,,,,A0078,M0007,35.26,2024-03-08T17:35:34.657121,online
T00549,Transaction,,,,,,,NG,,,,,,AUD,completed,,,,,,,,,Lagos,,,,,,,,,,A0024,M0015,35.21,2024-06-12T19:07:40.792464,pos
T00550,Transaction,,,,,,,AU,,,,,,AUD,completed,,,,,,,,,Brisbane,,,,,,,,,,A0124,M0024,101.09,2024-02-29T05:57:21.821296,online
T00551,Transaction,,,,,,,UK,,,,,,AUD,completed,,,,,,,,,London,,,,,,,,,,A0133,M0022,6.97,2024-06-05T12:44:07.869794,online
T00552,Transaction,,,,,,,UK,,,,,,AUD,completed,,,,,,,,,London,,,,,,,,,,A0012,M0022,1.5,2024-01-19T15:52:43.288237,atm
T00553,Transaction,,,,,,,AU,,,,,,AUD,completed,,,,,,,,,Sydney,,,,,,,,,,A0080,M0021,108.71,2024-02-04T20:25:05.730687,atm
T00554,Transaction,,,,,,,UK,,,,,,AUD,reversed,,,,,,,,,London,,,,,,,,,,A0113,M0022,13.13,2024-02-19T12:40:43.075523,online
T00555,Transaction,,,,,,,UK,,,,,,AUD,completed,,,,,,,,,London,,,,,,,,,,A0144,M0017,5.53,2024-04-09T10:26:39.889813,atm
T00556,Transaction,,,,,,,US,,,,,,AUD,completed,,,,,,,,,New York,,,,,,,,,,A0073,M0019,18.81,2024-04-21T00:00:50.277576,atm
T00557,Transaction,,,,,,,AU,,,,,,AUD,completed,,,,,,,,,Melbourne,,,,,,,,,,A0013,M0005,7.38,2024-01-16T14:06:12.447160,mobile
T00558,Transaction,,,,,,,AU,,,,,,AUD,completed,,,,,,,,,Sydney,,,,,,,,,,A0115,M0020,21.22,2024-02-05T20:45:04.207657,wire
T00559,Transaction,,,,,,,US,,,,,,AUD,completed,,,,,,,,,New York,,,,,,,,,,A0120,M0019,168.15,2024-03-23T11:03:27.495806,mobile
T00560,Transaction,,,,,,,AU,,,,,,AUD,completed,,,,,,,,,Melbourne,,,,,,,,,,A0058,M0005,230.58,2024-06-14T05:28:15.012407,mobile
T00561,Transaction,,,,,,,SG,,,,,,AUD,completed,,,,,,,,,Singapore,,,,,,,,,,A0085,M0026,99.48,2024-03-29T05:43:45.286624,online
T00562,Transaction,,,,,,,US,,,,,,AUD,completed,,,,,,,,,New York,,,,,,,,,,A0090,M0016,30.08,2024-05-18T23:56:16.584498,wire
T00563,Transaction,,,,,,,AU,,,,,,AUD,completed,,,,,,,,,Sydney,,,,,,,,,,A0131,M0004,16.78,2024-01-20T08:43:36.280521,wire
T00564,Transaction,,,,,,,SG,,,,,,AUD,completed,,,,,,,,,Singapore,,,,,,,,,,A0078,M0018,27.22,2024-02-13T04:22:15.843115,pos
T00565,Transaction,,,,,,,AU,,,,,,AUD,completed,,,,,,,,,Perth,,,,,,,,,,A0124,M0013,10.72,2024-05-05T14:59:45.724618,mobile
T00566,Transaction,,,,,,,US,,,,,,AUD,completed,,,,,,,,,New York,,,,,,,,,,A0112,M0019,121.35,2024-02-12T17:51:15.704524,online
T00567,Transaction,,,,,,,US,,,,,,AUD,completed,,,,,,,,,New York,,,,,,,,,,A0147,M0027,30.95,2024-03-24T18:52:27.259143,wire
T00568,Transaction,,,,,,,SG,,,,,,AUD,completed,,,,,,,,,Singapore,,,,,,,,,,A0114,M0006,17.03,2024-04-18T06:50:16.385446,wire
T00569,Transaction,,,,,,,US,,,,,,AUD,failed,,,,,,,,,New York,,,,,,,,,,A0098,M0011,31.99,2024-01-17T09:16:31.342770,pos
T00570,Transaction,,,,,,,US,,,,,,AUD,completed,,,,,,,,,New York,,,,,,,,,,A0001,M0025,14.09,2024-04-06T03:46:31.032304,mobile
T00571,Transaction,,,,,,,SG,,,,,,AUD,completed,,,,,,,,,Singapore,,,,,,,,,,A0115,M0007,4.46,2024-05-03T00:00:14.333375,mobile
T00572,Transaction,,,,,,,US,,,,,,AUD,failed,,,,,,,,,New York,,,,,,,,,,A0089,M0003,51.33,2024-04-02T09:16:52.794931,pos
T00573,Transaction,,,,,,,AU,,,,,,AUD,completed,,,,,,,,,Brisbane,,,,,,,,,,A0016,M0012,23.5,2024-04-23T03:55:51.362602,mobile
T00574,Transaction,,,,,,,SG,,,,,,AUD,completed,,,,,,,,,Singapore,,,,,,,,,,A0112,M0018,16.13,2024-01-26T04:06:54.549181,wire
T00575,Transaction,,,,,,,US,,,,,,AUD,completed,,,,,,,,,New York,,,,,,,,,,A0093,M0027,26.06,2024-06-06T23:09:49.839402,pos
T00576,Transaction,,,,,,,AU,,,,,,AUD,completed,,,,,,,,,Sydney,,,,,,,,,,A0019,M0021,31.54,2024-06-28T05:30:19.572771,online
T00577,Transaction,,,,,,,AU,,,,,,AUD,completed,,,,,,,,,Brisbane,,,,,,,,,,A0107,M0028,21.57,2024-04-19T09:38:30.491358,mobile
T00578,Transaction,,,,,,,UK,,,,,,AUD,completed,,,,,,,,,London,,,,,,,,,,A0117,M0017,13.9,2024-03-10T15:12:02.643313,pos
T00579,Transaction,,,,,,,US,,,,,,AUD,completed,,,,,,,,,New York,,,,,,,,,,A0002,M0019,32.65,2024-05-08T21:29:33.775815,atm
T00580,Transaction,,,,,,,US,,,,,,AUD,reversed,,,,,,,,,New York,,,,,,,,,,A0140,M0019,53.27,2024-01-21T11:35:09.677786,mobile
T00581,Transaction,,,,,,,AU,,,,,,AUD,completed,,,,,,,,,Melbourne,,,,,,,,,,A0021,M0005,90.07,2024-06-04T13:01:09.343071,atm
T00582,Transaction,,,,,,,UK,,,,,,AUD,completed,,,,,,,,,London,,,,,,,,,,A0021,M0017,26.59,2024-06-22T20:01:32.116738,online
T00583,Transaction,,,,,,,SG,,,,,,AUD,completed,,,,,,,,,Singapore,,,,,,,,,,A0139,M0026,50.58,2024-06-12T13:10:27.927134,wire
T00584,Transaction,,,,,,,NG,,,,,,AUD,completed,,,,,,,,,Lagos,,,,,,,,,,A0121,M0015,34.78,2024-05-12T19:41:25.418775,mobile
T00585,Transaction,,,,,,,AU,,,,,,AUD,completed,,,,,,,,,Sydney,,,,,,,,,,A0076,M0010,3.51,2024-04-18T04:07:58.938662,atm
T00586,Transaction,,,,,,,SG,,,,,,AUD,completed,,,,,,,,,Singapore,,,,,,,,,,A0145,M0009,5.97,2024-01-31T14:28:48.801741,online
T00587,Transaction,,,,,,,SG,,,,,,AUD,completed,,,,,,,,,Singapore,,,,,,,,,,A0075,M0026,31.95,2024-01-14T21:53:22.760411,atm
T00588,Transaction,,,,,,,SG,,,,,,AUD,completed,,,,,,,,,Singapore,,,,,,,,,,A0072,M0009,12.57,2024-04-17T02:38:57.930163,pos
T00589,Transaction,,,,,,,SG,,,,,,AUD,completed,,,,,,,,,Singapore,,,,,,,,,,A0095,M0026,17.07,2024-04-05T10:58:37.866699,online
T00590,Transaction,,,,,,,AU,,,,,,AUD,completed,,,,,,,,,Melbourne,,,,,,,,,,A0022,M0005,99.81,2024-05-31T14:35:46.211879,mobile
T00591,Transaction,,,,,,,UK,,,,,,AUD,completed,,,,,,,,,London,,,,,,,,,,A0061,M0022,23.58,2024-02-08T03:57:42.159503,atm
T00592,Transaction,,,,,,,US,,,,,,AUD,completed,,,,,,,,,New York,,,,,,,,,,A0068,M0025,28.75,2024-03-27T04:54:01.978131,wire
T00593,Transaction,,,,,,,US,,,,,,AUD,pending,,,,,,,,,New York,,,,,,,,,,A0100,M0016,11.7,2024-03-19T16:29:09.341106,atm
T00594,Transaction,,,,,,,AU,,,,,,AUD,reversed,,,,,,,,,Perth,,,,,,,,,,A0115,M0013,49.04,2024-06-15T02:32:29.546777,atm
T00595,Transaction,,,,,,,AU,,,,,,AUD,completed,,,,,,,,,Sydney,,,,,,,,,,A0111,M0020,20.83,2024-01-18T18:54:51.727850,wire
T00596,Transaction,,,,,,,AU,,,,,,AUD,completed,,,,,,,,,Brisbane,,,,,,,,,,A0062,M0024,154.76,2024-04-04T02:40:22.393558,pos
T00597,Transaction,,,,,,,UK,,,,,,AUD,completed,,,,,,,,,London,,,,,,,,,,A0003,M0022,22.54,2024-05-04T01:48:36.197665,atm
T00598,Transaction,,,,,,,SG,,,,,,AUD,completed,,,,,,,,,Singapore,,,,,,,,,,A0073,M0009,234.94,2024-06-21T00:55:26.540308,online
T00599,Transaction,,,,,,,US,,,,,,AUD,completed,,,,,,,,,New York,,,,,,,,,,A0031,M0003,76.96,2024-04-28T19:22:41.764764,wire
T00600,Transaction,,,,,,,US,,,,,,AUD,completed,,,,,,,,,New York,,,,,,,,,,A0048,M0029,12.4,2024-02-23T07:36:21.854630,online
T00601,Transaction,,,,,,,US,,,,,,AUD,completed,,,,,,,,,New York,,,,,,,,,,A0071,M0025,6.99,2024-05-19T08:21:39.354352,atm
T00602,Transaction,,,,,,,SG,,,,,,AUD,completed,,,,,,,,,Singapore,,,,,,,,,,A0019,M0009,83.45,2024-03-01T05:03:07.837630,online
T00603,Transaction,,,,,,,SG,,,,,,AUD,completed,,,,,,,,,Singapore,,,,,,,,,,A0068,M0006,26.03,2024-06-17T01:46:43.966276,wire
T00604,Transaction,,,,,,,AU,,,,,,AUD,completed,,,,,,,,,Sydney,,,,,,,,,,A0126,M0004,6.52,2024-06-14T04:22:28.070479,atm
T00605,Transaction,,,,,,,US,,,,,,AUD,completed,,,,,,,,,New York,,,,,,,,,,A0019,M0003,40.29,2024-03-21T16:54:41.887047,mobile
T00606,Transaction,,,,,,,AU,,,,,,AUD,pending,,,,,,,,,Perth,,,,,,,,,,A0001,M0030,6.95,2024-01-28T10:34:58.320464,atm
T00607,Transaction,,,,,,,SG,,,,,,AUD,completed,,,,,,,,,Singapore,,,,,,,,,,A0148,M0001,56.09,2024-03-29T19:30:41.571800,mobile
T00608,Transaction,,,,,,,SG,,,,,,AUD,completed,,,,,,,,,Singapore,,,,,,,,,,A0018,M0018,13.24,2024-05-04T18:09:04.046007,mobile
T00609,Transaction,,,,,,,AU,,,,,,AUD,completed,,,,,,,,,Perth,,,,,,,,,,A0138,M0030,151.15,2024-02-24T19:29:06.591325,online
T00610,Transaction,,,,,,,AU,,,,,,AUD,completed,,,,,,,,,Brisbane,,,,,,,,,,A0024,M0012,205.26,2024-01-15T13:30:15.381452,mobile
T00611,Transaction,,,,,,,AU,,,,,,AUD,completed,,,,,,,,,Sydney,,,,,,,,,,A0075,M0021,8.4,2024-06-24T02:52:34.683266,pos
T00612,Transaction,,,,,,,US,,,,,,AUD,completed,,,,,,,,,New York,,,,,,,,,,A0100,M0029,26.0,2024-03-20T06:36:05.065444,pos
T00613,Transaction,,,,,,,SG,,,,,,AUD,completed,,,,,,,,,Singapore,,,,,,,,,,A0050,M0001,100.62,2024-03-29T13:13:34.317391,online
T00614,Transaction,,,,,,,US,,,,,,AUD,completed,,,,,,,,,New York,,,,,,,,,,A0079,M0016,50.48,2024-03-22T07:47:26.929232,online
T00615,Transaction,,,,,,,US,,,,,,AUD,completed,,,,,,,,,New York,,,,,,,,,,A0015,M0011,62.55,2024-05-02T17:34:12.234189,wire
T00616,Transaction,,,,,,,AU,,,,,,AUD,completed,,,,,,,,,Melbourne,,,,,,,,,,A0149,M0008,3.93,2024-03-26T06:58:41.152625,wire
T00617,Transaction,,,,,,,SG,,,,,,AUD,completed,,,,,,,,,Singapore,,,,,,,,,,A0034,M0001,4.84,2024-03-23T13:39:57.138025,pos
T00618,Transaction,,,,,,,US,,,,,,AUD,completed,,,,,,,,,New York,,,,,,,,,,A0017,M0027,69.26,2024-04-17T16:34:54.683995,wire
T00619,Transaction,,,,,,,NG,,,,,,AUD,completed,,,,,,,,,Lagos,,,,,,,,,,A0052,M0014,4.3,2024-05-13T13:33:39.537600,mobile
T00620,Transaction,,,,,,,SG,,,,,,AUD,completed,,,,,,,,,Singapore,,,,,,,,,,A0148,M0018,428.03,2024-04-17T08:21:44.421154,atm
T00621,Transaction,,,,,,,AU,,,,,,AUD,completed,,,,,,,,,Melbourne,,,,,,,,,,A0071,M0005,62.63,2024-03-07T22:57:51.766698,pos
T00622,Transaction,,,,,,,SG,,,,,,AUD,completed,,,,,,,,,Singapore,,,,,,,,,,A0149,M0002,51.22,2024-01-29T13:16:54.858303,mobile
T00623,Transaction,,,,,,,SG,,,,,,AUD,completed,,,,,,,,,Singapore,,,,,,,,,,A0002,M0006,43.35,2024-05-05T12:34:45.562869,mobile
T00624,Transaction,,,,,,,AU,,,,,,AUD,completed,,,,,,,,,Melbourne,,,,,,,,,,A0053,M0005,60.56,2024-03-15T13:51:50.665065,pos
T00625,Transaction,,,,,,,AU,,,,,,AUD,completed,,,,,,,,,Sydney,,,,,,,,,,A0010,M0020,8.87,2024-06-21T00:05:41.245822,atm
T00626,Transaction,,,,,,,SG,,,,,,AUD,completed,,,,,,,,,Singapore,,,,,,,,,,A0002,M0018,17.87,2024-04-05T23:11:04.368882,online
T00627,Transaction,,,,,,,UK,,,,,,AUD,completed,,,,,,,,,London,,,,,,,,,,A0139,M0017,2.67,2024-04-29T08:07:01.833802,atm
T00628,Transaction,,,,,,,SG,,,,,,AUD,completed,,,,,,,,,Singapore,,,,,,,,,,A0029,M0026,178.72,2024-01-29T21:59:44.427499,online
T00629,Transaction,,,,,,,AU,,,,,,AUD,completed,,,,,,,,,Sydney,,,,,,,,,,A0094,M0010,14.9,2024-04-21T15:27:47.730231,mobile
T00630,Transaction,,,,,,,AU,,,,,,AUD,completed,,,,,,,,,Perth,,,,,,,,,,A0014,M0030,36.28,2024-01-06T06:15:33.617175,wire
T00631,Transaction,,,,,,,AU,,,,,,AUD,completed,,,,,,,,,Brisbane,,,,,,,,,,A0061,M0024,25.27,2024-03-16T20:25:26.021774,atm
T00632,Transaction,,,,,,,US,,,,,,AUD,completed,,,,,,,,,New York,,,,,,,,,,A0029,M0011,15.89,2024-03-15T16:18:52.800368,pos
T00633,Transaction,,,,,,,US,,,,,,AUD,completed,,,,,,,,,New York,,,,,,,,,,A0057,M0003,29.49,2024-06-10T04:17:00.736243,pos
T00634,Transaction,,,,,,,SG,,,,,,AUD,reversed,,,,,,,,,Singapore,,,,,,,,,,A0117,M0006,25.32,2024-05-10T06:54:12.106210,atm
T00635,Transaction,,,,,,,US,,,,,,AUD,completed,,,,,,,,,New York,,,,,,,,,,A0052,M0011,2.74,2024-01-11T19:07:37.452329,pos
T00636,Transaction,,,,,,,NG,,,,,,AUD,completed,,,,,,,,,Lagos,,,,,,,,,,A0120,M0015,16.4,2024-02-09T19:02:37.979176,atm
T00637,Transaction,,,,,,,US,,,,,,AUD,completed,,,,,,,,,New York,,,,,,,,,,A0044,M0019,0.2,2024-04-17T01:49:38.297661,mobile
T00638,Transaction,,,,,,,AU,,,,,,AUD,failed,,,,,,,,,Brisbane,,,,,,,,,,A0110,M0024,91.82,2024-03-19T14:22:35.182167,pos
T00639,Transaction,,,,,,,AU,,,,,,AUD,reversed,,,,,,,,,Perth,,,,,,,,,,A0039,M0030,38.57,2024-06-26T09:55:10.111359,online
T00640,Transaction,,,,,,,SG,,,,,,AUD,completed,,,,,,,,,Singapore,,,,,,,,,,A0130,M0002,25.72,2024-05-26T13:24:30.844958,online
T00641,Transaction,,,,,,,US,,,,,,AUD,completed,,,,,,,,,New York,,,,,,,,,,A0062,M0003,37.41,2024-05-12T10:52:46.622141,pos
T00642,Transaction,,,,,,,AU,,,,,,AUD,completed,,,,,,,,,Melbourne,,,,,,,,,,A0076,M0008,46.26,2024-03-27T20:10:37.707056,atm
T00643,Transaction,,,,,,,AU,,,,,,AUD,completed,,,,,,,,,Brisbane,,,,,,,,,,A0118,M0028,46.9,2024-06-25T17:34:18.701630,mobile
T00644,Transaction,,,,,,,SG,,,,,,AUD,failed,,,,,,,,,Singapore,,,,,,,,,,A0104,M0006,85.44,2024-03-25T00:54:03.241572,online
T00645,Transaction,,,,,,,AU,,,,,,AUD,completed,,,,,,,,,Perth,,,,,,,,,,A0019,M0013,111.51,2024-01-06T22:06:37.360693,mobile
T00646,Transaction,,,,,,,US,,,,,,AUD,completed,,,,,,,,,New York,,,,,,,,,,A0139,M0019,575.59,2024-01-15T15:41:09.875673,atm
T00647,Transaction,,,,,,,UK,,,,,,AUD,completed,,,,,,,,,London,,,,,,,,,,A0015,M0017,16.01,2024-03-07T04:02:27.777909,pos
T00648,Transaction,,,,,,,SG,,,,,,AUD,completed,,,,,,,,,Singapore,,,,,,,,,,A0018,M0018,56.93,2024-06-26T14:33:25.369420,pos
T00649,Transaction,,,,,,,AU,,,,,,AUD,completed,,,,,,,,,Brisbane,,,,,,,,,,A0123,M0024,285.17,2024-06-22T14:20:47.788234,pos
T00650,Transaction,,,,,,,US,,,,,,AUD,completed,,,,,,,,,New York,,,,,,,,,,A0058,M0011,21.89,2024-05-03T02:54:17.833954,atm
T00651,Transaction,,,,,,,AU,,,,,,AUD,completed,,,,,,,,,Brisbane,,,,,,,,,,A0096,M0012,27.21,2024-05-30T03:36:28.387219,mobile
T00652,Transaction,,,,,,,US,,,,,,AUD,completed,,,,,,,,,New York,,,,,,,,,,A0137,M0029,10.72,2024-05-24T18:46:56.636740,online
T00653,Transaction,,,,,,,US,,,,,,AUD,completed,,,,,,,,,New York,,,,,,,,,,A0118,M0003,10.91,2024-05-06T04:07:28.882343,mobile
T00654,Transaction,,,,,,,UK,,,,,,AUD,completed,,,,,,,,,London,,,,,,,,,,A0053,M0017,19.28,2024-06-17T15:23:53.071380,mobile
T00655,Transaction,,,,,,,AU,,,,,,AUD,completed,,,,,,,,,Brisbane,,,,,,,,,,A0114,M0024,50.42,2024-01-12T09:27:09.595177,pos
T00656,Transaction,,,,,,,AU,,,,,,AUD,completed,,,,,,,,,Sydney,,,,,,,,,,A0134,M0021,14.85,2024-04-28T16:37:25.029289,atm
T00657,Transaction,,,,,,,US,,,,,,AUD,completed,,,,,,,,,New York,,,,,,,,,,A0136,M0027,39.81,2024-04-12T16:08:28.374020,atm
T00658,Transaction,,,,,,,AU,,,,,,AUD,completed,,,,,,,,,Melbourne,,,,,,,,,,A0067,M0008,10.94,2024-05-19T07:47:34.289055,online
T00659,Transaction,,,,,,,NG,,,,,,AUD,completed,,,,,,,,,Lagos,,,,,,,,,,A0073,M0015,7.37,2024-02-02T23:49:35.534846,pos
T00660,Transaction,,,,,,,SG,,,,,,AUD,completed,,,,,,,,,Singapore,,,,,,,,,,A0040,M0006,21.5,2024-02-17T03:12:31.913466,pos
T00661,Transaction,,,,,,,UK,,,,,,AUD,reversed,,,,,,,,,London,,,,,,,,,,A0009,M0022,18.65,2024-03-08T11:56:32.935287,wire
T00662,Transaction,,,,,,,AU,,,,,,AUD,completed,,,,,,,,,Sydney,,,,,,,,,,A0137,M0010,40.16,2024-04-27T03:37:39.819687,atm
T00663,Transaction,,,,,,,US,,,,,,AUD,completed,,,,,,,,,New York,,,,,,,,,,A0075,M0025,6.23,2024-06-13T03:29:24.513904,mobile
T00664,Transaction,,,,,,,AU,,,,,,AUD,completed,,,,,,,,,Brisbane,,,,,,,,,,A0029,M0024,31.66,2024-05-02T17:16:05.576614,online
T00665,Transaction,,,,,,,AU,,,,,,AUD,completed,,,,,,,,,Sydney,,,,,,,,,,A0103,M0020,117.52,2024-01-17T17:44:16.923770,online
T00666,Transaction,,,,,,,US,,,,,,AUD,completed,,,,,,,,,New York,,,,,,,,,,A0050,M0019,42.47,2024-05-18T20:15:40.337616,pos
T00667,Transaction,,,,,,,AU,,,,,,AUD,completed,,,,,,,,,Brisbane,,,,,,,,,,A0138,M0028,23.53,2024-01-16T19:33:55.492991,wire
T00668,Transaction,,,,,,,US,,,,,,AUD,completed,,,,,,,,,New York,,,,,,,,,,A0126,M0011,51.15,2024-01-11T03:28:15.064749,atm
T00669,Transaction,,,,,,,AU,,,,,,AUD,reversed,,,,,,,,,Brisbane,,,,,,,,,,A0110,M0012,26.12,2024-03-03T10:20:00.261452,atm
T00670,Transaction,,,,,,,US,,,,,,AUD,completed,,,,,,,,,New York,,,,,,,,,,A0144,M0003,77.54,2024-03-21T02:14:20.236944,pos
T00671,Transaction,,,,,,,AU,,,,,,AUD,reversed,,,,,,,,,Brisbane,,,,,,,,,,A0109,M0024,40.3,2024-02-07T14:36:46.032512,mobile
T00672,Transaction,,,,,,,US,,,,,,AUD,completed,,,,,,,,,New York,,,,,,,,,,A0135,M0011,59.05,2024-03-15T02:41:49.253069,atm
T00673,Transaction,,,,,,,NG,,,,,,AUD,completed,,,,,,,,,Lagos,,,,,,,,,,A0143,M0015,194.1,2024-01-25T18:48:39.821018,pos
T00674,Transaction,,,,,,,SG,,,,,,AUD,completed,,,,,,,,,Singapore,,,,,,,,,,A0075,M0018,29.68,2024-02-24T15:51:25.758558,wire
T00675,Transaction,,,,,,,AU,,,,,,AUD,completed,,,,,,,,,Brisbane,,,,,,,,,,A0144,M0024,30.65,2024-01-01T10:37:42.081664,atm
T00676,Transaction,,,,,,,AU,,,,,,AUD,pending,,,,,,,,,Sydney,,,,,,,,,,A0121,M0004,633.11,2024-03-16T12:07:44.465775,mobile
T00677,Transaction,,,,,,,SG,,,,,,AUD,completed,,,,,,,,,Singapore,,,,,,,,,,A0063,M0001,11.2,2024-06-28T23:22:56.468907,online
T00678,Transaction,,,,,,,US,,,,,,AUD,reversed,,,,,,,,,New York,,,,,,,,,,A0093,M0019,30.84,2024-02-16T16:22:03.792673,mobile
T00679,Transaction,,,,,,,AU,,,,,,AUD,completed,,,,,,,,,Brisbane,,,,,,,,,,A0031,M0012,35.19,2024-06-01T23:53:47.816447,pos
T00680,Transaction,,,,,,,US,,,,,,AUD,completed,,,,,,,,,New York,,,,,,,,,,A0038,M0011,25.5,2024-03-05T16:28:56.859443,online
T00681,Transaction,,,,,,,AU,,,,,,AUD,completed,,,,,,,,,Sydney,,,,,,,,,,A0108,M0021,123.63,2024-02-22T11:08:07.160906,wire
T00682,Transaction,,,,,,,UK,,,,,,AUD,completed,,,,,,,,,London,,,,,,,,,,A0020,M0017,6.08,2024-05-18T09:48:38.386814,wire
T00683,Transaction,,,,,,,US,,,,,,AUD,completed,,,,,,,,,New York,,,,,,,,,,A0140,M0011,57.1,2024-05-04T01:34:03.062424,atm
T00684,Transaction,,,,,,,AU,,,,,,AUD,pending,,,,,,,,,Brisbane,,,,,,,,,,A0149,M0012,35.15,2024-03-28T18:24:04.908724,atm
T00685,Transaction,,,,,,,AU,,,,,,AUD,completed,,,,,,,,,Sydney,,,,,,,,,,A0042,M0004,10.28,2024-05-30T12:21:19.879184,wire
T00686,Transaction,,,,,,,AU,,,,,,AUD,completed,,,,,,,,,Brisbane,,,,,,,,,,A0135,M0028,38.37,2024-05-16T21:23:47.379756,online
T00687,Transaction,,,,,,,AU,,,,,,AUD,failed,,,,,,,,,Sydney,,,,,,,,,,A0020,M0004,31.15,2024-03-06T14:59:52.258605,mobile
T00688,Transaction,,,,,,,US,,,,,,AUD,failed,,,,,,,,,New York,,,,,,,,,,A0134,M0025,6.87,2024-01-22T11:11:05.616075,pos
T00689,Transaction,,,,,,,AU,,,,,,AUD,completed,,,,,,,,,Perth,,,,,,,,,,A0037,M0023,17.4,2024-01-24T13:40:05.118315,online
T00690,Transaction,,,,,,,US,,,,,,AUD,completed,,,,,,,,,New York,,,,,,,,,,A0029,M0003,4.85,2024-03-19T01:20:20.483012,pos
T00691,Transaction,,,,,,,US,,,,,,AUD,completed,,,,,,,,,New York,,,,,,,,,,A0132,M0019,19.21,2024-04-30T19:59:43.525782,online
T00692,Transaction,,,,,,,US,,,,,,AUD,completed,,,,,,,,,New York,,,,,,,,,,A0053,M0019,91.2,2024-03-04T15:03:44.089741,online
T00693,Transaction,,,,,,,US,,,,,,AUD,completed,,,,,,,,,New York,,,,,,,,,,A0072,M0019,22.8,2024-03-31T14:45:21.240301,wire
T00694,Transaction,,,,,,,US,,,,,,AUD,completed,,,,,,,,,New York,,,,,,,,,,A0146,M0003,4.68,2024-01-03T12:44:52.258321,pos
T00695,Transaction,,,,,,,SG,,,,,,AUD,pending,,,,,,,,,Singapore,,,,,,,,,,A0073,M0006,197.63,2024-06-25T05:13:51.968851,online
T00696,Transaction,,,,,,,AU,,,,,,AUD,completed,,,,,,,,,Brisbane,,,,,,,,,,A0130,M0028,65.05,2024-04-16T16:16:09.123643,mobile
T00697,Transaction,,,,,,,SG,,,,,,AUD,completed,,,,,,,,,Singapore,,,,,,,,,,A0028,M0006,24.01,2024-03-14T18:31:07.325651,atm
T00698,Transaction,,,,,,,UK,,,,,,AUD,completed,,,,,,,,,London,,,,,,,,,,A0029,M0017,85.77,2024-01-08T08:24:12.953838,atm
T00699,Transaction,,,,,,,AU,,,,,,AUD,completed,,,,,,,,,Sydney,,,,,,,,,,A0099,M0010,23.67,2024-05-04T08:31:48.884611,mobile
T00700,Transaction,,,,,,,AU,,,,,,AUD,pending,,,,,,,,,Sydney,,,,,,,,,,A0105,M0010,189.67,2024-06-04T01:49:30.604376,mobile
T00701,Transaction,,,,,,,SG,,,,,,AUD,completed,,,,,,,,,Singapore,,,,,,,,,,A0095,M0006,59.56,2024-04-04T14:26:43.305586,online
T00702,Transaction,,,,,,,AU,,,,,,AUD,completed,,,,,,,,,Perth,,,,,,,,,,A0102,M0013,11.34,2024-02-06T00:49:52.531130,pos
T00703,Transaction,,,,,,,AU,,,,,,AUD,completed,,,,,,,,,Sydney,,,,,,,,,,A0104,M0004,12.73,2024-03-31T08:08:03.578303,wire
T00704,Transaction,,,,,,,AU,,,,,,AUD,completed,,,,,,,,,Brisbane,,,,,,,,,,A0103,M0012,29.21,2024-03-14T04:54:10.781584,mobile
T00705,Transaction,,,,,,,US,,,,,,AUD,completed,,,,,,,,,New York,,,,,,,,,,A0038,M0025,29.77,2024-03-29T13:41:56.266970,pos
T00706,Transaction,,,,,,,SG,,,,,,AUD,completed,,,,,,,,,Singapore,,,,,,,,,,A0035,M0001,159.84,2024-05-02T22:27:49.496055,pos
T00707,Transaction,,,,,,,US,,,,,,AUD,completed,,,,,,,,,New York,,,,,,,,,,A0025,M0025,472.28,2024-02-06T13:11:29.548818,mobile
T00708,Transaction,,,,,,,SG,,,,,,AUD,reversed,,,,,,,,,Singapore,,,,,,,,,,A0067,M0018,3.34,2024-04-08T22:31:02.736782,online
T00709,Transaction,,,,,,,AU,,,,,,AUD,completed,,,,,,,,,Perth,,,,,,,,,,A0031,M0013,16.48,2024-03-21T02:27:50.037230,online
T00710,Transaction,,,,,,,UK,,,,,,AUD,completed,,,,,,,,,London,,,,,,,,,,A0143,M0022,96.01,2024-05-07T19:07:16.252312,mobile
T00711,Transaction,,,,,,,AU,,,,,,AUD,completed,,,,,,,,,Perth,,,,,,,,,,A0080,M0023,12.58,2024-04-12T23:06:25.529038,mobile
T00712,Transaction,,,,,,,US,,,,,,AUD,completed,,,,,,,,,New York,,,,,,,,,,A0139,M0019,28.73,2024-01-29T07:00:53.269557,online
T00713,Transaction,,,,,,,US,,,,,,AUD,completed,,,,,,,,,New York,,,,,,,,,,A0127,M0019,22.64,2024-01-09T03:59:40.400908,atm
T00714,Transaction,,,,,,,SG,,,,,,AUD,completed,,,,,,,,,Singapore,,,,,,,,,,A0150,M0001,142.09,2024-03-09T21:12:38.710426,mobile
T00715,Transaction,,,,,,,NG,,,,,,AUD,completed,,,,,,,,,Lagos,,,,,,,,,,A0092,M0014,13.41,2024-02-14T19:38:05.697927,atm
T00716,Transaction,,,,,,,AU,,,,,,AUD,completed,,,,,,,,,Brisbane,,,,,,,,,,A0017,M0028,18.06,2024-01-04T13:37:43.987475,atm
T00717,Transaction,,,,,,,US,,,,,,AUD,completed,,,,,,,,,New York,,,,,,,,,,A0109,M0019,34.9,2024-01-04T16:37:38.902339,mobile
T00718,Transaction,,,,,,,AU,,,,,,AUD,completed,,,,,,,,,Perth,,,,,,,,,,A0082,M0013,41.01,2024-01-18T16:31:13.165924,mobile
T00719,Transaction,,,,,,,US,,,,,,AUD,completed,,,,,,,,,New York,,,,,,,,,,A0053,M0011,31.95,2024-04-30T19:07:53.541506,pos
T00720,Transaction,,,,,,,NG,,,,,,AUD,completed,,,,,,,,,Lagos,,,,,,,,,,A0094,M0014,6.15,2024-06-25T07:31:19.035563,online
T00721,Transaction,,,,,,,SG,,,,,,AUD,completed,,,,,,,,,Singapore,,,,,,,,,,A0138,M0007,20.91,2024-06-29T07:36:47.159848,mobile
T00722,Transaction,,,,,,,AU,,,,,,AUD,completed,,,,,,,,,Perth,,,,,,,,,,A0024,M0023,23.1,2024-05-25T00:21:02.004740,mobile
T00723,Transaction,,,,,,,SG,,,,,,AUD,completed,,,,,,,,,Singapore,,,,,,,,,,A0089,M0026,33.57,2024-04-30T02:03:21.215284,atm
T00724,Transaction,,,,,,,SG,,,,,,AUD,failed,,,,,,,,,Singapore,,,,,,,,,,A0103,M0009,53.01,2024-05-18T04:23:34.734004,pos
T00725,Transaction,,,,,,,AU,,,,,,AUD,completed,,,,,,,,,Brisbane,,,,,,,,,,A0133,M0028,9.13,2024-04-29T14:32:31.928565,mobile
T00726,Transaction,,,,,,,SG,,,,,,AUD,completed,,,,,,,,,Singapore,,,,,,,,,,A0137,M0026,91.86,2024-03-19T12:05:56.983890,wire
T00727,Transaction,,,,,,,UK,,,,,,AUD,completed,,,,,,,,,London,,,,,,,,,,A0016,M0017,10.52,2024-02-13T12:11:03.946017,atm
T00728,Transaction,,,,,,,US,,,,,,AUD,completed,,,,,,,,,New York,,,,,,,,,,A0106,M0011,198.33,2024-02-18T07:33:52.528912,atm
T00729,Transaction,,,,,,,UK,,,,,,AUD,completed,,,,,,,,,London,,,,,,,,,,A0066,M0022,47.03,2024-01-21T13:17:54.444744,pos
T00730,Transaction,,,,,,,NG,,,,,,AUD,completed,,,,,,,,,Lagos,,,,,,,,,,A0080,M0015,1.04,2024-03-17T09:15:03.944624,online
T00731,Transaction,,,,,,,AU,,,,,,AUD,reversed,,,,,,,,,Melbourne,,,,,,,,,,A0070,M0005,11.96,2024-04-26T14:48:44.494225,online
T00732,Transaction,,,,,,,SG,,,,,,AUD,failed,,,,,,,,,Singapore,,,,,,,,,,A0125,M0026,3.86,2024-06-05T22:59:39.160421,mobile
T00733,Transaction,,,,,,,AU,,,,,,AUD,completed,,,,,,,,,Perth,,,,,,,,,,A0024,M0013,43.13,2024-06-20T21:23:09.706111,wire
T00734,Transaction,,,,,,,AU,,,,,,AUD,completed,,,,,,,,,Melbourne,,,,,,,,,,A0024,M0008,81.94,2024-02-26T17:27:16.093598,wire
T00735,Transaction,,,,,,,AU,,,,,,AUD,completed,,,,,,,,,Perth,,,,,,,,,,A0061,M0030,27.51,2024-02-01T16:52:12.308205,atm
T00736,Transaction,,,,,,,AU,,,,,,AUD,completed,,,,,,,,,Brisbane,,,,,,,,,,A0066,M0028,47.53,2024-03-08T19:43:06.430741,online
T00737,Transaction,,,,,,,US,,,,,,AUD,completed,,,,,,,,,New York,,,,,,,,,,A0109,M0016,12.28,2024-05-28T16:00:40.142656,online
T00738,Transaction,,,,,,,US,,,,,,AUD,completed,,,,,,,,,New York,,,,,,,,,,A0009,M0027,384.41,2024-01-10T21:29:47.972125,pos
T00739,Transaction,,,,,,,AU,,,,,,AUD,completed,,,,,,,,,Sydney,,,,,,,,,,A0099,M0010,86.09,2024-06-12T11:18:51.972038,online
T00740,Transaction,,,,,,,AU,,,,,,AUD,completed,,,,,,,,,Brisbane,,,,,,,,,,A0061,M0028,29.39,2024-06-22T21:29:21.016642,atm
T00741,Transaction,,,,,,,AU,,,,,,AUD,completed,,,,,,,,,Sydney,,,,,,,,,,A0061,M0010,337.8,2024-06-08T04:24:20.603582,mobile
T00742,Transaction,,,,,,,AU,,,,,,AUD,completed,,,,,,,,,Brisbane,,,,,,,,,,A0071,M0028,31.03,2024-06-16T16:42:14.122271,atm
T00743,Transaction,,,,,,,US,,,,,,AUD,completed,,,,,,,,,New York,,,,,,,,,,A0026,M0027,12.86,2024-01-13T00:17:57.351106,mobile
T00744,Transaction,,,,,,,AU,,,,,,AUD,completed,,,,,,,,,Brisbane,,,,,,,,,,A0141,M0024,10.28,2024-05-17T22:01:16.802864,pos
T00745,Transaction,,,,,,,SG,,,,,,AUD,completed,,,,,,,,,Singapore,,,,,,,,,,A0035,M0001,19.1,2024-02-26T18:48:27.038569,online
T00746,Transaction,,,,,,,UK,,,,,,AUD,completed,,,,,,,,,London,,,,,,,,,,A0064,M0017,219.61,2024-04-27T12:02:25.378818,pos
T00747,Transaction,,,,,,,SG,,,,,,AUD,completed,,,,,,,,,Singapore,,,,,,,,,,A0106,M0026,172.29,2024-06-07T02:30:33.786006,pos
T00748,Transaction,,,,,,,SG,,,,,,AUD,failed,,,,,,,,,Singapore,,,,,,,,,,A0084,M0026,20.28,2024-03-07T12:51:09.008610,mobile
T00749,Transaction,,,,,,,AU,,,,,,AUD,reversed,,,,,,,,,Melbourne,,,,,,,,,,A0147,M0008,45.18,2024-02-11T09:30:15.392536,online
T00750,Transaction,,,,,,,SG,,,,,,AUD,completed,,,,,,,,,Singapore,,,,,,,,,,A0051,M0009,54.51,2024-03-13T14:05:44.353919,mobile
T00751,Transaction,,,,,,,US,,,,,,AUD,completed,,,,,,,,,New York,,,,,,,,,,A0039,M0003,38.11,2024-04-05T04:14:20.292855,mobile
T00752,Transaction,,,,,,,AU,,,,,,AUD,completed,,,,,,,,,Sydney,,,,,,,,,,A0127,M0004,16.25,2024-06-20T05:39:04.706232,atm
T00753,Transaction,,,,,,,AU,,,,,,AUD,completed,,,,,,,,,Perth,,,,,,,,,,A0127,M0013,8.3,2024-03-16T17:13:47.371561,mobile
T00754,Transaction,,,,,,,AU,,,,,,AUD,completed,,,,,,,,,Sydney,,,,,,,,,,A0008,M0010,28.95,2024-04-15T12:07:51.484614,mobile
T00755,Transaction,,,,,,,AU,,,,,,AUD,completed,,,,,,,,,Melbourne,,,,,,,,,,A0121,M0005,25.34,2024-03-10T09:54:15.328136,mobile
T00756,Transaction,,,,,,,US,,,,,,AUD,pending,,,,,,,,,New York,,,,,,,,,,A0066,M0003,21.12,2024-06-13T09:20:09.881913,wire
T00757,Transaction,,,,,,,SG,,,,,,AUD,completed,,,,,,,,,Singapore,,,,,,,,,,A0012,M0001,8.73,2024-02-24T18:05:31.030468,mobile
T00758,Transaction,,,,,,,US,,,,,,AUD,completed,,,,,,,,,New York,,,,,,,,,,A0034,M0029,44.36,2024-02-17T02:42:24.973091,wire
T00759,Transaction,,,,,,,US,,,,,,AUD,completed,,,,,,,,,New York,,,,,,,,,,A0087,M0029,30.81,2024-05-08T13:21:00.778789,mobile
T00760,Transaction,,,,,,,US,,,,,,AUD,completed,,,,,,,,,New York,,,,,,,,,,A0030,M0011,87.8,2024-02-17T17:45:52.176844,atm
T00761,Transaction,,,,,,,US,,,,,,AUD,failed,,,,,,,,,New York,,,,,,,,,,A0043,M0011,86.36,2024-06-20T23:01:12.833377,wire
T00762,Transaction,,,,,,,SG,,,,,,AUD,completed,,,,,,,,,Singapore,,,,,,,,,,A0113,M0002,9.67,2024-01-30T14:28:57.836553,mobile
T00763,Transaction,,,,,,,SG,,,,,,AUD,completed,,,,,,,,,Singapore,,,,,,,,,,A0127,M0002,41.72,2024-01-21T08:39:37.437392,pos
T00764,Transaction,,,,,,,SG,,,,,,AUD,completed,,,,,,,,,Singapore,,,,,,,,,,A0024,M0007,83.52,2024-01-31T11:04:24.553188,wire
T00765,Transaction,,,,,,,US,,,,,,AUD,completed,,,,,,,,,New York,,,,,,,,,,A0145,M0029,50.72,2024-06-29T15:19:54.440588,online
T00766,Transaction,,,,,,,SG,,,,,,AUD,failed,,,,,,,,,Singapore,,,,,,,,,,A0147,M0006,27.48,2024-05-19T01:17:34.392559,online
T00767,Transaction,,,,,,,AU,,,,,,AUD,pending,,,,,,,,,Sydney,,,,,,,,,,A0007,M0010,106.57,2024-03-12T08:16:25.043587,wire
T00768,Transaction,,,,,,,US,,,,,,AUD,completed,,,,,,,,,New York,,,,,,,,,,A0028,M0027,22.78,2024-03-24T07:15:10.569206,mobile
T00769,Transaction,,,,,,,AU,,,,,,AUD,reversed,,,,,,,,,Sydney,,,,,,,,,,A0069,M0020,53.79,2024-01-08T22:28:16.917408,wire
T00770,Transaction,,,,,,,AU,,,,,,AUD,completed,,,,,,,,,Brisbane,,,,,,,,,,A0084,M0024,66.84,2024-06-05T06:04:59.871276,atm
T00771,Transaction,,,,,,,AU,,,,,,AUD,completed,,,,,,,,,Brisbane,,,,,,,,,,A0015,M0024,22.06,2024-02-02T05:16:44.106910,mobile
T00772,Transaction,,,,,,,SG,,,,,,AUD,completed,,,,,,,,,Singapore,,,,,,,,,,A0054,M0006,22.55,2024-04-27T03:17:52.069639,pos
T00773,Transaction,,,,,,,SG,,,,,,AUD,completed,,,,,,,,,Singapore,,,,,,,,,,A0126,M0026,16.13,2024-02-26T03:04:48.282694,wire
T00774,Transaction,,,,,,,US,,,,,,AUD,completed,,,,,,,,,New York,,,,,,,,,,A0025,M0027,23.55,2024-03-21T15:00:06.661487,mobile
T00775,Transaction,,,,,,,AU,,,,,,AUD,completed,,,,,,,,,Sydney,,,,,,,,,,A0145,M0020,17.28,2024-05-26T18:57:34.193391,wire
T00776,Transaction,,,,,,,US,,,,,,AUD,completed,,,,,,,,,New York,,,,,,,,,,A0110,M0003,7.87,2024-03-24T21:33:07.414807,pos
T00777,Transaction,,,,,,,AU,,,,,,AUD,completed,,,,,,,,,Perth,,,,,,,,,,A0040,M0030,32.27,2024-04-04T23:12:01.055373,atm
T00778,Transaction,,,,,,,AU,,,,,,AUD,completed,,,,,,,,,Perth,,,,,,,,,,A0021,M0030,80.42,2024-06-27T03:18:17.986806,atm
T00779,Transaction,,,,,,,NG,,,,,,AUD,completed,,,,,,,,,Lagos,,,,,,,,,,A0134,M0014,21.28,2024-01-14T20:27:26.156665,online
T00780,Transaction,,,,,,,NG,,,,,,AUD,completed,,,,,,,,,Lagos,,,,,,,,,,A0131,M0014,23.7,2024-05-10T09:01:35.893840,atm
T00781,Transaction,,,,,,,US,,,,,,AUD,completed,,,,,,,,,New York,,,,,,,,,,A0150,M0003,83.25,2024-05-22T07:09:11.845824,mobile
T00782,Transaction,,,,,,,US,,,,,,AUD,completed,,,,,,,,,New York,,,,,,,,,,A0107,M0029,61.15,2024-05-11T01:28:02.319273,mobile
T00783,Transaction,,,,,,,US,,,,,,AUD,completed,,,,,,,,,New York,,,,,,,,,,A0068,M0011,15.03,2024-05-15T05:05:43.306516,wire
T00784,Transaction,,,,,,,NG,,,,,,AUD,completed,,,,,,,,,Lagos,,,,,,,,,,A0028,M0014,35.56,2024-01-22T02:51:01.306906,pos
T00785,Transaction,,,,,,,AU,,,,,,AUD,completed,,,,,,,,,Perth,,,,,,,,,,A0118,M0023,18.71,2024-05-14T17:00:29.627214,mobile
T00786,Transaction,,,,,,,AU,,,,,,AUD,completed,,,,,,,,,Perth,,,,,,,,,,A0093,M0023,105.14,2024-03-12T11:52:04.801380,atm
T00787,Transaction,,,,,,,SG,,,,,,AUD,completed,,,,,,,,,Singapore,,,,,,,,,,A0035,M0001,54.44,2024-01-05T20:29:08.337138,mobile
T00788,Transaction,,,,,,,NG,,,,,,AUD,completed,,,,,,,,,Lagos,,,,,,,,,,A0062,M0014,36.12,2024-05-19T07:40:07.175869,pos
T00789,Transaction,,,,,,,AU,,,,,,AUD,completed,,,,,,,,,Sydney,,,,,,,,,,A0006,M0004,14.72,2024-05-07T04:05:10.216308,mobile
T00790,Transaction,,,,,,,US,,,,,,AUD,completed,,,,,,,,,New York,,,,,,,,,,A0116,M0019,15.62,2024-05-30T03:08:02.804655,mobile
T00791,Transaction,,,,,,,AU,,,,,,AUD,completed,,,,,,,,,Sydney,,,,,,,,,,A0003,M0004,84.41,2024-06-26T06:53:28.530246,mobile
T00792,Transaction,,,,,,,AU,,,,,,AUD,pending,,,,,,,,,Sydney,,,,,,,,,,A0142,M0010,6.77,2024-04-02T22:01:02.114582,wire
T00793,Transaction,,,,,,,AU,,,,,,AUD,completed,,,,,,,,,Melbourne,,,,,,,,,,A0125,M0008,84.37,2024-03-17T09:11:15.916240,atm
T00794,Transaction,,,,,,,US,,,,,,AUD,pending,,,,,,,,,New York,,,,,,,,,,A0069,M0029,520.04,2024-01-22T03:59:26.075564,wire
T00795,Transaction,,,,,,,NG,,,,,,AUD,completed,,,,,,,,,Lagos,,,,,,,,,,A0089,M0015,19.29,2024-03-03T05:40:23.020698,pos
T00796,Transaction,,,,,,,AU,,,,,,AUD,failed,,,,,,,,,Perth,,,,,,,,,,A0087,M0030,125.74,2024-04-28T21:49:34.121413,pos
T00797,Transaction,,,,,,,NG,,,,,,AUD,completed,,,,,,,,,Lagos,,,,,,,,,,A0100,M0014,269.78,2024-05-12T23:02:08.312506,mobile
T00798,Transaction,,,,,,,AU,,,,,,AUD,completed,,,,,,,,,Sydney,,,,,,,,,,A0042,M0020,4.72,2024-01-16T14:25:03.371332,mobile
T00799,Transaction,,,,,,,SG,,,,,,AUD,completed,,,,,,,,,Singapore,,,,,,,,,,A0052,M0006,42.19,2024-03-16T07:02:09.845755,mobile
T00800,Transaction,,,,,,,SG,,,,,,AUD,completed,,,,,,,,,Singapore,,,,,,,,,,A0054,M0018,112.12,2024-01-29T16:58:55.705491,wire
T00801,Transaction,,,,,,,US,,,,,,AUD,completed,,,,,,,,,New York,,,,,,,,,,A0017,M0011,22.79,2024-01-22T20:16:07.732463,pos
T00802,Transaction,,,,,,,SG,,,,,,AUD,failed,,,,,,,,,Singapore,,,,,,,,,,A0088,M0026,24.23,2024-06-07T20:47:17.099818,atm
T00803,Transaction,,,,,,,AU,,,,,,AUD,completed,,,,,,,,,Sydney,,,,,,,,,,A0132,M0020,108.68,2024-06-16T17:17:23.408451,mobile
T00804,Transaction,,,,,,,AU,,,,,,AUD,completed,,,,,,,,,Sydney,,,,,,,,,,A0029,M0004,146.26,2024-06-04T08:50:05.676433,online
T00805,Transaction,,,,,,,UK,,,,,,AUD,completed,,,,,,,,,London,,,,,,,,,,A0011,M0017,3.69,2024-06-06T15:03:25.184596,atm
T00806,Transaction,,,,,,,AU,,,,,,AUD,completed,,,,,,,,,Perth,,,,,,,,,,A0075,M0023,25.95,2024-05-12T14:12:19.540961,online
T00807,Transaction,,,,,,,US,,,,,,AUD,completed,,,,,,,,,New York,,,,,,,,,,A0094,M0011,70.05,2024-02-06T13:00:41.741489,mobile
T00808,Transaction,,,,,,,AU,,,,,,AUD,completed,,,,,,,,,Melbourne,,,,,,,,,,A0002,M0008,122.67,2024-02-21T21:40:40.998007,pos
T00809,Transaction,,,,,,,AU,,,,,,AUD,completed,,,,,,,,,Perth,,,,,,,,,,A0096,M0023,75.23,2024-04-30T08:44:21.794460,pos
T00810,Transaction,,,,,,,NG,,,,,,AUD,failed,,,,,,,,,Lagos,,,,,,,,,,A0136,M0014,65.75,2024-03-18T14:48:23.230866,mobile
T00811,Transaction,,,,,,,SG,,,,,,AUD,pending,,,,,,,,,Singapore,,,,,,,,,,A0133,M0026,19.8,2024-05-09T21:21:58.305901,wire
T00812,Transaction,,,,,,,US,,,,,,AUD,completed,,,,,,,,,New York,,,,,,,,,,A0022,M0011,159.2,2024-04-26T02:31:38.054259,wire
T00813,Transaction,,,,,,,AU,,,,,,AUD,completed,,,,,,,,,Sydney,,,,,,,,,,A0134,M0010,7.73,2024-05-06T20:14:00.505302,atm
T00814,Transaction,,,,,,,AU,,,,,,AUD,pending,,,,,,,,,Perth,,,,,,,,,,A0081,M0030,5.18,2024-06-11T22:30:20.947965,wire
T00815,Transaction,,,,,,,NG,,,,,,AUD,completed,,,,,,,,,Lagos,,,,,,,,,,A0104,M0015,461.61,2024-04-23T00:13:06.429492,wire
T00816,Transaction,,,,,,,US,,,,,,AUD,completed,,,,,,,,,New York,,,,,,,,,,A0089,M0029,205.95,2024-05-20T08:20:20.592241,atm
T00817,Transaction,,,,,,,US,,,,,,AUD,reversed,,,,,,,,,New York,,,,,,,,,,A0138,M0011,14.8,2024-06-08T06:10:46.836037,wire
T00818,Transaction,,,,,,,SG,,,,,,AUD,completed,,,,,,,,,Singapore,,,,,,,,,,A0073,M0007,5.1,2024-04-04T08:40:58.793021,pos
T00819,Transaction,,,,,,,US,,,,,,AUD,reversed,,,,,,,,,New York,,,,,,,,,,A0139,M0019,1.71,2024-02-25T00:19:27.975961,mobile
T00820,Transaction,,,,,,,AU,,,,,,AUD,completed,,,,,,,,,Brisbane,,,,,,,,,,A0029,M0024,7.81,2024-04-23T11:38:33.102201,atm
T00821,Transaction,,,,,,,NG,,,,,,AUD,completed,,,,,,,,,Lagos,,,,,,,,,,A0032,M0015,6.82,2024-03-23T00:28:16.555581,pos
T00822,Transaction,,,,,,,US,,,,,,AUD,completed,,,,,,,,,New York,,,,,,,,,,A0149,M0019,296.26,2024-02-12T07:47:30.579479,atm
T00823,Transaction,,,,,,,UK,,,,,,AUD,completed,,,,,,,,,London,,,,,,,,,,A0147,M0022,10.06,2024-05-13T11:45:12.698321,online
T00824,Transaction,,,,,,,SG,,,,,,AUD,completed,,,,,,,,,Singapore,,,,,,,,,,A0150,M0007,93.74,2024-01-18T17:39:32.907739,mobile
T00825,Transaction,,,,,,,US,,,,,,AUD,completed,,,,,,,,,New York,,,,,,,,,,A0021,M0003,30.32,2024-03-07T20:12:50.672360,wire
T00826,Transaction,,,,,,,UK,,,,,,AUD,completed,,,,,,,,,London,,,,,,,,,,A0144,M0017,53.38,2024-06-29T08:50:49.750821,mobile
T00827,Transaction,,,,,,,US,,,,,,AUD,completed,,,,,,,,,New York,,,,,,,,,,A0107,M0027,8.13,2024-03-28T17:48:59.631162,mobile
T00828,Transaction,,,,,,,AU,,,,,,AUD,completed,,,,,,,,,Brisbane,,,,,,,,,,A0132,M0028,40.3,2024-03-23T10:23:53.634932,online
T00829,Transaction,,,,,,,AU,,,,,,AUD,completed,,,,,,,,,Brisbane,,,,,,,,,,A0144,M0012,74.83,2024-03-07T21:28:53.160739,atm
T00830,Transaction,,,,,,,AU,,,,,,AUD,completed,,,,,,,,,Sydney,,,,,,,,,,A0040,M0004,15.06,2024-05-23T04:59:19.958820,pos
T00831,Transaction,,,,,,,SG,,,,,,AUD,completed,,,,,,,,,Singapore,,,,,,,,,,A0108,M0002,120.81,2024-02-21T07:26:49.598149,pos
T00832,Transaction,,,,,,,SG,,,,,,AUD,completed,,,,,,,,,Singapore,,,,,,,,,,A0126,M0001,10.04,2024-06-06T13:07:58.339633,mobile
T00833,Transaction,,,,,,,US,,,,,,AUD,completed,,,,,,,,,New York,,,,,,,,,,A0080,M0019,28.56,2024-03-09T07:00:56.370603,wire
T00834,Transaction,,,,,,,UK,,,,,,AUD,failed,,,,,,,,,London,,,,,,,,,,A0036,M0017,107.64,2024-04-30T18:24:24.896360,pos
T00835,Transaction,,,,,,,US,,,,,,AUD,pending,,,,,,,,,New York,,,,,,,,,,A0084,M0003,208.44,2024-03-15T03:25:31.630454,pos
T00836,Transaction,,,,,,,SG,,,,,,AUD,completed,,,,,,,,,Singapore,,,,,,,,,,A0087,M0018,28.16,2024-01-17T00:34:25.851591,pos
T00837,Transaction,,,,,,,AU,,,,,,AUD,completed,,,,,,,,,Sydney,,,,,,,,,,A0147,M0021,266.04,2024-04-11T13:10:36.042378,online
T00838,Transaction,,,,,,,SG,,,,,,AUD,completed,,,,,,,,,Singapore,,,,,,,,,,A0022,M0007,256.0,2024-05-17T03:04:48.985643,wire
T00839,Transaction,,,,,,,UK,,,,,,AUD,completed,,,,,,,,,London,,,,,,,,,,A0122,M0017,5.58,2024-06-09T15:58:36.912181,mobile
T00840,Transaction,,,,,,,AU,,,,,,AUD,completed,,,,,,,,,Sydney,,,,,,,,,,A0137,M0020,13.47,2024-03-29T22:57:31.995718,online
T00841,Transaction,,,,,,,NG,,,,,,AUD,completed,,,,,,,,,Lagos,,,,,,,,,,A0047,M0014,4.16,2024-03-10T03:27:20.562125,online
T00842,Transaction,,,,,,,SG,,,,,,AUD,completed,,,,,,,,,Singapore,,,,,,,,,,A0026,M0018,14.91,2024-02-16T06:07:43.888734,online
T00843,Transaction,,,,,,,UK,,,,,,AUD,completed,,,,,,,,,London,,,,,,,,,,A0105,M0022,5.66,2024-02-28T21:03:46.023216,online
T00844,Transaction,,,,,,,AU,,,,,,AUD,completed,,,,,,,,,Perth,,,,,,,,,,A0077,M0013,98.52,2024-06-19T10:12:45.813903,online
T00845,Transaction,,,,,,,US,,,,,,AUD,completed,,,,,,,,,New York,,,,,,,,,,A0062,M0025,43.02,2024-04-02T01:27:02.924755,wire
T00846,Transaction,,,,,,,SG,,,,,,AUD,completed,,,,,,,,,Singapore,,,,,,,,,,A0030,M0009,6.11,2024-03-14T16:20:24.568221,mobile
T00847,Transaction,,,,,,,AU,,,,,,AUD,completed,,,,,,,,,Perth,,,,,,,,,,A0060,M0030,98.27,2024-06-23T09:20:02.558175,online
T00848,Transaction,,,,,,,AU,,,,,,AUD,completed,,,,,,,,,Sydney,,,,,,,,,,A0143,M0021,77.04,2024-03-14T14:54:15.417502,online
T00849,Transaction,,,,,,,SG,,,,,,AUD,completed,,,,,,,,,Singapore,,,,,,,,,,A0129,M0007,65.3,2024-04-07T19:40:13.058572,pos
T00850,Transaction,,,,,,,NG,,,,,,AUD,reversed,,,,,,,,,Lagos,,,,,,,,,,A0138,M0014,280.06,2024-01-08T13:32:41.260960,mobile
T00851,Transaction,,,,,,,AU,,,,,,AUD,reversed,,,,,,,,,Sydney,,,,,,,,,,A0075,M0021,185.58,2024-04-18T05:08:15.045068,mobile
T00852,Transaction,,,,,,,US,,,,,,AUD,completed,,,,,,,,,New York,,,,,,,,,,A0055,M0019,87.87,2024-01-30T05:11:32.746434,wire
T00853,Transaction,,,,,,,US,,,,,,AUD,reversed,,,,,,,,,New York,,,,,,,,,,A0077,M0003,25.9,2024-01-26T06:38:26.755696,wire
T00854,Transaction,,,,,,,SG,,,,,,AUD,reversed,,,,,,,,,Singapore,,,,,,,,,,A0111,M0007,10.21,2024-03-03T00:24:27.192342,atm
T00855,Transaction,,,,,,,SG,,,,,,AUD,pending,,,,,,,,,Singapore,,,,,,,,,,A0116,M0009,18.11,2024-04-18T12:17:14.534530,online
T00856,Transaction,,,,,,,AU,,,,,,AUD,completed,,,,,,,,,Sydney,,,,,,,,,,A0035,M0021,305.51,2024-01-01T18:35:20.586952,online
T00857,Transaction,,,,,,,SG,,,,,,AUD,completed,,,,,,,,,Singapore,,,,,,,,,,A0106,M0018,106.68,2024-05-22T12:03:14.186152,online
T00858,Transaction,,,,,,,UK,,,,,,AUD,completed,,,,,,,,,London,,,,,,,,,,A0114,M0022,17.49,2024-03-11T00:02:47.380832,online
T00859,Transaction,,,,,,,AU,,,,,,AUD,completed,,,,,,,,,Perth,,,,,,,,,,A0095,M0030,262.95,2024-05-03T04:19:41.180117,atm
T00860,Transaction,,,,,,,SG,,,,,,AUD,completed,,,,,,,,,Singapore,,,,,,,,,,A0078,M0026,59.48,2024-03-30T09:06:17.529768,atm
T00861,Transaction,,,,,,,US,,,,,,AUD,completed,,,,,,,,,New York,,,,,,,,,,A0127,M0029,96.18,2024-01-02T06:59:46.241657,mobile
T00862,Transaction,,,,,,,US,,,,,,AUD,completed,,,,,,,,,New York,,,,,,,,,,A0072,M0019,33.14,2024-02-05T01:44:16.788388,wire
T00863,Transaction,,,,,,,SG,,,,,,AUD,failed,,,,,,,,,Singapore,,,,,,,,,,A0145,M0006,9.88,2024-04-13T03:39:35.621050,pos
T00864,Transaction,,,,,,,SG,,,,,,AUD,pending,,,,,,,,,Singapore,,,,,,,,,,A0071,M0007,69.26,2024-06-08T20:11:41.317295,online
T00865,Transaction,,,,,,,AU,,,,,,AUD,completed,,,,,,,,,Brisbane,,,,,,,,,,A0014,M0028,162.68,2024-06-29T02:44:33.123608,atm
T00866,Transaction,,,,,,,NG,,,,,,AUD,completed,,,,,,,,,Lagos,,,,,,,,,,A0133,M0015,32.5,2024-01-08T20:48:37.968515,pos
T00867,Transaction,,,,,,,SG,,,,,,AUD,failed,,,,,,,,,Singapore,,,,,,,,,,A0108,M0018,29.79,2024-02-05T05:22:39.928839,online
T00868,Transaction,,,,,,,AU,,,,,,AUD,completed,,,,,,,,,Brisbane,,,,,,,,,,A0007,M0024,5.37,2024-06-22T08:34:39.237361,pos
T00869,Transaction,,,,,,,AU,,,,,,AUD,completed,,,,,,,,,Sydney,,,,,,,,,,A0085,M0010,5.98,2024-01-05T08:21:29.568918,atm
T00870,Transaction,,,,,,,AU,,,,,,AUD,completed,,,,,,,,,Sydney,,,,,,,,,,A0064,M0004,8.84,2024-05-30T16:27:21.868234,atm
T00871,Transaction,,,,,,,US,,,,,,AUD,completed,,,,,,,,,New York,,,,,,,,,,A0061,M0003,147.25,2024-05-18T07:14:39.084338,mobile
T00872,Transaction,,,,,,,SG,,,,,,AUD,completed,,,,,,,,,Singapore,,,,,,,,,,A0022,M0002,131.35,2024-06-10T02:31:25.505454,online
T00873,Transaction,,,,,,,AU,,,,,,AUD,completed,,,,,,,,,Perth,,,,,,,,,,A0016,M0030,49.46,2024-01-19T10:20:20.455295,online
T00874,Transaction,,,,,,,AU,,,,,,AUD,failed,,,,,,,,,Brisbane,,,,,,,,,,A0076,M0028,25.28,2024-05-16T02:31:43.773214,pos
T00875,Transaction,,,,,,,NG,,,,,,AUD,completed,,,,,,,,,Lagos,,,,,,,,,,A0003,M0015,10.31,2024-06-08T06:27:05.038385,wire
T00876,Transaction,,,,,,,NG,,,,,,AUD,completed,,,,,,,,,Lagos,,,,,,,,,,A0007,M0015,36.09,2024-01-20T13:10:50.255176,online
T00877,Transaction,,,,,,,US,,,,,,AUD,completed,,,,,,,,,New York,,,,,,,,,,A0018,M0019,69.33,2024-04-13T18:02:00.617525,wire
T00878,Transaction,,,,,,,US,,,,,,AUD,completed,,,,,,,,,New York,,,,,,,,,,A0108,M0016,76.14,2024-02-14T00:15:15.709968,online
T00879,Transaction,,,,,,,US,,,,,,AUD,completed,,,,,,,,,New York,,,,,,,,,,A0080,M0019,1.25,2024-05-16T12:59:56.654160,atm
T00880,Transaction,,,,,,,US,,,,,,AUD,completed,,,,,,,,,New York,,,,,,,,,,A0139,M0025,8.37,2024-04-19T04:51:47.891721,atm
T00881,Transaction,,,,,,,UK,,,,,,AUD,completed,,,,,,,,,London,,,,,,,,,,A0003,M0017,57.58,2024-01-11T08:59:16.277182,wire
T00882,Transaction,,,,,,,AU,,,,,,AUD,completed,,,,,,,,,Brisbane,,,,,,,,,,A0144,M0028,8.19,2024-06-25T17:57:46.058593,pos
T00883,Transaction,,,,,,,SG,,,,,,AUD,completed,,,,,,,,,Singapore,,,,,,,,,,A0088,M0007,102.74,2024-06-26T17:28:28.643918,wire
T00884,Transaction,,,,,,,US,,,,,,AUD,completed,,,,,,,,,New York,,,,,,,,,,A0149,M0019,27.12,2024-03-23T05:29:17.866085,online
T00885,Transaction,,,,,,,AU,,,,,,AUD,completed,,,,,,,,,Sydney,,,,,,,,,,A0001,M0021,15.79,2024-04-22T22:18:30.802903,pos
T00886,Transaction,,,,,,,SG,,,,,,AUD,completed,,,,,,,,,Singapore,,,,,,,,,,A0085,M0026,61.68,2024-02-03T08:21:29.379837,online
T00887,Transaction,,,,,,,AU,,,,,,AUD,completed,,,,,,,,,Brisbane,,,,,,,,,,A0019,M0012,19.39,2024-04-16T00:13:18.079405,atm
T00888,Transaction,,,,,,,SG,,,,,,AUD,completed,,,,,,,,,Singapore,,,,,,,,,,A0008,M0007,15.59,2024-06-09T06:06:01.458621,pos
T00889,Transaction,,,,,,,AU,,,,,,AUD,completed,,,,,,,,,Melbourne,,,,,,,,,,A0142,M0008,10.25,2024-01-21T02:02:57.758734,pos
T00890,Transaction,,,,,,,AU,,,,,,AUD,failed,,,,,,,,,Brisbane,,,,,,,,,,A0062,M0012,216.79,2024-06-19T08:24:23.999917,wire
T00891,Transaction,,,,,,,AU,,,,,,AUD,completed,,,,,,,,,Sydney,,,,,,,,,,A0017,M0004,70.18,2024-03-09T10:52:52.966798,atm
T00892,Transaction,,,,,,,AU,,,,,,AUD,completed,,,,,,,,,Sydney,,,,,,,,,,A0110,M0021,44.46,2024-04-06T22:04:28.121282,pos
T00893,Transaction,,,,,,,AU,,,,,,AUD,completed,,,,,,,,,Sydney,,,,,,,,,,A0014,M0021,90.42,2024-01-15T17:38:06.204688,mobile
T00894,Transaction,,,,,,,SG,,,,,,AUD,completed,,,,,,,,,Singapore,,,,,,,,,,A0017,M0006,35.56,2024-04-26T18:11:27.150378,wire
T00895,Transaction,,,,,,,NG,,,,,,AUD,completed,,,,,,,,,Lagos,,,,,,,,,,A0133,M0015,3.33,2024-04-05T02:39:58.734953,mobile
T00896,Transaction,,,,,,,US,,,,,,AUD,completed,,,,,,,,,New York,,,,,,,,,,A0127,M0016,14.94,2024-06-15T17:37:43.002128,wire
T00897,Transaction,,,,,,,AU,,,,,,AUD,completed,,,,,,,,,Melbourne,,,,,,,,,,A0054,M0008,146.01,2024-02-12T10:10:00.001139,pos
T00898,Transaction,,,,,,,US,,,,,,AUD,completed,,,,,,,,,New York,,,,,,,,,,A0097,M0019,19.07,2024-05-16T01:02:57.244583,atm
T00899,Transaction,,,,,,,AU,,,,,,AUD,completed,,,,,,,,,Melbourne,,,,,,,,,,A0091,M0008,45.75,2024-04-22T10:10:14.020440,mobile
T00900,Transaction,,,,,,,NG,,,,,,AUD,completed,,,,,,,,,Lagos,,,,,,,,,,A0111,M0014,19.24,2024-02-19T09:59:47.611977,online
T00901,Transaction,,,,,,,SG,,,,,,AUD,completed,,,,,,,,,Singapore,,,,,,,,,,A0060,M0009,52.82,2024-01-15T22:01:33.642767,wire
T00902,Transaction,,,,,,,SG,,,,,,AUD,completed,,,,,,,,,Singapore,,,,,,,,,,A0021,M0026,18.25,2024-01-22T11:08:44.731652,atm
T00903,Transaction,,,,,,,US,,,,,,AUD,completed,,,,,,,,,New York,,,,,,,,,,A0052,M0011,13.05,2024-02-24T18:59:47.369081,atm
T00904,Transaction,,,,,,,AU,,,,,,AUD,completed,,,,,,,,,Brisbane,,,,,,,,,,A0036,M0028,243.95,2024-06-14T03:23:22.959208,online
T00905,Transaction,,,,,,,US,,,,,,AUD,completed,,,,,,,,,New York,,,,,,,,,,A0073,M0027,4.36,2024-02-07T23:41:49.527459,pos
T00906,Transaction,,,,,,,US,,,,,,AUD,completed,,,,,,,,,New York,,,,,,,,,,A0142,M0025,23.41,2024-03-02T15:49:30.652702,online
T00907,Transaction,,,,,,,NG,,,,,,AUD,failed,,,,,,,,,Lagos,,,,,,,,,,A0049,M0014,208.73,2024-02-07T22:26:10.209189,mobile
T00908,Transaction,,,,,,,AU,,,,,,AUD,completed,,,,,,,,,Brisbane,,,,,,,,,,A0008,M0012,7.2,2024-03-31T11:07:55.623904,atm
T00909,Transaction,,,,,,,NG,,,,,,AUD,completed,,,,,,,,,Lagos,,,,,,,,,,A0108,M0014,62.86,2024-05-20T22:25:37.018837,wire
T00910,Transaction,,,,,,,US,,,,,,AUD,completed,,,,,,,,,New York,,,,,,,,,,A0006,M0019,12.88,2024-04-19T03:26:38.768485,wire
T00911,Transaction,,,,,,,AU,,,,,,AUD,completed,,,,,,,,,Perth,,,,,,,,,,A0101,M0013,12.19,2024-04-06T17:49:37.498090,pos
T00912,Transaction,,,,,,,US,,,,,,AUD,completed,,,,,,,,,New York,,,,,,,,,,A0085,M0019,20.38,2024-05-02T03:42:09.995419,pos
T00913,Transaction,,,,,,,SG,,,,,,AUD,completed,,,,,,,,,Singapore,,,,,,,,,,A0126,M0001,125.32,2024-02-12T04:19:23.759437,wire
T00914,Transaction,,,,,,,AU,,,,,,AUD,completed,,,,,,,,,Brisbane,,,,,,,,,,A0015,M0012,34.68,2024-06-04T14:34:07.381216,mobile
T00915,Transaction,,,,,,,AU,,,,,,AUD,completed,,,,,,,,,Melbourne,,,,,,,,,,A0029,M0005,38.24,2024-01-13T10:42:23.154550,pos
T00916,Transaction,,,,,,,AU,,,,,,AUD,completed,,,,,,,,,Sydney,,,,,,,,,,A0053,M0010,20.48,2024-03-26T22:26:39.931716,wire
T00917,Transaction,,,,,,,US,,,,,,AUD,completed,,,,,,,,,New York,,,,,,,,,,A0080,M0019,3.82,2024-03-24T01:42:24.350245,pos
T00918,Transaction,,,,,,,NG,,,,,,AUD,completed,,,,,,,,,Lagos,,,,,,,,,,A0037,M0015,7.43,2024-05-26T04:03:57.514765,wire
T00919,Transaction,,,,,,,US,,,,,,AUD,completed,,,,,,,,,New York,,,,,,,,,,A0146,M0029,31.99,2024-01-08T01:47:03.582748,online
T00920,Transaction,,,,,,,AU,,,,,,AUD,completed,,,,,,,,,Brisbane,,,,,,,,,,A0117,M0012,138.4,2024-02-23T20:07:02.178918,wire
T00921,Transaction,,,,,,,NG,,,,,,AUD,completed,,,,,,,,,Lagos,,,,,,,,,,A0045,M0014,80.29,2024-06-13T20:39:32.279952,pos
T00922,Transaction,,,,,,,AU,,,,,,AUD,completed,,,,,,,,,Perth,,,,,,,,,,A0025,M0013,50.79,2024-06-09T06:47:37.167729,pos
T00923,Transaction,,,,,,,AU,,,,,,AUD,pending,,,,,,,,,Sydney,,,,,,,,,,A0138,M0010,47.83,2024-05-11T12:04:48.020811,pos
T00924,Transaction,,,,,,,US,,,,,,AUD,completed,,,,,,,,,New York,,,,,,,,,,A0106,M0025,74.75,2024-03-22T14:51:57.282738,atm
T00925,Transaction,,,,,,,NG,,,,,,AUD,failed,,,,,,,,,Lagos,,,,,,,,,,A0012,M0015,64.84,2024-03-03T04:50:56.813633,mobile
T00926,Transaction,,,,,,,SG,,,,,,AUD,completed,,,,,,,,,Singapore,,,,,,,,,,A0102,M0002,118.65,2024-05-15T12:14:55.193714,mobile
T00927,Transaction,,,,,,,SG,,,,,,AUD,completed,,,,,,,,,Singapore,,,,,,,,,,A0022,M0018,102.37,2024-03-20T05:28:17.568403,mobile
T00928,Transaction,,,,,,,SG,,,,,,AUD,completed,,,,,,,,,Singapore,,,,,,,,,,A0042,M0006,195.01,2024-02-02T01:54:56.906459,online
T00929,Transaction,,,,,,,SG,,,,,,AUD,completed,,,,,,,,,Singapore,,,,,,,,,,A0101,M0006,50.98,2024-03-05T19:31:47.579031,pos
T00930,Transaction,,,,,,,SG,,,,,,AUD,completed,,,,,,,,,Singapore,,,,,,,,,,A0137,M0007,29.22,2024-04-24T21:31:46.373974,wire
T00931,Transaction,,,,,,,AU,,,,,,AUD,completed,,,,,,,,,Perth,,,,,,,,,,A0027,M0013,67.0,2024-04-18T06:36:14.551291,online
T00932,Transaction,,,,,,,AU,,,,,,AUD,completed,,,,,,,,,Perth,,,,,,,,,,A0052,M0030,260.28,2024-01-12T10:25:00.954459,online
T00933,Transaction,,,,,,,AU,,,,,,AUD,completed,,,,,,,,,Brisbane,,,,,,,,,,A0043,M0024,10.25,2024-01-20T11:46:42.785014,atm
T00934,Transaction,,,,,,,AU,,,,,,AUD,completed,,,,,,,,,Sydney,,,,,,,,,,A0049,M0020,8.89,2024-06-18T22:40:57.008673,online
T00935,Transaction,,,,,,,AU,,,,,,AUD,completed,,,,,,,,,Brisbane,,,,,,,,,,A0028,M0012,15.52,2024-04-29T02:11:08.287738,atm
T00936,Transaction,,,,,,,SG,,,,,,AUD,completed,,,,,,,,,Singapore,,,,,,,,,,A0095,M0002,10.59,2024-02-24T13:51:53.194036,wire
T00937,Transaction,,,,,,,AU,,,,,,AUD,completed,,,,,,,,,Perth,,,,,,,,,,A0027,M0023,79.11,2024-06-22T14:02:48.320942,wire
T00938,Transaction,,,,,,,UK,,,,,,AUD,reversed,,,,,,,,,London,,,,,,,,,,A0100,M0022,13.25,2024-05-17T20:53:43.919963,atm
T00939,Transaction,,,,,,,US,,,,,,AUD,completed,,,,,,,,,New York,,,,,,,,,,A0124,M0003,13.91,2024-04-15T21:24:01.282388,mobile
T00940,Transaction,,,,,,,UK,,,,,,AUD,completed,,,,,,,,,London,,,,,,,,,,A0060,M0017,7.89,2024-06-11T07:36:35.381290,atm
T00941,Transaction,,,,,,,US,,,,,,AUD,completed,,,,,,,,,New York,,,,,,,,,,A0110,M0025,18.66,2024-01-25T21:32:27.662122,mobile
T00942,Transaction,,,,,,,AU,,,,,,AUD,completed,,,,,,,,,Perth,,,,,,,,,,A0039,M0013,289.65,2024-06-20T04:53:15.016253,atm
T00943,Transaction,,,,,,,AU,,,,,,AUD,completed,,,,,,,,,Sydney,,,,,,,,,,A0082,M0021,92.44,2024-05-27T02:24:52.518990,online
T00944,Transaction,,,,,,,US,,,,,,AUD,completed,,,,,,,,,New York,,,,,,,,,,A0085,M0011,10.47,2024-06-13T02:24:34.771278,pos
T00945,Transaction,,,,,,,AU,,,,,,AUD,completed,,,,,,,,,Sydney,,,,,,,,,,A0057,M0020,164.58,2024-02-03T05:19:17.533307,online
T00946,Transaction,,,,,,,US,,,,,,AUD,completed,,,,,,,,,New York,,,,,,,,,,A0126,M0003,13.03,2024-04-09T08:11:30.494446,pos
T00947,Transaction,,,,,,,NG,,,,,,AUD,completed,,,,,,,,,Lagos,,,,,,,,,,A0021,M0014,64.89,2024-05-10T14:57:03.018464,pos
T00948,Transaction,,,,,,,AU,,,,,,AUD,failed,,,,,,,,,Sydney,,,,,,,,,,A0064,M0010,14.87,2024-04-25T01:03:46.029831,atm
T00949,Transaction,,,,,,,US,,,,,,AUD,completed,,,,,,,,,New York,,,,,,,,,,A0124,M0003,141.15,2024-03-09T08:48:17.176287,mobile
T00950,Transaction,,,,,,,AU,,,,,,AUD,completed,,,,,,,,,Sydney,,,,,,,,,,A0130,M0020,249.1,2024-05-28T08:21:32.189145,mobile
T00951,Transaction,,,,,,,NG,,,,,,AUD,completed,,,,,,,,,Lagos,,,,,,,,,,A0098,M0014,282.49,2024-01-28T15:45:27.329607,pos
T00952,Transaction,,,,,,,AU,,,,,,AUD,completed,,,,,,,,,Sydney,,,,,,,,,,A0119,M0010,28.42,2024-04-19T16:34:26.937539,online
T00953,Transaction,,,,,,,SG,,,,,,AUD,completed,,,,,,,,,Singapore,,,,,,,,,,A0121,M0007,13.78,2024-01-03T07:45:07.483123,wire
T00954,Transaction,,,,,,,US,,,,,,AUD,completed,,,,,,,,,New York,,,,,,,,,,A0096,M0016,23.66,2024-03-12T10:21:29.854569,atm
T00955,Transaction,,,,,,,AU,,,,,,AUD,completed,,,,,,,,,Sydney,,,,,,,,,,A0079,M0021,73.34,2024-05-08T08:27:14.593603,atm
T00956,Transaction,,,,,,,AU,,,,,,AUD,completed,,,,,,,,,Perth,,,,,,,,,,A0099,M0030,26.91,2024-03-27T11:14:23.369981,atm
T00957,Transaction,,,,,,,AU,,,,,,AUD,completed,,,,,,,,,Perth,,,,,,,,,,A0008,M0023,49.42,2024-04-19T14:00:44.643185,pos
T00958,Transaction,,,,,,,UK,,,,,,AUD,completed,,,,,,,,,London,,,,,,,,,,A0149,M0022,158.97,2024-06-14T22:56:20.809815,mobile
T00959,Transaction,,,,,,,UK,,,,,,AUD,reversed,,,,,,,,,London,,,,,,,,,,A0021,M0017,9.97,2024-05-05T05:20:20.596741,wire
T00960,Transaction,,,,,,,US,,,,,,AUD,completed,,,,,,,,,New York,,,,,,,,,,A0098,M0019,16.91,2024-06-07T15:05:01.112703,online
T00961,Transaction,,,,,,,US,,,,,,AUD,completed,,,,,,,,,New York,,,,,,,,,,A0009,M0019,2836.41,2024-05-27T09:00:23.494111,online
T00962,Transaction,,,,,,,AU,,,,,,AUD,completed,,,,,,,,,Sydney,,,,,,,,,,A0009,M0021,262.92,2024-05-06T12:29:42.284610,online
T00963,Transaction,,,,,,,AU,,,,,,AUD,completed,,,,,,,,,Melbourne,,,,,,,,,,A0009,M0005,7782.69,2024-01-18T12:48:22.149709,mobile
T00964,Transaction,,,,,,,SG,,,,,,AUD,completed,,,,,,,,,Singapore,,,,,,,,,,A0009,M0018,1872.22,2024-05-12T16:20:07.701947,mobile
T00965,Transaction,,,,,,,US,,,,,,AUD,completed,,,,,,,,,New York,,,,,,,,,,A0009,M0016,1983.45,2024-02-05T20:12:04.239168,online
T00966,Transaction,,,,,,,UK,,,,,,AUD,completed,,,,,,,,,London,,,,,,,,,,A0009,M0017,778.02,2024-02-03T14:24:41.952906,online
T00967,Transaction,,,,,,,UK,,,,,,AUD,completed,,,,,,,,,London,,,,,,,,,,A0009,M0017,9042.28,2024-02-16T22:37:29.010746,mobile
T00968,Transaction,,,,,,,US,,,,,,AUD,completed,,,,,,,,,New York,,,,,,,,,,A0009,M0027,6437.05,2024-01-20T18:20:42.085831,online
T00969,Transaction,,,,,,,AU,,,,,,AUD,completed,,,,,,,,,Sydney,,,,,,,,,,A0009,M0021,829.77,2024-01-23T13:37:00.407356,online
T00970,Transaction,,,,,,,UK,,,,,,AUD,completed,,,,,,,,,London,,,,,,,,,,A0009,M0022,7653.23,2024-03-28T19:41:03.367009,online
T00971,Transaction,,,,,,,AU,,,,,,AUD,completed,,,,,,,,,Melbourne,,,,,,,,,,A0009,M0005,7934.23,2024-04-30T10:09:35.917111,online
T00972,Transaction,,,,,,,AU,,,,,,AUD,completed,,,,,,,,,Perth,,,,,,,,,,A0009,M0023,3881.52,2024-05-23T07:31:14.574411,mobile
T00973,Transaction,,,,,,,UK,,,,,,AUD,completed,,,,,,,,,London,,,,,,,,,,A0009,M0022,6122.84,2024-05-17T00:01:26.958291,mobile
T00974,Transaction,,,,,,,US,,,,,,AUD,failed,,,,,,,,,New York,,,,,,,,,,A0009,M0019,8205.1,2024-06-29T21:35:22.803247,mobile
T00975,Transaction,,,,,,,US,,,,,,AUD,completed,,,,,,,,,New York,,,,,,,,,,A0027,M0019,8101.45,2024-06-07T00:38:54.117149,online
T00976,Transaction,,,,,,,AU,,,,,,AUD,completed,,,,,,,,,Sydney,,,,,,,,,,A0027,M0021,8902.11,2024-05-11T06:21:23.376639,online
T00977,Transaction,,,,,,,AU,,,,,,AUD,completed,,,,,,,,,Perth,,,,,,,,,,A0027,M0013,2938.78,2024-06-06T06:57:32.197437,online
T00978,Transaction,,,,,,,US,,,,,,AUD,failed,,,,,,,,,New York,,,,,,,,,,A0027,M0027,8724.56,2024-05-04T04:47:13.869432,mobile
T00979,Transaction,,,,,,,AU,,,,,,AUD,completed,,,,,,,,,Melbourne,,,,,,,,,,A0027,M0005,9583.96,2024-06-27T11:58:19.291307,mobile
T00980,Transaction,,,,,,,US,,,,,,AUD,failed,,,,,,,,,New York,,,,,,,,,,A0027,M0019,9702.06,2024-06-07T02:11:57.956510,mobile
T00981,Transaction,,,,,,,UK,,,,,,AUD,completed,,,,,,,,,London,,,,,,,,,,A0027,M0017,4121.62,2024-04-19T19:46:42.754377,online
T00982,Transaction,,,,,,,UK,,,,,,AUD,failed,,,,,,,,,London,,,,,,,,,,A0027,M0022,8599.58,2024-06-27T14:58:10.694721,online
T00983,Transaction,,,,,,,SG,,,,,,AUD,completed,,,,,,,,,Singapore,,,,,,,,,,A0027,M0018,7177.03,2024-04-19T21:33:46.900490,online
T00984,Transaction,,,,,,,AU,,,,,,AUD,completed,,,,,,,,,Perth,,,,,,,,,,A0027,M0013,6796.01,2024-02-24T13:03:25.332749,mobile
T00985,Transaction,,,,,,,UK,,,,,,AUD,completed,,,,,,,,,London,,,,,,,,,,A0027,M0022,4925.25,2024-06-21T20:44:33.027237,online
T00986,Transaction,,,,,,,AU,,,,,,AUD,completed,,,,,,,,,Perth,,,,,,,,,,A0071,M0013,9934.94,2024-01-20T02:09:36.998551,online
T00987,Transaction,,,,,,,US,,,,,,AUD,failed,,,,,,,,,New York,,,,,,,,,,A0071,M0019,7709.83,2024-06-12T09:06:18.597286,online
T00988,Transaction,,,,,,,UK,,,,,,AUD,completed,,,,,,,,,London,,,,,,,,,,A0071,M0022,6771.89,2024-06-21T05:19:58.270086,online
T00989,Transaction,,,,,,,UK,,,,,,AUD,completed,,,,,,,,,London,,,,,,,,,,A0071,M0022,6979.49,2024-01-17T08:52:44.332433,online
T00990,Transaction,,,,,,,US,,,,,,AUD,failed,,,,,,,,,New York,,,,,,,,,,A0071,M0027,3563.61,2024-01-12T16:54:48.858751,mobile
T00991,Transaction,,,,,,,AU,,,,,,AUD,completed,,,,,,,,,Perth,,,,,,,,,,A0071,M0023,4482.23,2024-06-23T21:22:52.677945,online
T00992,Transaction,,,,,,,AU,,,,,,AUD,failed,,,,,,,,,Perth,,,,,,,,,,A0071,M0013,1291.55,2024-02-22T16:00:06.939113,mobile
T00993,Transaction,,,,,,,AU,,,,,,AUD,reversed,,,,,,,,,Perth,,,,,,,,,,A0073,M0013,1448.69,2024-04-13T16:24:45.566500,mobile
T00994,Transaction,,,,,,,US,,,,,,AUD,completed,,,,,,,,,New York,,,,,,,,,,A0073,M0027,3245.83,2024-05-13T09:10:16.740685,online
T00995,Transaction,,,,,,,AU,,,,,,AUD,completed,,,,,,,,,Sydney,,,,,,,,,,A0073,M0021,3777.23,2024-02-27T20:31:44.921108,online
T00996,Transaction,,,,,,,US,,,,,,AUD,completed,,,,,,,,,New York,,,,,,,,,,A0073,M0027,1244.54,2024-04-16T22:19:51.135683,online
T00997,Transaction,,,,,,,UK,,,,,,AUD,completed,,,,,,,,,London,,,,,,,,,,A0073,M0022,8198.25,2024-02-27T04:23:00.678157,mobile
T00998,Transaction,,,,,,,UK,,,,,,AUD,completed,,,,,,,,,London,,,,,,,,,,A0073,M0022,1644.77,2024-05-03T01:50:13.653121,mobile
T00999,Transaction,,,,,,,AU,,,,,,AUD,completed,,,,,,,,,Melbourne,,,,,,,,,,A0073,M0005,3227.14,2024-04-18T09:32:09.812873,online
T01000,Transaction,,,,,,,US,,,,,,AUD,completed,,,,,,,,,New York,,,,,,,,,,A0073,M0027,8321.14,2024-03-27T13:39:36.909186,mobile
T01001,Transaction,,,,,,,US,,,,,,AUD,failed,,,,,,,,,New York,,,,,,,,,,A0099,M0019,7224.31,2024-01-28T15:20:18.606850,online
T01002,Transaction,,,,,,,AU,,,,,,AUD,failed,,,,,,,,,Melbourne,,,,,,,,,,A0099,M0005,7805.18,2024-06-16T02:11:51.797532,mobile
T01003,Transaction,,,,,,,SG,,,,,,AUD,reversed,,,,,,,,,Singapore,,,,,,,,,,A0099,M0018,6660.65,2024-06-27T04:11:17.416038,online
T01004,Transaction,,,,,,,AU,,,,,,AUD,reversed,,,,,,,,,Perth,,,,,,,,,,A0099,M0023,4339.89,2024-03-12T00:05:18.705056,mobile
T01005,Transaction,,,,,,,AU,,,,,,AUD,completed,,,,,,,,,Sydney,,,,,,,,,,A0099,M0021,5372.88,2024-03-11T18:46:41.099753,mobile
T01006,Transaction,,,,,,,UK,,,,,,AUD,completed,,,,,,,,,London,,,,,,,,,,A0099,M0017,5570.5,2024-05-06T21:36:57.835152,online
T01007,Transaction,,,,,,,US,,,,,,AUD,completed,,,,,,,,,New York,,,,,,,,,,A0099,M0027,730.41,2024-06-05T17:16:33.581447,mobile
T01008,Transaction,,,,,,,US,,,,,,AUD,completed,,,,,,,,,New York,,,,,,,,,,A0099,M0016,4530.46,2024-04-14T11:10:18.425280,mobile
T01009,Transaction,,,,,,,US,,,,,,AUD,failed,,,,,,,,,New York,,,,,,,,,,A0099,M0016,8082.71,2024-02-07T23:13:30.007478,online
T01010,Transaction,,,,,,,AU,,,,,,AUD,failed,,,,,,,,,Melbourne,,,,,,,,,,A0099,M0005,8590.18,2024-03-06T13:30:31.581014,online
T01011,Transaction,,,,,,,US,,,,,,AUD,completed,,,,,,,,,New York,,,,,,,,,,A0099,M0016,9830.47,2024-03-09T03:45:30.107274,online
T01012,Transaction,,,,,,,UK,,,,,,AUD,completed,,,,,,,,,London,,,,,,,,,,A0110,M0022,714.23,2024-02-02T12:19:30.820964,mobile
T01013,Transaction,,,,,,,US,,,,,,AUD,completed,,,,,,,,,New York,,,,,,,,,,A0110,M0016,4159.14,2024-04-23T11:34:07.472694,online
T01014,Transaction,,,,,,,AU,,,,,,AUD,failed,,,,,,,,,Sydney,,,,,,,,,,A0110,M0021,6942.24,2024-03-29T10:35:27.177006,online
T01015,Transaction,,,,,,,AU,,,,,,AUD,completed,,,,,,,,,Sydney,,,,,,,,,,A0110,M0021,9913.41,2024-05-20T10:17:29.659891,online
T01016,Transaction,,,,,,,AU,,,,,,AUD,completed,,,,,,,,,Sydney,,,,,,,,,,A0110,M0021,6601.32,2024-02-19T19:32:18.523941,mobile
T01017,Transaction,,,,,,,AU,,,,,,AUD,completed,,,,,,,,,Perth,,,,,,,,,,A0110,M0013,4994.34,2024-01-15T22:58:30.313212,online
T01018,Transaction,,,,,,,UK,,,,,,AUD,completed,,,,,,,,,London,,,,,,,,,,A0120,M0022,7504.52,2024-02-19T13:03:38.021899,online
T01019,Transaction,,,,,,,AU,,,,,,AUD,completed,,,,,,,,,Sydney,,,,,,,,,,A0120,M0021,1427.32,2024-02-24T00:05:25.367893,mobile
T01020,Transaction,,,,,,,AU,,,,,,AUD,completed,,,,,,,,,Perth,,,,,,,,,,A0120,M0023,8166.11,2024-02-03T11:09:41.407877,online
T01021,Transaction,,,,,,,AU,,,,,,AUD,completed,,,,,,,,,Perth,,,,,,,,,,A0120,M0023,5394.86,2024-05-21T19:24:48.491898,online
T01022,Transaction,,,,,,,US,,,,,,AUD,completed,,,,,,,,,New York,,,,,,,,,,A0120,M0027,8224.51,2024-04-07T13:20:12.757923,online
T01023,Transaction,,,,,,,UK,,,,,,AUD,completed,,,,,,,,,London,,,,,,,,,,A0120,M0017,8996.5,2024-06-23T18:55:06.433856,online
T01024,Transaction,,,,,,,US,,,,,,AUD,completed,,,,,,,,,New York,,,,,,,,,,A0120,M0016,4582.88,2024-01-01T23:07:38.884810,mobile
T01025,Transaction,,,,,,,US,,,,,,AUD,completed,,,,,,,,,New York,,,,,,,,,,A0120,M0016,6595.88,2024-04-14T02:09:07.172996,online
T01026,Transaction,,,,,,,AU,,,,,,AUD,completed,,,,,,,,,Melbourne,,,,,,,,,,A0120,M0005,1422.23,2024-01-16T07:32:50.152281,mobile
T01027,Transaction,,,,,,,AU,,,,,,AUD,completed,,,,,,,,,Perth,,,,,,,,,,A0120,M0023,9775.61,2024-02-01T01:26:39.459754,online
T01028,Transaction,,,,,,,AU,,,,,,AUD,failed,,,,,,,,,Melbourne,,,,,,,,,,A0120,M0005,5290.54,2024-06-20T06:21:22.649209,mobile
T01029,Transaction,,,,,,,UK,,,,,,AUD,completed,,,,,,,,,London,,,,,,,,,,A0120,M0022,5006.34,2024-01-26T07:31:49.157613,mobile
T01030,Transaction,,,,,,,US,,,,,,AUD,failed,,,,,,,,,New York,,,,,,,,,,A0120,M0019,5203.79,2024-04-19T17:12:42.292867,online
T01031,Transaction,,,,,,,AU,,,,,,AUD,completed,,,,,,,,,Melbourne,,,,,,,,,,A0120,M0005,2043.12,2024-02-12T21:57:50.201028,mobile
T01032,Transaction,,,,,,,US,,,,,,AUD,completed,,,,,,,,,New York,,,,,,,,,,A0140,M0027,5999.47,2024-04-09T22:11:41.289148,mobile
T01033,Transaction,,,,,,,US,,,,,,AUD,completed,,,,,,,,,New York,,,,,,,,,,A0140,M0027,5588.52,2024-03-17T09:13:59.561543,mobile
T01034,Transaction,,,,,,,US,,,,,,AUD,failed,,,,,,,,,New York,,,,,,,,,,A0140,M0016,1015.89,2024-03-13T09:51:28.539143,mobile
T01035,Transaction,,,,,,,US,,,,,,AUD,reversed,,,,,,,,,New York,,,,,,,,,,A0140,M0016,891.47,2024-04-06T23:58:06.111827,mobile
T01036,Transaction,,,,,,,UK,,,,,,AUD,completed,,,,,,,,,London,,,,,,,,,,A0140,M0017,5723.69,2024-05-09T07:32:56.185957,online
T01037,Transaction,,,,,,,US,,,,,,AUD,completed,,,,,,,,,New York,,,,,,,,,,A0140,M0016,7920.28,2024-02-27T06:16:09.532707,mobile
T01038,Transaction,,,,,,,US,,,,,,AUD,failed,,,,,,,,,New York,,,,,,,,,,A0140,M0027,2847.23,2024-02-14T19:07:47.810103,online
T01039,Transaction,,,,,,,AU,,,,,,AUD,completed,,,,,,,,,Sydney,,,,,,,,,,A0140,M0021,6473.74,2024-01-12T22:31:38.842587,mobile
T01040,Transaction,,,,,,,UK,,,,,,AUD,completed,,,,,,,,,London,,,,,,,,,,A0143,M0017,1159.88,2024-02-19T12:43:17.911983,online
T01041,Transaction,,,,,,,AU,,,,,,AUD,completed,,,,,,,,,Perth,,,,,,,,,,A0143,M0013,1410.33,2024-05-21T16:11:41.422038,mobile
T01042,Transaction,,,,,,,UK,,,,,,AUD,completed,,,,,,,,,London,,,,,,,,,,A0143,M0022,3619.22,2024-01-18T07:01:41.450849,mobile
T01043,Transaction,,,,,,,US,,,,,,AUD,completed,,,,,,,,,New York,,,,,,,,,,A0143,M0027,670.04,2024-01-18T22:20:36.117662,mobile
T01044,Transaction,,,,,,,AU,,,,,,AUD,completed,,,,,,,,,Sydney,,,,,,,,,,A0143,M0021,8099.63,2024-02-02T16:50:28.577348,mobile
T01045,Transaction,,,,,,,US,,,,,,AUD,failed,,,,,,,,,New York,,,,,,,,,,A0143,M0016,6929.25,2024-02-16T21:21:40.028978,online
T01046,Transaction,,,,,,,US,,,,,,AUD,completed,,,,,,,,,New York,,,,,,,,,,A0143,M0016,7407.14,2024-03-09T13:30:36.313287,online
T01047,Transaction,,,,,,,US,,,,,,AUD,failed,,,,,,,,,New York,,,,,,,,,,A0143,M0019,2641.29,2024-05-08T01:23:25.776257,mobile
T01048,Transaction,,,,,,,US,,,,,,AUD,completed,,,,,,,,,New York,,,,,,,,,,A0143,M0016,3669.21,2024-03-20T10:50:32.192559,mobile
T01049,Transaction,,,,,,,AU,,,,,,AUD,completed,,,,,,,,,Perth,,,,,,,,,,A0028,M0023,8837.6,2024-06-19T10:38:41.744612,online
T01050,Transaction,,,,,,,AU,,,,,,AUD,completed,,,,,,,,,Perth,,,,,,,,,,A0028,M0013,4183.84,2024-06-20T11:44:34.775213,mobile
T01051,Transaction,,,,,,,AU,,,,,,AUD,completed,,,,,,,,,Perth,,,,,,,,,,A0028,M0013,2552.36,2024-01-14T21:09:19.133799,online
T01052,Transaction,,,,,,,AU,,,,,,AUD,completed,,,,,,,,,Melbourne,,,,,,,,,,A0028,M0005,3001.34,2024-01-16T07:26:15.953938,mobile
T01053,Transaction,,,,,,,AU,,,,,,AUD,completed,,,,,,,,,Melbourne,,,,,,,,,,A0028,M0005,4355.04,2024-06-23T03:39:01.955777,online
T01054,Transaction,,,,,,,AU,,,,,,AUD,completed,,,,,,,,,Perth,,,,,,,,,,A0028,M0023,6832.39,2024-05-04T00:10:09.758997,online
T01055,Transaction,,,,,,,US,,,,,,AUD,failed,,,,,,,,,New York,,,,,,,,,,A0028,M0027,8347.69,2024-02-04T10:09:33.527229,online
T01056,Transaction,,,,,,,AU,,,,,,AUD,failed,,,,,,,,,Perth,,,,,,,,,,A0028,M0023,2593.42,2024-05-15T16:33:27.309087,online
T01057,Transaction,,,,,,,US,,,,,,AUD,completed,,,,,,,,,New York,,,,,,,,,,A0028,M0016,8842.92,2024-05-02T02:07:27.478528,online
T01058,Transaction,,,,,,,AU,,,,,,AUD,completed,,,,,,,,,Perth,,,,,,,,,,A0030,M0023,698.88,2024-03-04T22:41:54.318008,mobile
T01059,Transaction,,,,,,,US,,,,,,AUD,completed,,,,,,,,,New York,,,,,,,,,,A0030,M0019,3511.99,2024-06-24T12:30:00.667438,online
T01060,Transaction,,,,,,,AU,,,,,,AUD,completed,,,,,,,,,Perth,,,,,,,,,,A0030,M0013,4934.62,2024-02-22T12:02:28.421099,mobile
T01061,Transaction,,,,,,,US,,,,,,AUD,completed,,,,,,,,,New York,,,,,,,,,,A0030,M0027,9245.95,2024-03-12T05:53:30.092228,online
T01062,Transaction,,,,,,,US,,,,,,AUD,failed,,,,,,,,,New York,,,,,,,,,,A0030,M0027,763.47,2024-06-02T13:14:24.480070,online
T01063,Transaction,,,,,,,US,,,,,,AUD,completed,,,,,,,,,New York,,,,,,,,,,A0030,M0019,1250.21,2024-02-24T00:02:06.800715,mobile
T01064,Transaction,,,,,,,US,,,,,,AUD,completed,,,,,,,,,New York,,,,,,,,,,A0030,M0016,286.86,2024-03-13T18:35:01.596918,mobile
T01065,Transaction,,,,,,,AU,,,,,,AUD,completed,,,,,,,,,Perth,,,,,,,,,,A0030,M0013,9005.4,2024-04-05T18:23:43.683345,mobile
T01066,Transaction,,,,,,,UK,,,,,,AUD,completed,,,,,,,,,London,,,,,,,,,,A0030,M0022,7740.59,2024-01-02T06:01:08.411245,mobile
T01067,Transaction,,,,,,,AU,,,,,,AUD,completed,,,,,,,,,Sydney,,,,,,,,,,A0030,M0021,3772.06,2024-03-08T18:00:01.176849,online
T01068,Transaction,,,,,,,UK,,,,,,AUD,completed,,,,,,,,,London,,,,,,,,,,A0076,M0022,4505.7,2024-04-28T18:52:43.595103,online
T01069,Transaction,,,,,,,AU,,,,,,AUD,completed,,,,,,,,,Sydney,,,,,,,,,,A0076,M0021,8859.05,2024-01-02T01:14:22.524833,online
T01070,Transaction,,,,,,,SG,,,,,,AUD,completed,,,,,,,,,Singapore,,,,,,,,,,A0076,M0018,4066.55,2024-01-08T06:52:24.239600,mobile
T01071,Transaction,,,,,,,US,,,,,,AUD,completed,,,,,,,,,New York,,,,,,,,,,A0076,M0016,9494.08,2024-04-30T13:59:37.442633,mobile
T01072,Transaction,,,,,,,UK,,,,,,AUD,completed,,,,,,,,,London,,,,,,,,,,A0076,M0022,8038.24,2024-04-09T13:44:14.046269,online
T01073,Transaction,,,,,,,AU,,,,,,AUD,completed,,,,,,,,,Sydney,,,,,,,,,,A0076,M0021,9250.9,2024-03-31T20:04:25.257214,mobile
T01074,Transaction,,,,,,,AU,,,,,,AUD,completed,,,,,,,,,Perth,,,,,,,,,,A0076,M0013,1436.01,2024-05-23T11:32:42.304005,mobile
T01075,Transaction,,,,,,,UK,,,,,,AUD,reversed,,,,,,,,,London,,,,,,,,,,A0076,M0017,8332.39,2024-01-10T10:03:39.785855,mobile
T01076,Transaction,,,,,,,AU,,,,,,AUD,completed,,,,,,,,,Melbourne,,,,,,,,,,A0076,M0005,3036.77,2024-03-19T14:43:23.047960,mobile
T01077,Transaction,,,,,,,US,,,,,,AUD,completed,,,,,,,,,New York,,,,,,,,,,A0001,M0016,1000.0,2024-05-11T23:51:20.871878,online
T01078,Transaction,,,,,,,AU,,,,,,AUD,completed,,,,,,,,,Perth,,,,,,,,,,A0001,M0013,1000.0,2024-06-05T09:56:26.173031,mobile
T01079,Transaction,,,,,,,AU,,,,,,AUD,completed,,,,,,,,,Perth,,,,,,,,,,A0001,M0013,10000.0,2024-05-06T21:46:25.249322,online
T01080,Transaction,,,,,,,US,,,,,,AUD,completed,,,,,,,,,New York,,,,,,,,,,A0001,M0027,1000.0,2024-04-23T19:58:33.440292,online
T01081,Transaction,,,,,,,AU,,,,,,AUD,completed,,,,,,,,,Sydney,,,,,,,,,,A0001,M0021,1000.0,2024-01-07T22:39:49.603123,online
T01082,Transaction,,,,,,,US,,,,,,AUD,completed,,,,,,,,,New York,,,,,,,,,,A0001,M0027,500.0,2024-02-06T03:15:04.806814,mobile
T01083,Transaction,,,,,,,SG,,,,,,AUD,completed,,,,,,,,,Singapore,,,,,,,,,,A0001,M0018,1000.0,2024-05-06T17:29:24.340114,online
T01084,Transaction,,,,,,,UK,,,,,,AUD,completed,,,,,,,,,London,,,,,,,,,,A0001,M0022,5000.0,2024-01-12T02:30:11.516945,online
T01085,Transaction,,,,,,,SG,,,,,,AUD,completed,,,,,,,,,Singapore,,,,,,,,,,A0001,M0018,2000.0,2024-03-06T19:22:29.202706,mobile
T01086,Transaction,,,,,,,AU,,,,,,AUD,failed,,,,,,,,,Melbourne,,,,,,,,,,A0001,M0005,500.0,2024-02-02T21:31:44.597612,online
T01087,Transaction,,,,,,,US,,,,,,AUD,completed,,,,,,,,,New York,,,,,,,,,,A0001,M0019,5000.0,2024-02-08T08:49:49.733919,mobile
T01088,Transaction,,,,,,,SG,,,,,,AUD,completed,,,,,,,,,Singapore,,,,,,,,,,A0019,M0018,2000.0,2024-06-20T15:32:15.500214,mobile
T01089,Transaction,,,,,,,AU,,,,,,AUD,completed,,,,,,,,,Perth,,,,,,,,,,A0019,M0013,10000.0,2024-05-01T01:54:29.214625,online
T01090,Transaction,,,,,,,US,,,,,,AUD,completed,,,,,,,,,New York,,,,,,,,,,A0019,M0019,10000.0,2024-05-14T11:17:48.101097,mobile
T01091,Transaction,,,,,,,SG,,,,,,AUD,completed,,,,,,,,,Singapore,,,,,,,,,,A0019,M0018,5000.0,2024-02-08T00:23:04.788313,online
T01092,Transaction,,,,,,,US,,,,,,AUD,completed,,,,,,,,,New York,,,,,,,,,,A0019,M0016,10000.0,2024-04-23T22:48:09.653898,online
T01093,Transaction,,,,,,,UK,,,,,,AUD,completed,,,,,,,,,London,,,,,,,,,,A0019,M0017,5000.0,2024-02-04T22:04:37.530877,online
T01094,Transaction,,,,,,,SG,,,,,,AUD,completed,,,,,,,,,Singapore,,,,,,,,,,A0043,M0018,1000.0,2024-05-11T06:55:23.748026,online
T01095,Transaction,,,,,,,UK,,,,,,AUD,completed,,,,,,,,,London,,,,,,,,,,A0043,M0017,2000.0,2024-03-16T16:42:55.289709,mobile
T01096,Transaction,,,,,,,UK,,,,,,AUD,completed,,,,,,,,,London,,,,,,,,,,A0043,M0022,500.0,2024-04-24T00:07:55.161590,mobile
T01097,Transaction,,,,,,,AU,,,,,,AUD,completed,,,,,,,,,Sydney,,,,,,,,,,A0043,M0021,10000.0,2024-04-04T19:13:31.577807,online
T01098,Transaction,,,,,,,SG,,,,,,AUD,completed,,,,,,,,,Singapore,,,,,,,,,,A0043,M0018,1000.0,2024-05-06T02:29:30.671513,mobile
T01099,Transaction,,,,,,,US,,,,,,AUD,completed,,,,,,,,,New York,,,,,,,,,,A0043,M0027,1000.0,2024-01-12T00:05:11.363129,mobile
T01100,Transaction,,,,,,,AU,,,,,,AUD,completed,,,,,,,,,Perth,,,,,,,,,,A0043,M0023,500.0,2024-06-06T12:23:27.051192,online
T01101,Transaction,,,,,,,AU,,,,,,AUD,failed,,,,,,,,,Perth,,,,,,,,,,A0043,M0023,5000.0,2024-03-10T12:44:57.925781,mobile
T01102,Transaction,,,,,,,UK,,,,,,AUD,completed,,,,,,,,,London,,,,,,,,,,A0043,M0017,1000.0,2024-02-03T07:35:03.056993,online
T01103,Transaction,,,,,,,AU,,,,,,AUD,completed,,,,,,,,,Melbourne,,,,,,,,,,A0043,M0005,10000.0,2024-06-08T03:02:57.816348,mobile
T01104,Transaction,,,,,,,AU,,,,,,AUD,failed,,,,,,,,,Perth,,,,,,,,,,A0043,M0023,1000.0,2024-02-16T20:22:39.284038,mobile
T01105,Transaction,,,,,,,AU,,,,,,AUD,completed,,,,,,,,,Perth,,,,,,,,,,A0043,M0023,1000.0,2024-01-22T13:23:06.543684,online
T01106,Transaction,,,,,,,SG,,,,,,AUD,completed,,,,,,,,,Singapore,,,,,,,,,,A0043,M0018,1000.0,2024-01-08T01:48:35.618343,mobile
T01107,Transaction,,,,,,,AU,,,,,,AUD,completed,,,,,,,,,Melbourne,,,,,,,,,,A0077,M0005,1000.0,2024-04-26T06:38:33.402948,online
T01108,Transaction,,,,,,,AU,,,,,,AUD,completed,,,,,,,,,Melbourne,,,,,,,,,,A0077,M0005,10000.0,2024-04-27T09:42:57.794195,mobile
T01109,Transaction,,,,,,,AU,,,,,,AUD,completed,,,,,,,,,Perth,,,,,,,,,,A0077,M0023,1000.0,2024-02-17T18:58:54.685440,mobile
T01110,Transaction,,,,,,,SG,,,,,,AUD,completed,,,,,,,,,Singapore,,,,,,,,,,A0077,M0018,500.0,2024-02-28T18:12:54.181008,online
T01111,Transaction,,,,,,,UK,,,,,,AUD,completed,,,,,,,,,London,,,,,,,,,,A0077,M0017,2000.0,2024-05-12T05:11:26.468078,online
T01112,Transaction,,,,,,,AU,,,,,,AUD,failed,,,,,,,,,Melbourne,,,,,,,,,,A0077,M0005,10000.0,2024-04-07T06:24:59.363406,online
T01113,Transaction,,,,,,,AU,,,,,,AUD,completed,,,,,,,,,Sydney,,,,,,,,,,A0077,M0021,2000.0,2024-06-20T03:55:51.551705,online
T01114,Transaction,,,,,,,UK,,,,,,AUD,completed,,,,,,,,,London,,,,,,,,,,A0077,M0017,1000.0,2024-02-28T16:35:54.980912,mobile
T01115,Transaction,,,,,,,UK,,,,,,AUD,completed,,,,,,,,,London,,,,,,,,,,A0077,M0017,5000.0,2024-05-12T02:18:10.491637,mobile
T01116,Transaction,,,,,,,US,,,,,,AUD,completed,,,,,,,,,New York,,,,,,,,,,A0121,M0016,1000.0,2024-03-24T03:35:26.337605,online
T01117,Transaction,,,,,,,US,,,,,,AUD,completed,,,,,,,,,New York,,,,,,,,,,A0121,M0016,500.0,2024-04-27T05:01:09.106611,mobile
T01118,Transaction,,,,,,,US,,,,,,AUD,completed,,,,,,,,,New York,,,,,,,,,,A0121,M0016,10000.0,2024-05-27T23:12:59.504238,online
T01119,Transaction,,,,,,,AU,,,,,,AUD,completed,,,,,,,,,Perth,,,,,,,,,,A0121,M0013,5000.0,2024-03-18T04:15:36.047424,mobile
T01120,Transaction,,,,,,,AU,,,,,,AUD,completed,,,,,,,,,Perth,,,,,,,,,,A0121,M0023,500.0,2024-01-25T20:23:36.192119,online
T01121,Transaction,,,,,,,AU,,,,,,AUD,completed,,,,,,,,,Melbourne,,,,,,,,,,A0121,M0005,500.0,2024-01-20T21:59:39.398237,online
T01122,Transaction,,,,,,,AU,,,,,,AUD,completed,,,,,,,,,Perth,,,,,,,,,,A0121,M0013,10000.0,2024-02-18T10:41:59.040038,online
T01123,Transaction,,,,,,,AU,,,,,,AUD,completed,,,,,,,,,Melbourne,,,,,,,,,,A0121,M0005,500.0,2024-06-22T07:53:28.500453,mobile
T01124,Transaction,,,,,,,AU,,,,,,AUD,completed,,,,,,,,,Perth,,,,,,,,,,A0121,M0013,5000.0,2024-02-06T14:53:06.769138,mobile
T01125,Transaction,,,,,,,SG,,,,,,AUD,completed,,,,,,,,,Singapore,,,,,,,,,,A0121,M0018,1000.0,2024-03-01T01:08:58.029895,online
T01126,Transaction,,,,,,,SG,,,,,,AUD,completed,,,,,,,,,Singapore,,,,,,,,,,A0121,M0018,500.0,2024-04-23T13:47:54.763766,online
T01127,Transaction,,,,,,,AU,,,,,,AUD,completed,,,,,,,,,Perth,,,,,,,,,,A0121,M0013,500.0,2024-04-08T13:55:31.023816,mobile
T01128,Transaction,,,,,,,AU,,,,,,AUD,completed,,,,,,,,,Sydney,,,,,,,,,,A0126,M0021,2000.0,2024-03-10T18:06:14.378448,mobile
T01129,Transaction,,,,,,,AU,,,,,,AUD,completed,,,,,,,,,Sydney,,,,,,,,,,A0126,M0021,500.0,2024-05-04T07:18:45.923138,mobile
T01130,Transaction,,,,,,,AU,,,,,,AUD,completed,,,,,,,,,Perth,,,,,,,,,,A0126,M0013,2000.0,2024-02-10T15:19:31.996002,mobile
T01131,Transaction,,,,,,,US,,,,,,AUD,failed,,,,,,,,,New York,,,,,,,,,,A0126,M0019,500.0,2024-01-22T10:06:59.816297,online
T01132,Transaction,,,,,,,US,,,,,,AUD,failed,,,,,,,,,New York,,,,,,,,,,A0126,M0016,2000.0,2024-03-18T13:57:42.431871,online
T01133,Transaction,,,,,,,US,,,,,,AUD,completed,,,,,,,,,New York,,,,,,,,,,A0126,M0016,2000.0,2024-06-10T15:42:09.525303,mobile
T01134,Transaction,,,,,,,AU,,,,,,AUD,completed,,,,,,,,,Perth,,,,,,,,,,A0126,M0013,5000.0,2024-02-19T01:37:45.126482,mobile
T01135,Transaction,,,,,,,AU,,,,,,AUD,completed,,,,,,,,,Perth,,,,,,,,,,A0126,M0013,1000.0,2024-05-22T18:47:27.646848,online
T01136,Transaction,,,,,,,UK,,,,,,AUD,reversed,,,,,,,,,London,,,,,,,,,,A0017,M0022,227.9,2024-03-21T20:53:41.229792,mobile
T01137,Transaction,,,,,,,SG,,,,,,AUD,completed,,,,,,,,,Singapore,,,,,,,,,,A0017,M0018,271.85,2024-03-21T20:31:41.229792,online
T01138,Transaction,,,,,,,AU,,,,,,AUD,completed,,,,,,,,,Sydney,,,,,,,,,,A0017,M0021,706.7,2024-03-21T20:38:41.229792,mobile
T01139,Transaction,,,,,,,AU,,,,,,AUD,completed,,,,,,,,,Sydney,,,,,,,,,,A0017,M0021,1607.65,2024-03-21T20:46:41.229792,mobile
T01140,Transaction,,,,,,,UK,,,,,,AUD,completed,,,,,,,,,London,,,,,,,,,,A0017,M0017,895.45,2024-03-21T20:39:41.229792,mobile
T01141,Transaction,,,,,,,UK,,,,,,AUD,completed,,,,,,,,,London,,,,,,,,,,A0017,M0022,1118.8,2024-03-21T20:44:41.229792,online
T01142,Transaction,,,,,,,US,,,,,,AUD,failed,,,,,,,,,New York,,,,,,,,,,A0017,M0027,901.5,2024-03-21T20:49:41.229792,online
T01143,Transaction,,,,,,,UK,,,,,,AUD,completed,,,,,,,,,London,,,,,,,,,,A0017,M0017,105.45,2024-03-21T20:38:41.229792,online
T01144,Transaction,,,,,,,UK,,,,,,AUD,completed,,,,,,,,,London,,,,,,,,,,A0017,M0022,1849.72,2024-03-21T20:31:41.229792,online
T01145,Transaction,,,,,,,US,,,,,,AUD,completed,,,,,,,,,New York,,,,,,,,,,A0017,M0019,1713.73,2024-03-21T20:54:41.229792,online
T01146,Transaction,,,,,,,US,,,,,,AUD,completed,,,,,,,,,New York,,,,,,,,,,A0017,M0016,1721.29,2024-03-21T20:53:41.229792,mobile
T01147,Transaction,,,,,,,US,,,,,,AUD,completed,,,,,,,,,New York,,,,,,,,,,A0033,M0016,1927.9,2024-01-11T02:44:49.629225,online
T01148,Transaction,,,,,,,AU,,,,,,AUD,completed,,,,,,,,,Melbourne,,,,,,,,,,A0033,M0005,1933.34,2024-01-11T03:03:49.629225,mobile
T01149,Transaction,,,,,,,AU,,,,,,AUD,completed,,,,,,,,,Perth,,,,,,,,,,A0033,M0013,1205.05,2024-01-11T03:02:49.629225,mobile
T01150,Transaction,,,,,,,US,,,,,,AUD,completed,,,,,,,,,New York,,,,,,,,,,A0033,M0016,379.08,2024-01-11T02:41:49.629225,online
T01151,Transaction,,,,,,,AU,,,,,,AUD,completed,,,,,,,,,Perth,,,,,,,,,,A0033,M0013,1181.45,2024-01-11T02:41:49.629225,mobile
T01152,Transaction,,,,,,,US,,,,,,AUD,completed,,,,,,,,,New York,,,,,,,,,,A0033,M0016,1512.76,2024-01-11T02:56:49.629225,mobile
T01153,Transaction,,,,,,,US,,,,,,AUD,completed,,,,,,,,,New York,,,,,,,,,,A0033,M0019,1584.65,2024-01-11T02:55:49.629225,online
T01154,Transaction,,,,,,,US,,,,,,AUD,failed,,,,,,,,,New York,,,,,,,,,,A0033,M0016,1774.2,2024-01-11T02:42:49.629225,online
T01155,Transaction,,,,,,,AU,,,,,,AUD,completed,,,,,,,,,Melbourne,,,,,,,,,,A0036,M0005,1682.09,2024-04-01T02:31:55.139838,mobile
T01156,Transaction,,,,,,,SG,,,,,,AUD,failed,,,,,,,,,Singapore,,,,,,,,,,A0036,M0018,1186.92,2024-04-01T02:48:55.139838,mobile
T01157,Transaction,,,,,,,AU,,,,,,AUD,completed,,,,,,,,,Sydney,,,,,,,,,,A0036,M0021,397.92,2024-04-01T02:48:55.139838,online
T01158,Transaction,,,,,,,US,,,,,,AUD,completed,,,,,,,,,New York,,,,,,,,,,A0036,M0016,502.54,2024-04-01T02:42:55.139838,online
T01159,Transaction,,,,,,,US,,,,,,AUD,completed,,,,,,,,,New York,,,,,,,,,,A0036,M0016,1517.39,2024-04-01T02:45:55.139838,online
T01160,Transaction,,,,,,,UK,,,,,,AUD,completed,,,,,,,,,London,,,,,,,,,,A0036,M0022,695.06,2024-04-01T02:34:55.139838,mobile
T01161,Transaction,,,,,,,US,,,,,,AUD,completed,,,,,,,,,New York,,,,,,,,,,A0036,M0016,1626.34,2024-04-01T02:20:55.139838,mobile
T01162,Transaction,,,,,,,US,,,,,,AUD,completed,,,,,,,,,New York,,,,,,,,,,A0070,M0019,1579.71,2024-01-19T21:50:49.924117,mobile
T01163,Transaction,,,,,,,SG,,,,,,AUD,completed,,,,,,,,,Singapore,,,,,,,,,,A0070,M0018,1128.98,2024-01-19T21:36:49.924117,online
T01164,Transaction,,,,,,,AU,,,,,,AUD,completed,,,,,,,,,Melbourne,,,,,,,,,,A0070,M0005,1828.41,2024-01-19T21:55:49.924117,online
T01165,Transaction,,,,,,,AU,,,,,,AUD,completed,,,,,,,,,Melbourne,,,,,,,,,,A0070,M0005,611.42,2024-01-19T21:38:49.924117,online
T01166,Transaction,,,,,,,UK,,,,,,AUD,completed,,,,,,,,,London,,,,,,,,,,A0070,M0022,191.29,2024-01-19T21:32:49.924117,online
T01167,Transaction,,,,,,,AU,,,,,,AUD,completed,,,,,,,,,Melbourne,,,,,,,,,,A0070,M0005,1528.19,2024-01-19T21:42:49.924117,mobile
T01168,Transaction,,,,,,,US,,,,,,AUD,completed,,,,,,,,,New York,,,,,,,,,,A0091,M0019,1435.05,2024-05-16T02:05:10.166456,online
T01169,Transaction,,,,,,,AU,,,,,,AUD,completed,,,,,,,,,Perth,,,,,,,,,,A0091,M0023,1054.14,2024-05-16T02:04:10.166456,online
T01170,Transaction,,,,,,,AU,,,,,,AUD,completed,,,,,,,,,Sydney,,,,,,,,,,A0091,M0021,1214.08,2024-05-16T02:16:10.166456,online
T01171,Transaction,,,,,,,US,,,,,,AUD,reversed,,,,,,,,,New York,,,,,,,,,,A0091,M0016,979.9,2024-05-16T02:22:10.166456,online
T01172,Transaction,,,,,,,UK,,,,,,AUD,completed,,,,,,,,,London,,,,,,,,,,A0091,M0017,509.73,2024-05-16T02:29:10.166456,online
T01173,Transaction,,,,,,,US,,,,,,AUD,completed,,,,,,,,,New York,,,,,,,,,,A0091,M0016,1080.97,2024-05-16T02:17:10.166456,mobile
T01174,Transaction,,,,,,,US,,,,,,AUD,completed,,,,,,,,,New York,,,,,,,,,,A0091,M0016,652.6,2024-05-16T02:11:10.166456,mobile
T01175,Transaction,,,,,,,AU,,,,,,AUD,reversed,,,,,,,,,Sydney,,,,,,,,,,A0091,M0021,496.76,2024-05-16T02:08:10.166456,online
T01176,Transaction,,,,,,,US,,,,,,AUD,completed,,,,,,,,,New York,,,,,,,,,,A0091,M0027,1989.37,2024-05-16T02:21:10.166456,online
T01177,Transaction,,,,,,,US,,,,,,AUD,completed,,,,,,,,,New York,,,,,,,,,,A0091,M0016,1753.87,2024-05-16T02:25:10.166456,online
T01178,Transaction,,,,,,,SG,,,,,,AUD,completed,,,,,,,,,Singapore,,,,,,,,,,A0109,M0018,229.51,2024-02-26T18:53:38.520947,mobile
T01179,Transaction,,,,,,,AU,,,,,,AUD,completed,,,,,,,,,Perth,,,,,,,,,,A0109,M0013,1450.24,2024-02-26T18:53:38.520947,mobile
T01180,Transaction,,,,,,,UK,,,,,,AUD,failed,,,,,,,,,London,,,,,,,,,,A0109,M0022,1549.98,2024-02-26T18:56:38.520947,mobile
T01181,Transaction,,,,,,,US,,,,,,AUD,completed,,,,,,,,,New York,,,,,,,,,,A0109,M0016,1946.19,2024-02-26T18:51:38.520947,mobile
T01182,Transaction,,,,,,,SG,,,,,,AUD,completed,,,,,,,,,Singapore,,,,,,,,,,A0109,M0018,877.16,2024-02-26T19:00:38.520947,online
T01183,Transaction,,,,,,,AU,,,,,,AUD,completed,,,,,,,,,Perth,,,,,,,,,,A0109,M0023,1286.8,2024-02-26T19:15:38.520947,mobile
T01184,Transaction,,,,,,,AU,,,,,,AUD,failed,,,,,,,,,Sydney,,,,,,,,,,A0109,M0021,955.18,2024-02-26T19:04:38.520947,online
T01185,Transaction,,,,,,,AU,,,,,,AUD,completed,,,,,,,,,Melbourne,,,,,,,,,,A0109,M0005,1602.12,2024-02-26T19:11:38.520947,online
T01186,Transaction,,,,,,,AU,,,,,,AUD,completed,,,,,,,,,Perth,,,,,,,,,,A0109,M0013,814.06,2024-02-26T18:57:38.520947,mobile
T01187,Transaction,,,,,,,UK,,,,,,AUD,completed,,,,,,,,,London,,,,,,,,,,A0109,M0017,1760.9,2024-02-26T19:00:38.520947,online
T01188,Transaction,,,,,,,UK,,,,,,AUD,completed,,,,,,,,,London,,,,,,,,,,A0109,M0022,1116.72,2024-02-26T19:08:38.520947,mobile
T01189,Transaction,,,,,,,US,,,,,,AUD,completed,,,,,,,,,New York,,,,,,,,,,A0109,M0016,305.86,2024-02-26T19:11:38.520947,mobile
T01190,Transaction,,,,,,,AU,,,,,,AUD,completed,,,,,,,,,Perth,,,,,,,,,,A0004,M0013,20409.06,2024-03-14T13:12:17.729680,mobile
T01191,Transaction,,,,,,,UK,,,,,,AUD,completed,,,,,,,,,London,,,,,,,,,,A0004,M0022,17526.88,2024-03-14T00:12:17.729680,online
T01192,Transaction,,,,,,,UK,,,,,,AUD,completed,,,,,,,,,London,,,,,,,,,,A0004,M0022,33809.74,2024-03-14T02:12:17.729680,mobile
T01193,Transaction,,,,,,,US,,,,,,AUD,completed,,,,,,,,,New York,,,,,,,,,,A0004,M0027,7808.01,2024-03-14T17:12:17.729680,mobile
T01194,Transaction,,,,,,,UK,,,,,,AUD,reversed,,,,,,,,,London,,,,,,,,,,A0004,M0022,7433.49,2024-03-14T06:12:17.729680,online
T01195,Transaction,,,,,,,AU,,,,,,AUD,completed,,,,,,,,,Sydney,,,,,,,,,,A0004,M0021,16343.21,2024-03-14T10:12:17.729680,online
T01196,Transaction,,,,,,,AU,,,,,,AUD,completed,,,,,,,,,Perth,,,,,,,,,,A0004,M0013,23228.08,2024-03-14T10:12:17.729680,mobile
T01197,Transaction,,,,,,,UK,,,,,,AUD,completed,,,,,,,,,London,,,,,,,,,,A0004,M0022,28615.01,2024-03-14T19:12:17.729680,mobile
T01198,Transaction,,,,,,,AU,,,,,,AUD,completed,,,,,,,,,Sydney,,,,,,,,,,A0015,M0021,48351.46,2024-01-18T15:33:53.400885,mobile
T01199,Transaction,,,,,,,US,,,,,,AUD,reversed,,,,,,,,,New York,,,,,,,,,,A0015,M0019,26673.14,2024-01-18T20:33:53.400885,online
T01200,Transaction,,,,,,,AU,,,,,,AUD,completed,,,,,,,,,Sydney,,,,,,,,,,A0015,M0021,46066.9,2024-01-18T16:33:53.400885,mobile
T01201,Transaction,,,,,,,AU,,,,,,AUD,completed,,,,,,,,,Perth,,,,,,,,,,A0015,M0023,13935.2,2024-01-19T08:33:53.400885,online
T01202,Transaction,,,,,,,US,,,,,,AUD,completed,,,,,,,,,New York,,,,,,,,,,A0015,M0019,11772.78,2024-01-17T18:33:53.400885,mobile
T01203,Transaction,,,,,,,AU,,,,,,AUD,reversed,,,,,,,,,Perth,,,,,,,,,,A0023,M0013,23287.4,2024-06-07T06:31:30.209944,online
T01204,Transaction,,,,,,,US,,,,,,AUD,completed,,,,,,,,,New York,,,,,,,,,,A0023,M0016,25219.79,2024-06-07T03:31:30.209944,online
T01205,Transaction,,,,,,,UK,,,,,,AUD,failed,,,,,,,,,London,,,,,,,,,,A0023,M0017,36340.07,2024-06-06T13:31:30.209944,online
T01206,Transaction,,,,,,,UK,,,,,,AUD,reversed,,,,,,,,,London,,,,,,,,,,A0023,M0017,14439.34,2024-06-06T09:31:30.209944,online
T01207,Transaction,,,,,,,US,,,,,,AUD,completed,,,,,,,,,New York,,,,,,,,,,A0023,M0027,21661.54,2024-06-05T11:31:30.209944,mobile
T01208,Transaction,,,,,,,SG,,,,,,AUD,failed,,,,,,,,,Singapore,,,,,,,,,,A0023,M0018,41857.32,2024-06-06T19:31:30.209944,online
T01209,Transaction,,,,,,,UK,,,,,,AUD,completed,,,,,,,,,London,,,,,,,,,,A0023,M0022,23467.41,2024-06-06T13:31:30.209944,mobile
T01210,Transaction,,,,,,,AU,,,,,,AUD,completed,,,,,,,,,Sydney,,,,,,,,,,A0023,M0021,48833.16,2024-06-06T20:31:30.209944,mobile
T01211,Transaction,,,,,,,US,,,,,,AUD,completed,,,,,,,,,New York,,,,,,,,,,A0023,M0016,24277.26,2024-06-06T16:31:30.209944,online
T01212,Transaction,,,,,,,US,,,,,,AUD,completed,,,,,,,,,New York,,,,,,,,,,A0023,M0016,24614.43,2024-06-06T21:31:30.209944,mobile
T01213,Transaction,,,,,,,AU,,,,,,AUD,reversed,,,,,,,,,Sydney,,,,,,,,,,A0023,M0021,17746.18,2024-06-07T03:31:30.209944,online
T01214,Transaction,,,,,,,AU,,,,,,AUD,completed,,,,,,,,,Perth,,,,,,,,,,A0023,M0013,34233.11,2024-06-05T16:31:30.209944,mobile
T01215,Transaction,,,,,,,AU,,,,,,AUD,failed,,,,,,,,,Perth,,,,,,,,,,A0086,M0013,24984.65,2024-06-18T12:52:56.575497,online
T01216,Transaction,,,,,,,AU,,,,,,AUD,completed,,,,,,,,,Sydney,,,,,,,,,,A0086,M0021,15029.57,2024-06-17T09:52:56.575497,mobile
T01217,Transaction,,,,,,,AU,,,,,,AUD,completed,,,,,,,,,Perth,,,,,,,,,,A0086,M0013,43535.42,2024-06-17T08:52:56.575497,online
T01218,Transaction,,,,,,,UK,,,,,,AUD,completed,,,,,,,,,London,,,,,,,,,,A0086,M0022,45859.71,2024-06-17T22:52:56.575497,mobile
T01219,Transaction,,,,,,,US,,,,,,AUD,completed,,,,,,,,,New York,,,,,,,,,,A0086,M0019,27840.24,2024-06-17T10:52:56.575497,mobile
T01220,Transaction,,,,,,,SG,,,,,,AUD,failed,,,,,,,,,Singapore,,,,,,,,,,A0086,M0018,42731.79,2024-06-17T15:52:56.575497,mobile
T01221,Transaction,,,,,,,AU,,,,,,AUD,completed,,,,,,,,,Melbourne,,,,,,,,,,A0086,M0005,6470.36,2024-06-17T22:52:56.575497,online
T01222,Transaction,,,,,,,US,,,,,,AUD,completed,,,,,,,,,New York,,,,,,,,,,A0086,M0019,41901.55,2024-06-18T05:52:56.575497,mobile
T01223,Transaction,,,,,,,US,,,,,,AUD,completed,,,,,,,,,New York,,,,,,,,,,A0086,M0027,15882.4,2024-06-17T23:52:56.575497,mobile
T01224,Transaction,,,,,,,AU,,,,,,AUD,completed,,,,,,,,,Sydney,,,,,,,,,,A0086,M0021,41059.92,2024-06-16T23:52:56.575497,mobile
T01225,Transaction,,,,,,,AU,,,,,,AUD,completed,,,,,,,,,Sydney,,,,,,,,,,A0086,M0021,12817.28,2024-06-18T18:52:56.575497,mobile
T01226,Transaction,,,,,,,AU,,,,,,AUD,completed,,,,,,,,,Sydney,,,,,,,,,,A0086,M0021,9481.01,2024-06-17T10:52:56.575497,online
T01227,Transaction,,,,,,,US,,,,,,AUD,completed,,,,,,,,,New York,,,,,,,,,,A0086,M0027,42936.38,2024-06-17T21:52:56.575497,mobile
T01228,Transaction,,,,,,,US,,,,,,AUD,completed,,,,,,,,,New York,,,,,,,,,,A0086,M0016,14169.32,2024-06-17T16:52:56.575497,online
T01229,Transaction,,,,,,,US,,,,,,AUD,completed,,,,,,,,,New York,,,,,,,,,,A0105,M0027,6251.83,2024-04-24T05:54:57.903041,online
T01230,Transaction,,,,,,,AU,,,,,,AUD,failed,,,,,,,,,Melbourne,,,,,,,,,,A0105,M0005,38037.61,2024-04-25T19:54:57.903041,mobile
T01231,Transaction,,,,,,,US,,,,,,AUD,completed,,,,,,,,,New York,,,,,,,,,,A0105,M0019,15787.48,2024-04-24T07:54:57.903041,online
T01232,Transaction,,,,,,,AU,,,,,,AUD,completed,,,,,,,,,Perth,,,,,,,,,,A0105,M0023,37684.07,2024-04-24T11:54:57.903041,mobile
T01233,Transaction,,,,,,,AU,,,,,,AUD,failed,,,,,,,,,Melbourne,,,,,,,,,,A0105,M0005,8733.35,2024-04-24T13:54:57.903041,online
T01234,Transaction,,,,,,,AU,,,,,,AUD,completed,,,,,,,,,Perth,,,,,,,,,,A0111,M0013,25660.75,2024-06-27T13:57:42.535842,online
T01235,Transaction,,,,,,,SG,,,,,,AUD,completed,,,,,,,,,Singapore,,,,,,,,,,A0111,M0018,45257.22,2024-06-27T22:57:42.535842,online
T01236,Transaction,,,,,,,US,,,,,,AUD,completed,,,,,,,,,New York,,,,,,,,,,A0111,M0019,22586.01,2024-06-27T19:57:42.535842,mobile
T01237,Transaction,,,,,,,AU,,,,,,AUD,completed,,,,,,,,,Sydney,,,,,,,,,,A0111,M0021,26893.28,2024-06-27T10:57:42.535842,online
T01238,Transaction,,,,,,,AU,,,,,,AUD,completed,,,,,,,,,Sydney,,,,,,,,,,A0111,M0021,45037.11,2024-06-28T06:57:42.535842,mobile
T01239,Transaction,,,,,,,US,,,,,,AUD,failed,,,,,,,,,New York,,,,,,,,,,A0111,M0016,5456.31,2024-06-28T01:57:42.535842,online
T01240,Transaction,,,,,,,US,,,,,,AUD,reversed,,,,,,,,,New York,,,,,,,,,,A0111,M0027,10274.32,2024-06-27T08:57:42.535842,mobile
T01241,Transaction,,,,,,,UK,,,,,,AUD,completed,,,,,,,,,London,,,,,,,,,,A0111,M0022,31999.68,2024-06-28T21:57:42.535842,online
T01242,Transaction,,,,,,,SG,,,,,,AUD,completed,,,,,,,,,Singapore,,,,,,,,,,A0111,M0018,13678.04,2024-06-27T13:57:42.535842,online
T01243,Transaction,,,,,,,AU,,,,,,AUD,completed,,,,,,,,,Perth,,,,,,,,,,A0111,M0023,39243.24,2024-06-28T14:57:42.535842,online
T01244,Transaction,,,,,,,AU,,,,,,AUD,completed,,,,,,,,,Perth,,,,,,,,,,A0111,M0013,6327.39,2024-06-27T19:57:42.535842,online
T01245,Transaction,,,,,,,US,,,,,,AUD,reversed,,,,,,,,,New York,,,,,,,,,,A0111,M0016,17314.99,2024-06-27T23:57:42.535842,online
T01246,Transaction,,,,,,,US,,,,,,AUD,completed,,,,,,,,,New York,,,,,,,,,,A0111,M0019,29817.37,2024-06-29T03:57:42.535842,mobile
T01247,Transaction,,,,,,,UK,,,,,,AUD,completed,,,,,,,,,London,,,,,,,,,,A0111,M0022,28069.54,2024-06-28T09:57:42.535842,mobile
T01248,Transaction,,,,,,,SG,,,,,,AUD,reversed,,,,,,,,,Singapore,,,,,,,,,,A0111,M0018,13904.44,2024-06-27T17:57:42.535842,mobile
T01249,Transaction,,,,,,,SG,,,,,,AUD,completed,,,,,,,,,Singapore,,,,,,,,,,A0020,M0026,479.19,2024-02-26T09:44:32.889823,online
T01250,Transaction,,,,,,,SG,,,,,,AUD,completed,,,,,,,,,Singapore,,,,,,,,,,A0020,M0026,245.06,2024-02-26T10:02:32.889823,online
T01251,Transaction,,,,,,,SG,,,,,,AUD,completed,,,,,,,,,Singapore,,,,,,,,,,A0020,M0026,240.68,2024-02-26T09:59:32.889823,online
T01252,Transaction,,,,,,,SG,,,,,,AUD,completed,,,,,,,,,Singapore,,,,,,,,,,A0020,M0026,172.25,2024-02-26T10:18:32.889823,online
T01253,Transaction,,,,,,,SG,,,,,,AUD,completed,,,,,,,,,Singapore,,,,,,,,,,A0020,M0026,330.31,2024-02-26T09:51:32.889823,online
T01254,Transaction,,,,,,,SG,,,,,,AUD,completed,,,,,,,,,Singapore,,,,,,,,,,A0020,M0026,222.37,2024-02-26T10:09:32.889823,online
T01255,Transaction,,,,,,,SG,,,,,,AUD,completed,,,,,,,,,Singapore,,,,,,,,,,A0020,M0026,305.21,2024-02-26T09:43:32.889823,online
T01256,Transaction,,,,,,,SG,,,,,,AUD,completed,,,,,,,,,Singapore,,,,,,,,,,A0020,M0026,454.05,2024-02-26T09:54:32.889823,online
T01257,Transaction,,,,,,,SG,,,,,,AUD,completed,,,,,,,,,Singapore,,,,,,,,,,A0020,M0026,78.92,2024-02-26T10:23:32.889823,online
T01258,Transaction,,,,,,,SG,,,,,,AUD,completed,,,,,,,,,Singapore,,,,,,,,,,A0020,M0026,450.25,2024-02-26T09:41:32.889823,online
T01259,Transaction,,,,,,,SG,,,,,,AUD,completed,,,,,,,,,Singapore,,,,,,,,,,A0020,M0026,163.88,2024-02-26T10:03:32.889823,online
T01260,Transaction,,,,,,,SG,,,,,,AUD,completed,,,,,,,,,Singapore,,,,,,,,,,A0020,M0026,182.06,2024-02-26T09:57:32.889823,online
T01261,Transaction,,,,,,,SG,,,,,,AUD,completed,,,,,,,,,Singapore,,,,,,,,,,A0020,M0026,444.76,2024-02-26T10:23:32.889823,online
T01262,Transaction,,,,,,,SG,,,,,,AUD,completed,,,,,,,,,Singapore,,,,,,,,,,A0020,M0026,208.51,2024-02-26T10:04:32.889823,online
T01263,Transaction,,,,,,,SG,,,,,,AUD,completed,,,,,,,,,Singapore,,,,,,,,,,A0020,M0026,101.59,2024-02-26T09:32:32.889823,online
T01264,Transaction,,,,,,,NG,,,,,,AUD,completed,,,,,,,,,Lagos,,,,,,,,,,A0095,M0014,133.66,2024-05-26T11:18:18.437022,online
T01265,Transaction,,,,,,,NG,,,,,,AUD,completed,,,,,,,,,Lagos,,,,,,,,,,A0095,M0014,82.69,2024-05-26T10:43:18.437022,online
T01266,Transaction,,,,,,,NG,,,,,,AUD,completed,,,,,,,,,Lagos,,,,,,,,,,A0095,M0014,217.25,2024-05-26T11:10:18.437022,online
T01267,Transaction,,,,,,,NG,,,,,,AUD,completed,,,,,,,,,Lagos,,,,,,,,,,A0095,M0014,400.78,2024-05-26T10:37:18.437022,online
T01268,Transaction,,,,,,,NG,,,,,,AUD,completed,,,,,,,,,Lagos,,,,,,,,,,A0095,M0014,54.33,2024-05-26T10:35:18.437022,online
T01269,Transaction,,,,,,,NG,,,,,,AUD,completed,,,,,,,,,Lagos,,,,,,,,,,A0095,M0014,54.91,2024-05-26T11:12:18.437022,online
T01270,Transaction,,,,,,,NG,,,,,,AUD,completed,,,,,,,,,Lagos,,,,,,,,,,A0095,M0014,146.2,2024-05-26T10:49:18.437022,online
T01271,Transaction,,,,,,,NG,,,,,,AUD,completed,,,,,,,,,Lagos,,,,,,,,,,A0095,M0014,407.86,2024-05-26T11:04:18.437022,online
T01272,Transaction,,,,,,,NG,,,,,,AUD,completed,,,,,,,,,Lagos,,,,,,,,,,A0095,M0014,154.69,2024-05-26T11:25:18.437022,online
T01273,Transaction,,,,,,,NG,,,,,,AUD,completed,,,,,,,,,Lagos,,,,,,,,,,A0095,M0014,223.52,2024-05-26T10:32:18.437022,online
T01274,Transaction,,,,,,,NG,,,,,,AUD,completed,,,,,,,,,Lagos,,,,,,,,,,A0095,M0014,145.48,2024-05-26T11:06:18.437022,online
T01275,Transaction,,,,,,,NG,,,,,,AUD,completed,,,,,,,,,Lagos,,,,,,,,,,A0095,M0014,96.31,2024-05-26T10:41:18.437022,online
T01276,Transaction,,,,,,,NG,,,,,,AUD,completed,,,,,,,,,Lagos,,,,,,,,,,A0095,M0014,372.32,2024-05-26T10:45:18.437022,online
T01277,Transaction,,,,,,,NG,,,,,,AUD,completed,,,,,,,,,Lagos,,,,,,,,,,A0095,M0014,413.34,2024-05-26T11:24:18.437022,online
T01278,Transaction,,,,,,,NG,,,,,,AUD,completed,,,,,,,,,Lagos,,,,,,,,,,A0095,M0014,83.67,2024-05-26T11:10:18.437022,online
T01279,Transaction,,,,,,,NG,,,,,,AUD,completed,,,,,,,,,Lagos,,,,,,,,,,A0130,M0014,390.29,2024-06-10T14:26:57.012060,online
T01280,Transaction,,,,,,,NG,,,,,,AUD,completed,,,,,,,,,Lagos,,,,,,,,,,A0130,M0014,416.03,2024-06-10T14:03:57.012060,online
T01281,Transaction,,,,,,,NG,,,,,,AUD,completed,,,,,,,,,Lagos,,,,,,,,,,A0130,M0014,138.71,2024-06-10T13:55:57.012060,online
T01282,Transaction,,,,,,,NG,,,,,,AUD,completed,,,,,,,,,Lagos,,,,,,,,,,A0130,M0014,272.27,2024-06-10T14:34:57.012060,online
T01283,Transaction,,,,,,,NG,,,,,,AUD,completed,,,,,,,,,Lagos,,,,,,,,,,A0130,M0014,495.62,2024-06-10T13:45:57.012060,online
T01284,Transaction,,,,,,,NG,,,,,,AUD,completed,,,,,,,,,Lagos,,,,,,,,,,A0130,M0014,103.67,2024-06-10T14:09:57.012060,online
T01285,Transaction,,,,,,,NG,,,,,,AUD,completed,,,,,,,,,Lagos,,,,,,,,,,A0130,M0014,127.01,2024-06-10T14:11:57.012060,online
T01286,Transaction,,,,,,,NG,,,,,,AUD,completed,,,,,,,,,Lagos,,,,,,,,,,A0130,M0014,316.03,2024-06-10T14:03:57.012060,online
T01287,Transaction,,,,,,,NG,,,,,,AUD,completed,,,,,,,,,Lagos,,,,,,,,,,A0130,M0014,309.39,2024-06-10T13:58:57.012060,online
T01288,Transaction,,,,,,,NG,,,,,,AUD,completed,,,,,,,,,Lagos,,,,,,,,,,A0130,M0014,58.03,2024-06-10T14:01:57.012060,online
T01289,Transaction,,,,,,,NG,,,,,,AUD,completed,,,,,,,,,Lagos,,,,,,,,,,A0130,M0014,435.25,2024-06-10T14:33:57.012060,online
T01290,Transaction,,,,,,,NG,,,,,,AUD,completed,,,,,,,,,Lagos,,,,,,,,,,A0130,M0014,460.24,2024-06-10T13:43:57.012060,online
T01291,Transaction,,,,,,,NG,,,,,,AUD,completed,,,,,,,,,Lagos,,,,,,,,,,A0130,M0014,108.98,2024-06-10T14:01:57.012060,online
T01292,Transaction,,,,,,,NG,,,,,,AUD,completed,,,,,,,,,Lagos,,,,,,,,,,A0130,M0014,66.65,2024-06-10T14:08:57.012060,online
T01293,Transaction,,,,,,,NG,,,,,,AUD,completed,,,,,,,,,Lagos,,,,,,,,,,A0130,M0014,463.12,2024-06-10T14:17:57.012060,online
T01294,Transaction,,,,,,,AU,,,,,,AUD,completed,,,,,,,,,Sydney,,,,,,,,,,A0127,M0021,81.25,2024-01-08T01:57:18.031798,online
T01295,Transaction,,,,,,,AU,,,,,,AUD,completed,,,,,,,,,Sydney,,,,,,,,,,A0127,M0021,423.43,2024-01-08T02:02:18.031798,online
T01296,Transaction,,,,,,,AU,,,,,,AUD,completed,,,,,,,,,Sydney,,,,,,,,,,A0127,M0021,375.46,2024-01-08T02:22:18.031798,online
T01297,Transaction,,,,,,,AU,,,,,,AUD,completed,,,,,,,,,Sydney,,,,,,,,,,A0127,M0021,192.74,2024-01-08T02:13:18.031798,online
T01298,Transaction,,,,,,,AU,,,,,,AUD,completed,,,,,,,,,Sydney,,,,,,,,,,A0127,M0021,230.15,2024-01-08T02:18:18.031798,online
T01299,Transaction,,,,,,,AU,,,,,,AUD,completed,,,,,,,,,Sydney,,,,,,,,,,A0127,M0021,398.58,2024-01-08T02:31:18.031798,online
T01300,Transaction,,,,,,,AU,,,,,,AUD,completed,,,,,,,,,Sydney,,,,,,,,,,A0127,M0021,325.54,2024-01-08T02:27:18.031798,online
T01301,Transaction,,,,,,,AU,,,,,,AUD,completed,,,,,,,,,Sydney,,,,,,,,,,A0127,M0021,184.3,2024-01-08T02:21:18.031798,online
T01302,Transaction,,,,,,,AU,,,,,,AUD,completed,,,,,,,,,Sydney,,,,,,,,,,A0127,M0021,272.0,2024-01-08T02:25:18.031798,online
T01303,Transaction,,,,,,,AU,,,,,,AUD,completed,,,,,,,,,Sydney,,,,,,,,,,A0127,M0021,485.22,2024-01-08T02:37:18.031798,online
T01304,Transaction,,,,,,,AU,,,,,,AUD,completed,,,,,,,,,Sydney,,,,,,,,,,A0127,M0021,429.38,2024-01-08T02:03:18.031798,online
T01305,Transaction,,,,,,,AU,,,,,,AUD,completed,,,,,,,,,Sydney,,,,,,,,,,A0127,M0021,96.23,2024-01-08T02:35:18.031798,online
T01306,Transaction,,,,,,,AU,,,,,,AUD,completed,,,,,,,,,Sydney,,,,,,,,,,A0127,M0021,71.53,2024-01-08T02:10:18.031798,online
T01307,Transaction,,,,,,,AU,,,,,,AUD,completed,,,,,,,,,Sydney,,,,,,,,,,A0127,M0021,112.43,2024-01-08T01:56:18.031798,online
T01308,Transaction,,,,,,,AU,,,,,,AUD,completed,,,,,,,,,Sydney,,,,,,,,,,A0127,M0021,437.62,2024-01-08T02:16:18.031798,online
T01309,Transaction,,,,,,,AU,,,,,,AUD,completed,,,,,,,,,Melbourne,,,,,,,,,,A0096,M0008,89.61,2024-05-11T02:19:23.740377,online
T01310,Transaction,,,,,,,AU,,,,,,AUD,completed,,,,,,,,,Melbourne,,,,,,,,,,A0096,M0008,456.02,2024-05-11T02:55:23.740377,online
T01311,Transaction,,,,,,,AU,,,,,,AUD,completed,,,,,,,,,Melbourne,,,,,,,,,,A0096,M0008,417.27,2024-05-11T02:32:23.740377,online
T01312,Transaction,,,,,,,AU,,,,,,AUD,completed,,,,,,,,,Melbourne,,,,,,,,,,A0096,M0008,495.3,2024-05-11T02:43:23.740377,online
T01313,Transaction,,,,,,,AU,,,,,,AUD,completed,,,,,,,,,Melbourne,,,,,,,,,,A0096,M0008,359.71,2024-05-11T03:08:23.740377,online
T01314,Transaction,,,,,,,AU,,,,,,AUD,completed,,,,,,,,,Melbourne,,,,,,,,,,A0096,M0008,166.86,2024-05-11T02:12:23.740377,online
T01315,Transaction,,,,,,,AU,,,,,,AUD,completed,,,,,,,,,Melbourne,,,,,,,,,,A0096,M0008,69.38,2024-05-11T02:59:23.740377,online
T01316,Transaction,,,,,,,AU,,,,,,AUD,completed,,,,,,,,,Melbourne,,,,,,,,,,A0096,M0008,476.22,2024-05-11T02:12:23.740377,online
T01317,Transaction,,,,,,,AU,,,,,,AUD,completed,,,,,,,,,Melbourne,,,,,,,,,,A0096,M0008,168.68,2024-05-11T02:13:23.740377,online
T01318,Transaction,,,,,,,AU,,,,,,AUD,completed,,,,,,,,,Melbourne,,,,,,,,,,A0096,M0008,325.74,2024-05-11T02:53:23.740377,online
T01319,Transaction,,,,,,,AU,,,,,,AUD,completed,,,,,,,,,Melbourne,,,,,,,,,,A0096,M0008,220.8,2024-05-11T03:00:23.740377,online
T01320,Transaction,,,,,,,AU,,,,,,AUD,completed,,,,,,,,,Melbourne,,,,,,,,,,A0096,M0008,126.65,2024-05-11T02:53:23.740377,online
T01321,Transaction,,,,,,,AU,,,,,,AUD,completed,,,,,,,,,Melbourne,,,,,,,,,,A0096,M0008,312.55,2024-05-11T02:17:23.740377,online
T01322,Transaction,,,,,,,AU,,,,,,AUD,completed,,,,,,,,,Melbourne,,,,,,,,,,A0096,M0008,106.83,2024-05-11T02:16:23.740377,online
T01323,Transaction,,,,,,,AU,,,,,,AUD,completed,,,,,,,,,Melbourne,,,,,,,,,,A0096,M0008,116.6,2024-05-11T03:04:23.740377,online
T01324,Transaction,,,,,,,UK,,,,,,AUD,completed,,,,,,,,,London,,,,,,,,,,A0098,M0017,1630.01,2024-04-25T04:07:00,mobile
T01325,Transaction,,,,,,,US,,,,,,AUD,completed,,,,,,,,,New York,,,,,,,,,,A0098,M0025,2219.51,2024-04-29T03:20:00,online
T01326,Transaction,,,,,,,US,,,,,,AUD,completed,,,,,,,,,New York,,,,,,,,,,A0098,M0003,1123.73,2024-01-17T03:45:00,online
T01327,Transaction,,,,,,,SG,,,,,,AUD,completed,,,,,,,,,Singapore,,,,,,,,,,A0098,M0007,2115.4,2024-04-29T04:54:00,online
T01328,Transaction,,,,,,,SG,,,,,,AUD,completed,,,,,,,,,Singapore,,,,,,,,,,A0098,M0001,2044.45,2024-06-24T02:13:00,mobile
T01329,Transaction,,,,,,,AU,,,,,,AUD,completed,,,,,,,,,Sydney,,,,,,,,,,A0098,M0004,1087.31,2024-05-28T02:31:00,mobile
T01330,Transaction,,,,,,,AU,,,,,,AUD,completed,,,,,,,,,Brisbane,,,,,,,,,,A0149,M0028,1563.08,2024-05-08T04:09:00,online
T01331,Transaction,,,,,,,NG,,,,,,AUD,completed,,,,,,,,,Lagos,,,,,,,,,,A0149,M0015,2616.79,2024-02-09T03:24:00,online
T01332,Transaction,,,,,,,SG,,,,,,AUD,completed,,,,,,,,,Singapore,,,,,,,,,,A0149,M0009,1326.97,2024-05-21T02:04:00,mobile
T01333,Transaction,,,,,,,AU,,,,,,AUD,completed,,,,,,,,,Sydney,,,,,,,,,,A0149,M0004,527.14,2024-06-21T04:41:00,online
T01334,Transaction,,,,,,,US,,,,,,AUD,completed,,,,,,,,,New York,,,,,,,,,,A0149,M0029,1436.46,2024-05-14T02:01:00,mobile
T01335,Transaction,,,,,,,AU,,,,,,AUD,completed,,,,,,,,,Brisbane,,,,,,,,,,A0144,M0012,870.18,2024-03-27T04:28:00,online
T01336,Transaction,,,,,,,AU,,,,,,AUD,completed,,,,,,,,,Perth,,,,,,,,,,A0144,M0013,1556.35,2024-03-05T02:09:00,mobile
T01337,Transaction,,,,,,,AU,,,,,,AUD,completed,,,,,,,,,Sydney,,,,,,,,,,A0144,M0004,242.49,2024-01-10T03:23:00,mobile
T01338,Transaction,,,,,,,SG,,,,,,AUD,completed,,,,,,,,,Singapore,,,,,,,,,,A0150,M0007,1267.81,2024-06-16T02:18:00,mobile
T01339,Transaction,,,,,,,NG,,,,,,AUD,completed,,,,,,,,,Lagos,,,,,,,,,,A0150,M0014,416.64,2024-04-05T03:33:00,online
T01340,Transaction,,,,,,,AU,,,,,,AUD,completed,,,,,,,,,Sydney,,,,,,,,,,A0150,M0004,254.1,2024-04-26T02:14:00,online
T01341,Transaction,,,,,,,SG,,,,,,AUD,completed,,,,,,,,,Singapore,,,,,,,,,,A0150,M0018,392.99,2024-04-14T02:04:00,online
T01342,Transaction,,,,,,,AU,,,,,,AUD,completed,,,,,,,,,Perth,,,,,,,,,,A0150,M0013,1236.53,2024-06-08T04:45:00,online
T01343,Transaction,,,,,,,US,,,,,,AUD,completed,,,,,,,,,New York,,,,,,,,,,A0150,M0016,696.55,2024-02-09T04:17:00,online
T01344,Transaction,,,,,,,AU,,,,,,AUD,completed,,,,,,,,,Sydney,,,,,,,,,,A0150,M0020,935.14,2024-03-03T03:45:00,online
T01345,Transaction,,,,,,,AU,,,,,,AUD,completed,,,,,,,,,Perth,,,,,,,,,,A0150,M0023,1904.14,2024-01-18T04:58:00,mobile
T01346,Transaction,,,,,,,UK,,,,,,AUD,failed,,,,,,,,,London,,,,,,,,,,A0147,M0022,2.5,2024-01-31T19:29:25.085386,online
T01347,Transaction,,,,,,,UK,,,,,,AUD,failed,,,,,,,,,London,,,,,,,,,,A0147,M0022,3.99,2024-01-31T19:31:25.085386,online
T01348,Transaction,,,,,,,UK,,,,,,AUD,failed,,,,,,,,,London,,,,,,,,,,A0147,M0022,5.1,2024-01-31T19:33:25.085386,online
T01349,Transaction,,,,,,,UK,,,,,,AUD,completed,,,,,,,,,London,,,,,,,,,,A0147,M0022,2425.65,2024-01-31T19:43:25.085386,online
T01350,Transaction,,,,,,,SG,,,,,,AUD,failed,,,,,,,,,Singapore,,,,,,,,,,A0118,M0009,2.54,2024-01-04T18:28:18.574818,online
T01351,Transaction,,,,,,,SG,,,,,,AUD,failed,,,,,,,,,Singapore,,,,,,,,,,A0118,M0009,7.84,2024-01-04T18:30:18.574818,online
T01352,Transaction,,,,,,,SG,,,,,,AUD,failed,,,,,,,,,Singapore,,,,,,,,,,A0118,M0009,1.09,2024-01-04T18:32:18.574818,online
T01353,Transaction,,,,,,,SG,,,,,,AUD,completed,,,,,,,,,Singapore,,,,,,,,,,A0118,M0009,3124.21,2024-01-04T18:42:18.574818,online
T01354,Transaction,,,,,,,SG,,,,,,AUD,completed,,,,,,,,,Singapore,,,,,,,,,,A0118,M0009,4429.48,2024-01-04T18:47:18.574818,online
T01355,Transaction,,,,,,,SG,,,,,,AUD,failed,,,,,,,,,Singapore,,,,,,,,,,A0045,M0002,6.11,2024-03-26T12:50:11.235680,online
T01356,Transaction,,,,,,,SG,,,,,,AUD,failed,,,,,,,,,Singapore,,,,,,,,,,A0045,M0002,9.91,2024-03-26T12:52:11.235680,online
T01357,Transaction,,,,,,,SG,,,,,,AUD,failed,,,,,,,,,Singapore,,,,,,,,,,A0045,M0002,8.52,2024-03-26T12:54:11.235680,online
T01358,Transaction,,,,,,,SG,,,,,,AUD,completed,,,,,,,,,Singapore,,,,,,,,,,A0045,M0002,3988.65,2024-03-26T12:59:11.235680,online
T01359,Transaction,,,,,,,AU,,,,,,AUD,completed,,,,,,,,,Sydney,,,,,,,,,,A0018,M0020,1980.1,2024-05-13T09:28:00,pos
T01360,Transaction,,,,,,,UK,,,,,,AUD,completed,,,,,,,,,London,,,,,,,,,,A0018,M0022,1343.65,2024-05-13T14:31:00,pos
T01361,Transaction,,,,,,,AU,,,,,,AUD,completed,,,,,,,,,Melbourne,,,,,,,,,,A0052,M0008,637.21,2024-02-15T09:29:00,pos
T01362,Transaction,,,,,,,US,,,,,,AUD,completed,,,,,,,,,New York,,,,,,,,,,A0052,M0016,1788.18,2024-02-15T14:00:00,pos
T01363,Transaction,,,,,,,AU,,,,,,AUD,completed,,,,,,,,,Brisbane,,,,,,,,,,A0131,M0028,994.49,2024-05-20T09:54:00,pos
T01364,Transaction,,,,,,,NG,,,,,,AUD,completed,,,,,,,,,Lagos,,,,,,,,,,A0131,M0015,1387.28,2024-05-20T14:55:00,pos
