relationship_id,source_type,source_id,target_type,target_id,relationship_type,timestamp,metadata
R00001,account,A0009,device,D0007,LOGGED_IN_FROM,2024-05-13T17:19:47.342766,"{""ring_id"": ""RING-1""}"
R00002,account,A0009,device,D0048,LOGGED_IN_FROM,2024-05-26T22:19:32.790882,"{""ring_id"": ""RING-1""}"
R00003,account,A0009,account,A0027,SHARED_DEVICE,2024-04-10T16:52:28.111847,"{""shared_devices"": [""D0007"", ""D0048""]}"
R00004,account,A0009,account,A0071,SHARED_DEVICE,2024-04-16T03:36:15.549913,"{""shared_devices"": [""D0007"", ""D0048""]}"
R00005,account,A0009,account,A0073,SHARED_DEVICE,2024-04-11T15:31:52.976574,"{""shared_devices"": [""D0007"", ""D0048""]}"
R00006,account,A0009,account,A0099,SHARED_DEVICE,2024-02-29T15:58:55.715779,"{""shared_devices"": [""D0007"", ""D0048""]}"
R00007,account,A0009,account,A0110,SHARED_DEVICE,2024-01-23T02:58:21.732889,"{""shared_devices"": [""D0007"", ""D0048""]}"
R00008,account,A0009,account,A0120,SHARED_DEVICE,2024-03-05T00:01:48.208545,"{""shared_devices"": [""D0007"", ""D0048""]}"
R00009,account,A0009,account,A0140,SHARED_DEVICE,2024-04-30T10:14:21.188014,"{""shared_devices"": [""D0007"", ""D0048""]}"
R00010,account,A0009,account,A0143,SHARED_DEVICE,2024-05-15T19:14:05.219133,"{""shared_devices"": [""D0007"", ""D0048""]}"
R00011,account,A0027,device,D0007,LOGGED_IN_FROM,2024-06-06T02:59:32.260874,"{""ring_id"": ""RING-1""}"
R00012,account,A0027,device,D0048,LOGGED_IN_FROM,2024-05-10T12:17:15.318504,"{""ring_id"": ""RING-1""}"
R00013,account,A0027,account,A0071,SHARED_DEVICE,2024-06-24T06:43:25.062071,"{""shared_devices"": [""D0007"", ""D0048""]}"
R00014,account,A0027,account,A0073,SHARED_DEVICE,2024-04-18T16:10:53.170608,"{""shared_devices"": [""D0007"", ""D0048""]}"
R00015,account,A0027,account,A0099,SHARED_DEVICE,2024-03-04T15:33:03.710344,"{""shared_devices"": [""D0007"", ""D0048""]}"
R00016,account,A0027,account,A0110,SHARED_DEVICE,2024-04-14T14:28:40.957988,"{""shared_devices"": [""D0007"", ""D0048""]}"
R00017,account,A0027,account,A0120,SHARED_DEVICE,2024-02-08T12:08:14.538621,"{""shared_devices"": [""D0007"", ""D0048""]}"
R00018,account,A0027,account,A0140,SHARED_DEVICE,2024-04-28T20:51:45.000650,"{""shared_devices"": [""D0007"", ""D0048""]}"
R00019,account,A0027,account,A0143,SHARED_DEVICE,2024-02-10T14:07:10.961052,"{""shared_devices"": [""D0007"", ""D0048""]}"
R00020,account,A0071,device,D0007,LOGGED_IN_FROM,2024-01-20T14:06:02.343931,"{""ring_id"": ""RING-1""}"
R00021,account,A0071,device,D0048,LOGGED_IN_FROM,2024-06-02T00:18:07.669455,"{""ring_id"": ""RING-1""}"
R00022,account,A0071,account,A0073,SHARED_DEVICE,2024-03-07T12:41:06.733943,"{""shared_devices"": [""D0007"", ""D0048""]}"
R00023,account,A0071,account,A0099,SHARED_DEVICE,2024-05-18T00:45:31.914481,"{""shared_devices"": [""D0007"", ""D0048""]}"
R00024,account,A0071,account,A0110,SHARED_DEVICE,2024-04-13T21:53:25.507737,"{""shared_devices"": [""D0007"", ""D0048""]}"
R00025,account,A0071,account,A0120,SHARED_DEVICE,2024-05-26T02:34:10.690629,"{""shared_devices"": [""D0007"", ""D0048""]}"
R00026,account,A0071,account,A0140,SHARED_DEVICE,2024-06-01T23:21:14.474917,"{""shared_devices"": [""D0007"", ""D0048""]}"
R00027,account,A0071,account,A0143,SHARED_DEVICE,2024-06-25T09:25:49.582683,"{""shared_devices"": [""D0007"", ""D0048""]}"
R00028,account,A0073,device,D0007,LOGGED_IN_FROM,2024-05-28T03:14:46.600241,"{""ring_id"": ""RING-1""}"
R00029,account,A0073,device,D0048,LOGGED_IN_FROM,2024-04-21T01:21:44.390326,"{""ring_id"": ""RING-1""}"
R00030,account,A0073,account,A0099,SHARED_DEVICE,2024-04-26T07:53:06.603636,"{""shared_devices"": [""D0007"", ""D0048""]}"
R00031,account,A0073,account,A0110,SHARED_DEVICE,2024-01-05T18:02:47.917804,"{""shared_devices"": [""D0007"", ""D0048""]}"
R00032,account,A0073,account,A0120,SHARED_DEVICE,2024-06-17T03:56:31.776295,"{""shared_devices"": [""D0007"", ""D0048""]}"
R00033,account,A0073,account,A0140,SHARED_DEVICE,2024-05-30T03:10:39.617705,"{""shared_devices"": [""D0007"", ""D0048""]}"
R00034,account,A0073,account,A0143,SHARED_DEVICE,2024-02-18T09:47:34.505050,"{""shared_devices"": [""D0007"", ""D0048""]}"
R00035,account,A0099,device,D0007,LOGGED_IN_FROM,2024-02-02T15:43:38.699753,"{""ring_id"": ""RING-1""}"
R00036,account,A0099,device,D0048,LOGGED_IN_FROM,2024-05-07T04:31:24.489581,"{""ring_id"": ""RING-1""}"
R00037,account,A0099,account,A0110,SHARED_DEVICE,2024-02-25T22:13:46.157798,"{""shared_devices"": [""D0007"", ""D0048""]}"
R00038,account,A0099,account,A0120,SHARED_DEVICE,2024-03-02T12:11:53.912545,"{""shared_devices"": [""D0007"", ""D0048""]}"
R00039,account,A0099,account,A0140,SHARED_DEVICE,2024-01-02T02:31:24.777010,"{""shared_devices"": [""D0007"", ""D0048""]}"
R00040,account,A0099,account,A0143,SHARED_DEVICE,2024-06-06T10:41:00.949899,"{""shared_devices"": [""D0007"", ""D0048""]}"
R00041,account,A0110,device,D0007,LOGGED_IN_FROM,2024-04-12T12:05:55.808316,"{""ring_id"": ""RING-1""}"
R00042,account,A0110,device,D0048,LOGGED_IN_FROM,2024-03-13T13:00:25.885202,"{""ring_id"": ""RING-1""}"
R00043,account,A0110,account,A0120,SHARED_DEVICE,2024-01-26T16:18:12.591479,"{""shared_devices"": [""D0007"", ""D0048""]}"
R00044,account,A0110,account,A0140,SHARED_DEVICE,2024-04-24T14:29:57.202712,"{""shared_devices"": [""D0007"", ""D0048""]}"
R00045,account,A0110,account,A0143,SHARED_DEVICE,2024-01-06T13:10:27.967320,"{""shared_devices"": [""D0007"", ""D0048""]}"
R00046,account,A0120,device,D0007,LOGGED_IN_FROM,2024-05-15T01:06:34.178950,"{""ring_id"": ""RING-1""}"
R00047,account,A0120,device,D0048,LOGGED_IN_FROM,2024-02-08T22:32:14.031116,"{""ring_id"": ""RING-1""}"
R00048,account,A0120,account,A0140,SHARED_DEVICE,2024-03-16T23:45:08.470487,"{""shared_devices"": [""D0007"", ""D0048""]}"
R00049,account,A0120,account,A0143,SHARED_DEVICE,2024-03-02T16:51:07.721302,"{""shared_devices"": [""D0007"", ""D0048""]}"
R00050,account,A0140,device,D0007,LOGGED_IN_FROM,2024-03-07T23:30:38.281392,"{""ring_id"": ""RING-1""}"
R00051,account,A0140,device,D0048,LOGGED_IN_FROM,2024-05-10T14:36:46.381947,"{""ring_id"": ""RING-1""}"
R00052,account,A0140,account,A0143,SHARED_DEVICE,2024-05-20T14:34:26.159288,"{""shared_devices"": [""D0007"", ""D0048""]}"
R00053,account,A0143,device,D0007,LOGGED_IN_FROM,2024-04-12T17:37:35.075759,"{""ring_id"": ""RING-1""}"
R00054,account,A0143,device,D0048,LOGGED_IN_FROM,2024-01-16T09:03:12.173979,"{""ring_id"": ""RING-1""}"
R00055,customer,C0073,customer,C0027,KNOWN_ASSOCIATE,2024-01-10T12:31:57.871173,"{""ring_id"": ""RING-1""}"
R00056,customer,C0073,customer,C0009,KNOWN_ASSOCIATE,2024-01-29T11:47:18.934921,"{""ring_id"": ""RING-1""}"
R00057,customer,C0073,customer,C0071,KNOWN_ASSOCIATE,2024-04-21T19:53:20.624232,"{""ring_id"": ""RING-1""}"
R00058,customer,C0073,customer,C0099,KNOWN_ASSOCIATE,2024-05-01T23:43:12.284052,"{""ring_id"": ""RING-1""}"
R00059,customer,C0027,customer,C0009,KNOWN_ASSOCIATE,2024-02-19T06:00:53.108513,"{""ring_id"": ""RING-1""}"
R00060,customer,C0027,customer,C0071,KNOWN_ASSOCIATE,2024-04-29T19:27:42.053613,"{""ring_id"": ""RING-1""}"
R00061,customer,C0027,customer,C0099,KNOWN_ASSOCIATE,2024-03-28T21:42:52.005767,"{""ring_id"": ""RING-1""}"
R00062,customer,C0009,customer,C0071,KNOWN_ASSOCIATE,2024-03-21T00:14:23.809255,"{""ring_id"": ""RING-1""}"
R00063,customer,C0009,customer,C0099,KNOWN_ASSOCIATE,2024-02-19T10:38:12.378914,"{""ring_id"": ""RING-1""}"
R00064,customer,C0071,customer,C0099,KNOWN_ASSOCIATE,2024-05-16T15:28:22.857943,"{""ring_id"": ""RING-1""}"
R00065,account,A0028,device,D0034,LOGGED_IN_FROM,2024-06-27T04:25:54.983089,"{""ring_id"": ""RING-2""}"
R00066,account,A0028,device,D0043,LOGGED_IN_FROM,2024-01-10T21:58:22.180089,"{""ring_id"": ""RING-2""}"
R00067,account,A0028,account,A0030,SHARED_DEVICE,2024-02-07T00:00:50.587893,"{""shared_devices"": [""D0034"", ""D0043""]}"
R00068,account,A0028,account,A0076,SHARED_DEVICE,2024-06-20T02:29:16.205685,"{""shared_devices"": [""D0034"", ""D0043""]}"
R00069,account,A0030,device,D0034,LOGGED_IN_FROM,2024-05-18T21:21:58.847863,"{""ring_id"": ""RING-2""}"
R00070,account,A0030,device,D0043,LOGGED_IN_FROM,2024-05-18T07:30:53.752273,"{""ring_id"": ""RING-2""}"
R00071,account,A0030,account,A0076,SHARED_DEVICE,2024-02-22T09:21:30.016831,"{""shared_devices"": [""D0034"", ""D0043""]}"
R00072,account,A0076,device,D0034,LOGGED_IN_FROM,2024-01-22T17:12:43.160605,"{""ring_id"": ""RING-2""}"
R00073,account,A0076,device,D0043,LOGGED_IN_FROM,2024-03-31T00:38:30.722987,"{""ring_id"": ""RING-2""}"
R00074,customer,C0076,customer,C0028,KNOWN_ASSOCIATE,2024-03-18T22:45:55.329552,"{""ring_id"": ""RING-2""}"
R00075,customer,C0076,customer,C0030,KNOWN_ASSOCIATE,2024-01-24T09:10:57.678391,"{""ring_id"": ""RING-2""}"
R00076,customer,C0028,customer,C0030,KNOWN_ASSOCIATE,2024-04-06T09:32:15.788890,"{""ring_id"": ""RING-2""}"
R00077,account,A0001,device,D0028,LOGGED_IN_FROM,2024-01-04T09:24:47.645741,"{""ring_id"": ""RING-3""}"
R00078,account,A0001,account,A0019,SHARED_DEVICE,2024-06-15T17:31:46.615723,"{""shared_devices"": [""D0028""]}"
R00079,account,A0001,account,A0043,SHARED_DEVICE,2024-06-05T01:00:21.236871,"{""shared_devices"": [""D0028""]}"
R00080,account,A0001,account,A0077,SHARED_DEVICE,2024-04-14T05:05:52.059267,"{""shared_devices"": [""D0028""]}"
R00081,account,A0001,account,A0121,SHARED_DEVICE,2024-04-13T18:50:53.569565,"{""shared_devices"": [""D0028""]}"
R00082,account,A0001,account,A0126,SHARED_DEVICE,2024-05-08T10:03:48.560600,"{""shared_devices"": [""D0028""]}"
R00083,account,A0019,device,D0028,LOGGED_IN_FROM,2024-03-16T14:27:45.221616,"{""ring_id"": ""RING-3""}"
R00084,account,A0019,account,A0043,SHARED_DEVICE,2024-01-21T20:18:47.271066,"{""shared_devices"": [""D0028""]}"
R00085,account,A0019,account,A0077,SHARED_DEVICE,2024-01-04T18:36:03.212653,"{""shared_devices"": [""D0028""]}"
R00086,account,A0019,account,A0121,SHARED_DEVICE,2024-02-28T18:47:34.697441,"{""shared_devices"": [""D0028""]}"
R00087,account,A0019,account,A0126,SHARED_DEVICE,2024-05-25T00:56:36.377969,"{""shared_devices"": [""D0028""]}"
R00088,account,A0043,device,D0028,LOGGED_IN_FROM,2024-04-21T21:08:10.117657,"{""ring_id"": ""RING-3""}"
R00089,account,A0043,account,A0077,SHARED_DEVICE,2024-05-30T14:19:14.038981,"{""shared_devices"": [""D0028""]}"
R00090,account,A0043,account,A0121,SHARED_DEVICE,2024-06-15T11:28:47.285632,"{""shared_devices"": [""D0028""]}"
R00091,account,A0043,account,A0126,SHARED_DEVICE,2024-01-16T22:50:10.335689,"{""shared_devices"": [""D0028""]}"
R00092,account,A0077,device,D0028,LOGGED_IN_FROM,2024-06-01T20:26:24.212526,"{""ring_id"": ""RING-3""}"
R00093,account,A0077,account,A0121,SHARED_DEVICE,2024-02-14T00:58:00.359868,"{""shared_devices"": [""D0028""]}"
R00094,account,A0077,account,A0126,SHARED_DEVICE,2024-04-16T14:03:24.754996,"{""shared_devices"": [""D0028""]}"
R00095,account,A0121,device,D0028,LOGGED_IN_FROM,2024-04-04T20:05:35.832461,"{""ring_id"": ""RING-3""}"
R00096,account,A0121,account,A0126,SHARED_DEVICE,2024-03-12T15:12:37.912165,"{""shared_devices"": [""D0028""]}"
R00097,account,A0126,device,D0028,LOGGED_IN_FROM,2024-02-26T03:49:57.707814,"{""ring_id"": ""RING-3""}"
R00098,customer,C0043,customer,C0019,KNOWN_ASSOCIATE,2024-03-02T10:50:44.495912,"{""ring_id"": ""RING-3""}"
R00099,customer,C0043,customer,C0077,KNOWN_ASSOCIATE,2024-03-01T06:51:00.345997,"{""ring_id"": ""RING-3""}"
R00100,customer,C0043,customer,C0001,KNOWN_ASSOCIATE,2024-01-31T10:22:06.541502,"{""ring_id"": ""RING-3""}"
R00101,customer,C0019,customer,C0077,KNOWN_ASSOCIATE,2024-04-02T09:32:21.796984,"{""ring_id"": ""RING-3""}"
R00102,customer,C0019,customer,C0001,KNOWN_ASSOCIATE,2024-01-21T15:19:54.204451,"{""ring_id"": ""RING-3""}"
R00103,customer,C0077,customer,C0001,KNOWN_ASSOCIATE,2024-04-02T07:13:54.331432,"{""ring_id"": ""RING-3""}"
R00104,account,A0017,device,D0013,LOGGED_IN_FROM,2024-04-19T00:49:16.291296,"{""ring_id"": ""RING-4""}"
R00105,account,A0017,device,D0012,LOGGED_IN_FROM,2024-05-17T14:22:30.877881,"{""ring_id"": ""RING-4""}"
R00106,account,A0017,account,A0033,SHARED_DEVICE,2024-04-28T15:31:52.110096,"{""shared_devices"": [""D0013"", ""D0012""]}"
R00107,account,A0017,account,A0036,SHARED_DEVICE,2024-02-02T01:31:22.022928,"{""shared_devices"": [""D0013"", ""D0012""]}"
R00108,account,A0017,account,A0070,SHARED_DEVICE,2024-05-19T21:15:07.558889,"{""shared_devices"": [""D0013"", ""D0012""]}"
R00109,account,A0017,account,A0091,SHARED_DEVICE,2024-03-30T10:26:39.684032,"{""shared_devices"": [""D0013"", ""D0012""]}"
R00110,account,A0017,account,A0109,SHARED_DEVICE,2024-05-16T13:18:45.593542,"{""shared_devices"": [""D0013"", ""D0012""]}"
R00111,account,A0033,device,D0013,LOGGED_IN_FROM,2024-05-17T12:54:22.816426,"{""ring_id"": ""RING-4""}"
R00112,account,A0033,device,D0012,LOGGED_IN_FROM,2024-03-22T06:02:39.970992,"{""ring_id"": ""RING-4""}"
R00113,account,A0033,account,A0036,SHARED_DEVICE,2024-06-16T06:31:33.954338,"{""shared_devices"": [""D0013"", ""D0012""]}"
R00114,account,A0033,account,A0070,SHARED_DEVICE,2024-04-12T04:09:08.305566,"{""shared_devices"": [""D0013"", ""D0012""]}"
R00115,account,A0033,account,A0091,SHARED_DEVICE,2024-04-24T23:44:09.232797,"{""shared_devices"": [""D0013"", ""D0012""]}"
R00116,account,A0033,account,A0109,SHARED_DEVICE,2024-04-23T00:55:21.395624,"{""shared_devices"": [""D0013"", ""D0012""]}"
R00117,account,A0036,device,D0013,LOGGED_IN_FROM,2024-06-05T10:17:18.327364,"{""ring_id"": ""RING-4""}"
R00118,account,A0036,device,D0012,LOGGED_IN_FROM,2024-04-23T12:37:56.696061,"{""ring_id"": ""RING-4""}"
R00119,account,A0036,account,A0070,SHARED_DEVICE,2024-01-28T07:45:32.225945,"{""shared_devices"": [""D0013"", ""D0012""]}"
R00120,account,A0036,account,A0091,SHARED_DEVICE,2024-01-13T08:38:07.824860,"{""shared_devices"": [""D0013"", ""D0012""]}"
R00121,account,A0036,account,A0109,SHARED_DEVICE,2024-03-21T00:57:06.585497,"{""shared_devices"": [""D0013"", ""D0012""]}"
R00122,account,A0070,device,D0013,LOGGED_IN_FROM,2024-02-24T19:27:07.092878,"{""ring_id"": ""RING-4""}"
R00123,account,A0070,device,D0012,LOGGED_IN_FROM,2024-02-19T17:10:56.681616,"{""ring_id"": ""RING-4""}"
R00124,account,A0070,account,A0091,SHARED_DEVICE,2024-01-11T04:00:42.084740,"{""shared_devices"": [""D0013"", ""D0012""]}"
R00125,account,A0070,account,A0109,SHARED_DEVICE,2024-04-01T19:52:17.146916,"{""shared_devices"": [""D0013"", ""D0012""]}"
R00126,account,A0091,device,D0013,LOGGED_IN_FROM,2024-02-26T04:24:42.130922,"{""ring_id"": ""RING-4""}"
R00127,account,A0091,device,D0012,LOGGED_IN_FROM,2024-03-22T19:06:49.766097,"{""ring_id"": ""RING-4""}"
R00128,account,A0091,account,A0109,SHARED_DEVICE,2024-01-11T07:07:49.370962,"{""shared_devices"": [""D0013"", ""D0012""]}"
R00129,account,A0109,device,D0013,LOGGED_IN_FROM,2024-05-30T12:53:24.604601,"{""ring_id"": ""RING-4""}"
R00130,account,A0109,device,D0012,LOGGED_IN_FROM,2024-01-14T21:19:10.088751,"{""ring_id"": ""RING-4""}"
R00131,customer,C0036,customer,C0091,KNOWN_ASSOCIATE,2024-06-05T10:18:07.730536,"{""ring_id"": ""RING-4""}"
R00132,customer,C0036,customer,C0017,KNOWN_ASSOCIATE,2024-06-03T19:23:39.860179,"{""ring_id"": ""RING-4""}"
R00133,customer,C0036,customer,C0070,KNOWN_ASSOCIATE,2024-04-21T07:35:47.181398,"{""ring_id"": ""RING-4""}"
R00134,customer,C0036,customer,C0033,KNOWN_ASSOCIATE,2024-04-01T18:42:09.354595,"{""ring_id"": ""RING-4""}"
R00135,customer,C0091,customer,C0017,KNOWN_ASSOCIATE,2024-03-24T18:01:10.006968,"{""ring_id"": ""RING-4""}"
R00136,customer,C0091,customer,C0070,KNOWN_ASSOCIATE,2024-04-10T07:57:01.141537,"{""ring_id"": ""RING-4""}"
R00137,customer,C0091,customer,C0033,KNOWN_ASSOCIATE,2024-05-23T07:39:23.440755,"{""ring_id"": ""RING-4""}"
R00138,customer,C0017,customer,C0070,KNOWN_ASSOCIATE,2024-06-11T03:41:19.210484,"{""ring_id"": ""RING-4""}"
R00139,customer,C0017,customer,C0033,KNOWN_ASSOCIATE,2024-03-22T09:38:35.551174,"{""ring_id"": ""RING-4""}"
R00140,customer,C0070,customer,C0033,KNOWN_ASSOCIATE,2024-05-26T13:50:25.247328,"{""ring_id"": ""RING-4""}"
R00141,account,A0004,device,D0022,LOGGED_IN_FROM,2024-06-26T19:28:58.671371,"{""ring_id"": ""RING-5""}"
R00142,account,A0004,account,A0015,SHARED_DEVICE,2024-01-16T06:19:32.698253,"{""shared_devices"": [""D0022""]}"
R00143,account,A0004,account,A0023,SHARED_DEVICE,2024-04-26T22:46:33.902142,"{""shared_devices"": [""D0022""]}"
R00144,account,A0004,account,A0086,SHARED_DEVICE,2024-01-08T02:02:00.226377,"{""shared_devices"": [""D0022""]}"
R00145,account,A0004,account,A0105,SHARED_DEVICE,2024-05-08T01:54:31.260889,"{""shared_devices"": [""D0022""]}"
R00146,account,A0004,account,A0111,SHARED_DEVICE,2024-06-28T08:50:35.816561,"{""shared_devices"": [""D0022""]}"
R00147,account,A0015,device,D0022,LOGGED_IN_FROM,2024-04-04T20:33:13.661896,"{""ring_id"": ""RING-5""}"
R00148,account,A0015,account,A0023,SHARED_DEVICE,2024-04-20T08:59:40.866237,"{""shared_devices"": [""D0022""]}"
R00149,account,A0015,account,A0086,SHARED_DEVICE,2024-03-06T20:46:21.852749,"{""shared_devices"": [""D0022""]}"
R00150,account,A0015,account,A0105,SHARED_DEVICE,2024-06-15T03:31:02.682927,"{""shared_devices"": [""D0022""]}"
R00151,account,A0015,account,A0111,SHARED_DEVICE,2024-03-11T02:56:15.124446,"{""shared_devices"": [""D0022""]}"
R00152,account,A0023,device,D0022,LOGGED_IN_FROM,2024-05-20T04:16:30.149632,"{""ring_id"": ""RING-5""}"
R00153,account,A0023,account,A0086,SHARED_DEVICE,2024-05-02T21:07:54.113199,"{""shared_devices"": [""D0022""]}"
R00154,account,A0023,account,A0105,SHARED_DEVICE,2024-01-10T11:28:32.909435,"{""shared_devices"": [""D0022""]}"
R00155,account,A0023,account,A0111,SHARED_DEVICE,2024-04-24T04:34:16.605753,"{""shared_devices"": [""D0022""]}"
R00156,account,A0086,device,D0022,LOGGED_IN_FROM,2024-03-01T13:43:00.352190,"{""ring_id"": ""RING-5""}"
R00157,account,A0086,account,A0105,SHARED_DEVICE,2024-02-29T16:10:35.904833,"{""shared_devices"": [""D0022""]}"
R00158,account,A0086,account,A0111,SHARED_DEVICE,2024-04-10T23:47:31.901084,"{""shared_devices"": [""D0022""]}"
R00159,account,A0105,device,D0022,LOGGED_IN_FROM,2024-03-10T23:14:05.659152,"{""ring_id"": ""RING-5""}"
R00160,account,A0105,account,A0111,SHARED_DEVICE,2024-02-15T14:40:10.883615,"{""shared_devices"": [""D0022""]}"
R00161,account,A0111,device,D0022,LOGGED_IN_FROM,2024-06-03T03:12:13.800140,"{""ring_id"": ""RING-5""}"
R00162,customer,C0023,customer,C0015,KNOWN_ASSOCIATE,2024-06-23T13:23:49.792101,"{""ring_id"": ""RING-5""}"
R00163,customer,C0023,customer,C0004,KNOWN_ASSOCIATE,2024-04-19T02:07:56.404350,"{""ring_id"": ""RING-5""}"
R00164,customer,C0023,customer,C0086,KNOWN_ASSOCIATE,2024-01-28T05:13:18.240641,"{""ring_id"": ""RING-5""}"
R00165,customer,C0015,customer,C0004,KNOWN_ASSOCIATE,2024-01-15T18:02:40.680505,"{""ring_id"": ""RING-5""}"
R00166,customer,C0015,customer,C0086,KNOWN_ASSOCIATE,2024-04-30T02:43:51.558565,"{""ring_id"": ""RING-5""}"
R00167,customer,C0004,customer,C0086,KNOWN_ASSOCIATE,2024-06-14T22:20:47.762765,"{""ring_id"": ""RING-5""}"
R00168,transaction,T00001,account,A0080,INITIATED_BY,2024-04-17T16:51:32.742326,{}
R00169,transaction,T00001,merchant,M0021,PURCHASED_AT,2024-04-17T16:51:32.742326,{}
R00170,transaction,T00002,account,A0097,INITIATED_BY,2024-05-13T17:14:13.832630,{}
R00171,transaction,T00002,merchant,M0021,PURCHASED_AT,2024-05-13T17:14:13.832630,{}
R00172,transaction,T00003,account,A0109,INITIATED_BY,2024-02-02T15:03:43.693117,{}
R00173,transaction,T00003,merchant,M0017,PURCHASED_AT,2024-02-02T15:03:43.693117,{}
R00174,transaction,T00004,account,A0125,INITIATED_BY,2024-01-14T23:12:18.454331,{}
R00175,transaction,T00004,merchant,M0007,PURCHASED_AT,2024-01-14T23:12:18.454331,{}
R00176,transaction,T00005,account,A0139,INITIATED_BY,2024-04-29T19:25:14.185709,{}
R00177,transaction,T00005,merchant,M0027,PURCHASED_AT,2024-04-29T19:25:14.185709,{}
R00178,transaction,T00006,account,A0097,INITIATED_BY,2024-01-30T23:06:07.689572,{}
R00179,transaction,T00006,merchant,M0005,PURCHASED_AT,2024-01-30T23:06:07.689572,{}
R00180,transaction,T00007,account,A0094,INITIATED_BY,2024-05-21T20:49:43.540986,{}
R00181,transaction,T00007,merchant,M0022,PURCHASED_AT,2024-05-21T20:49:43.540986,{}
R00182,transaction,T00008,account,A0080,INITIATED_BY,2024-04-13T05:54:06.641182,{}
R00183,transaction,T00008,merchant,M0026,PURCHASED_AT,2024-04-13T05:54:06.641182,{}
R00184,transaction,T00009,account,A0073,INITIATED_BY,2024-06-23T21:28:07.887096,{}
R00185,transaction,T00009,merchant,M0025,PURCHASED_AT,2024-06-23T21:28:07.887096,{}
R00186,transaction,T00010,account,A0036,INITIATED_BY,2024-06-07T05:09:50.433505,{}
R00187,transaction,T00010,merchant,M0028,PURCHASED_AT,2024-06-07T05:09:50.433505,{}
R00188,transaction,T00011,account,A0133,INITIATED_BY,2024-04-02T22:00:15.456822,{}
R00189,transaction,T00011,merchant,M0028,PURCHASED_AT,2024-04-02T22:00:15.456822,{}
R00190,transaction,T00012,account,A0057,INITIATED_BY,2024-01-05T19:51:19.111853,{}
R00191,transaction,T00012,merchant,M0027,PURCHASED_AT,2024-01-05T19:51:19.111853,{}
R00192,transaction,T00013,account,A0096,INITIATED_BY,2024-02-10T15:23:46.922602,{}
R00193,transaction,T00013,merchant,M0008,PURCHASED_AT,2024-02-10T15:23:46.922602,{}
R00194,transaction,T00014,account,A0086,INITIATED_BY,2024-05-30T10:20:38.223202,{}
R00195,transaction,T00014,merchant,M0026,PURCHASED_AT,2024-05-30T10:20:38.223202,{}
R00196,transaction,T00015,account,A0002,INITIATED_BY,2024-05-31T03:04:46.931818,{}
R00197,transaction,T00015,merchant,M0029,PURCHASED_AT,2024-05-31T03:04:46.931818,{}
R00198,transaction,T00016,account,A0136,INITIATED_BY,2024-02-24T12:12:02.841417,{}
R00199,transaction,T00016,merchant,M0014,PURCHASED_AT,2024-02-24T12:12:02.841417,{}
R00200,transaction,T00017,account,A0118,INITIATED_BY,2024-04-03T06:47:31.819307,{}
R00201,transaction,T00017,merchant,M0003,PURCHASED_AT,2024-04-03T06:47:31.819307,{}
R00202,transaction,T00018,account,A0075,INITIATED_BY,2024-04-30T22:43:31.937818,{}
R00203,transaction,T00018,merchant,M0014,PURCHASED_AT,2024-04-30T22:43:31.937818,{}
R00204,transaction,T00019,account,A0018,INITIATED_BY,2024-04-01T21:06:45.093149,{}
R00205,transaction,T00019,merchant,M0017,PURCHASED_AT,2024-04-01T21:06:45.093149,{}
R00206,transaction,T00020,account,A0121,INITIATED_BY,2024-05-12T15:53:44.869854,{}
R00207,transaction,T00020,merchant,M0002,PURCHASED_AT,2024-05-12T15:53:44.869854,{}
R00208,transaction,T00021,account,A0086,INITIATED_BY,2024-05-27T05:52:57.043112,{}
R00209,transaction,T00021,merchant,M0005,PURCHASED_AT,2024-05-27T05:52:57.043112,{}
R00210,transaction,T00022,account,A0119,INITIATED_BY,2024-01-25T09:47:58.605780,{}
R00211,transaction,T00022,merchant,M0023,PURCHASED_AT,2024-01-25T09:47:58.605780,{}
R00212,transaction,T00023,account,A0052,INITIATED_BY,2024-03-13T01:53:07.072440,{}
R00213,transaction,T00023,merchant,M0002,PURCHASED_AT,2024-03-13T01:53:07.072440,{}
R00214,transaction,T00024,account,A0010,INITIATED_BY,2024-06-05T01:07:47.194890,{}
R00215,transaction,T00024,merchant,M0025,PURCHASED_AT,2024-06-05T01:07:47.194890,{}
R00216,transaction,T00025,account,A0085,INITIATED_BY,2024-06-09T23:55:45.947645,{}
R00217,transaction,T00025,merchant,M0009,PURCHASED_AT,2024-06-09T23:55:45.947645,{}
R00218,transaction,T00026,account,A0099,INITIATED_BY,2024-03-31T01:14:29.821172,{}
R00219,transaction,T00026,merchant,M0011,PURCHASED_AT,2024-03-31T01:14:29.821172,{}
R00220,transaction,T00027,account,A0022,INITIATED_BY,2024-06-29T02:42:23.141098,{}
R00221,transaction,T00027,merchant,M0024,PURCHASED_AT,2024-06-29T02:42:23.141098,{}
R00222,transaction,T00028,account,A0083,INITIATED_BY,2024-03-18T03:02:53.594174,{}
R00223,transaction,T00028,merchant,M0004,PURCHASED_AT,2024-03-18T03:02:53.594174,{}
R00224,transaction,T00029,account,A0011,INITIATED_BY,2024-06-29T15:57:58.308214,{}
R00225,transaction,T00029,merchant,M0024,PURCHASED_AT,2024-06-29T15:57:58.308214,{}
R00226,transaction,T00030,account,A0015,INITIATED_BY,2024-04-02T20:50:44.406794,{}
R00227,transaction,T00030,merchant,M0003,PURCHASED_AT,2024-04-02T20:50:44.406794,{}
R00228,transaction,T00031,account,A0037,INITIATED_BY,2024-01-07T07:10:00.146744,{}
R00229,transaction,T00031,merchant,M0028,PURCHASED_AT,2024-01-07T07:10:00.146744,{}
R00230,transaction,T00032,account,A0094,INITIATED_BY,2024-04-19T12:31:54.971563,{}
R00231,transaction,T00032,merchant,M0012,PURCHASED_AT,2024-04-19T12:31:54.971563,{}
R00232,transaction,T00033,account,A0096,INITIATED_BY,2024-04-05T19:58:25.411417,{}
R00233,transaction,T00033,merchant,M0015,PURCHASED_AT,2024-04-05T19:58:25.411417,{}
R00234,transaction,T00034,account,A0072,INITIATED_BY,2024-06-14T08:25:43.122909,{}
R00235,transaction,T00034,merchant,M0008,PURCHASED_AT,2024-06-14T08:25:43.122909,{}
R00236,transaction,T00035,account,A0067,INITIATED_BY,2024-06-03T08:40:38.659546,{}
R00237,transaction,T00035,merchant,M0023,PURCHASED_AT,2024-06-03T08:40:38.659546,{}
R00238,transaction,T00036,account,A0114,INITIATED_BY,2024-02-22T13:20:01.522993,{}
R00239,transaction,T00036,merchant,M0003,PURCHASED_AT,2024-02-22T13:20:01.522993,{}
R00240,transaction,T00037,account,A0045,INITIATED_BY,2024-06-27T07:24:56.818785,{}
R00241,transaction,T00037,merchant,M0026,PURCHASED_AT,2024-06-27T07:24:56.818785,{}
R00242,transaction,T00038,account,A0127,INITIATED_BY,2024-03-25T14:24:39.477179,{}
R00243,transaction,T00038,merchant,M0001,PURCHASED_AT,2024-03-25T14:24:39.477179,{}
R00244,transaction,T00039,account,A0023,INITIATED_BY,2024-05-19T05:15:02.904580,{}
R00245,transaction,T00039,merchant,M0003,PURCHASED_AT,2024-05-19T05:15:02.904580,{}
R00246,transaction,T00040,account,A0082,INITIATED_BY,2024-04-03T15:24:42.808844,{}
R00247,transaction,T00040,merchant,M0021,PURCHASED_AT,2024-04-03T15:24:42.808844,{}
R00248,transaction,T00041,account,A0142,INITIATED_BY,2024-01-24T08:31:09.007211,{}
R00249,transaction,T00041,merchant,M0021,PURCHASED_AT,2024-01-24T08:31:09.007211,{}
R00250,transaction,T00042,account,A0015,INITIATED_BY,2024-01-30T19:16:13.278154,{}
R00251,transaction,T00042,merchant,M0027,PURCHASED_AT,2024-01-30T19:16:13.278154,{}
R00252,transaction,T00043,account,A0058,INITIATED_BY,2024-02-21T09:54:21.095240,{}
R00253,transaction,T00043,merchant,M0012,PURCHASED_AT,2024-02-21T09:54:21.095240,{}
R00254,transaction,T00044,account,A0142,INITIATED_BY,2024-04-06T13:25:42.820730,{}
R00255,transaction,T00044,merchant,M0009,PURCHASED_AT,2024-04-06T13:25:42.820730,{}
R00256,transaction,T00045,account,A0149,INITIATED_BY,2024-06-12T06:17:30.775893,{}
R00257,transaction,T00045,merchant,M0005,PURCHASED_AT,2024-06-12T06:17:30.775893,{}
R00258,transaction,T00046,account,A0145,INITIATED_BY,2024-05-18T19:40:11.639930,{}
R00259,transaction,T00046,merchant,M0002,PURCHASED_AT,2024-05-18T19:40:11.639930,{}
R00260,transaction,T00047,account,A0008,INITIATED_BY,2024-04-26T04:26:42.953008,{}
R00261,transaction,T00047,merchant,M0016,PURCHASED_AT,2024-04-26T04:26:42.953008,{}
R00262,transaction,T00048,account,A0104,INITIATED_BY,2024-01-29T14:42:05.262603,{}
R00263,transaction,T00048,merchant,M0010,PURCHASED_AT,2024-01-29T14:42:05.262603,{}
R00264,transaction,T00049,account,A0053,INITIATED_BY,2024-05-10T00:34:06.142542,{}
R00265,transaction,T00049,merchant,M0011,PURCHASED_AT,2024-05-10T00:34:06.142542,{}
R00266,transaction,T00050,account,A0034,INITIATED_BY,2024-02-27T18:14:21.877927,{}
R00267,transaction,T00050,merchant,M0025,PURCHASED_AT,2024-02-27T18:14:21.877927,{}
R00268,transaction,T00051,account,A0116,INITIATED_BY,2024-06-29T06:29:28.038475,{}
R00269,transaction,T00051,merchant,M0008,PURCHASED_AT,2024-06-29T06:29:28.038475,{}
R00270,transaction,T00052,account,A0079,INITIATED_BY,2024-02-08T22:35:14.537234,{}
R00271,transaction,T00052,merchant,M0016,PURCHASED_AT,2024-02-08T22:35:14.537234,{}
R00272,transaction,T00053,account,A0073,INITIATED_BY,2024-05-01T17:25:46.209926,{}
R00273,transaction,T00053,merchant,M0016,PURCHASED_AT,2024-05-01T17:25:46.209926,{}
R00274,transaction,T00054,account,A0028,INITIATED_BY,2024-03-07T04:56:17.041864,{}
R00275,transaction,T00054,merchant,M0014,PURCHASED_AT,2024-03-07T04:56:17.041864,{}
R00276,transaction,T00055,account,A0103,INITIATED_BY,2024-04-10T03:12:01.415672,{}
R00277,transaction,T00055,merchant,M0002,PURCHASED_AT,2024-04-10T03:12:01.415672,{}
R00278,transaction,T00056,account,A0116,INITIATED_BY,2024-04-22T19:21:41.103428,{}
R00279,transaction,T00056,merchant,M0025,PURCHASED_AT,2024-04-22T19:21:41.103428,{}
R00280,transaction,T00057,account,A0025,INITIATED_BY,2024-01-27T02:41:50.672755,{}
R00281,transaction,T00057,merchant,M0013,PURCHASED_AT,2024-01-27T02:41:50.672755,{}
R00282,transaction,T00058,account,A0129,INITIATED_BY,2024-03-23T17:09:29.885489,{}
R00283,transaction,T00058,merchant,M0002,PURCHASED_AT,2024-03-23T17:09:29.885489,{}
R00284,transaction,T00059,account,A0036,INITIATED_BY,2024-03-12T02:59:41.026891,{}
R00285,transaction,T00059,merchant,M0011,PURCHASED_AT,2024-03-12T02:59:41.026891,{}
R00286,transaction,T00060,account,A0077,INITIATED_BY,2024-04-06T08:29:03.195531,{}
R00287,transaction,T00060,merchant,M0019,PURCHASED_AT,2024-04-06T08:29:03.195531,{}
R00288,transaction,T00061,account,A0005,INITIATED_BY,2024-03-16T09:27:03.349489,{}
R00289,transaction,T00061,merchant,M0012,PURCHASED_AT,2024-03-16T09:27:03.349489,{}
R00290,transaction,T00062,account,A0007,INITIATED_BY,2024-05-21T16:56:05.779601,{}
R00291,transaction,T00062,merchant,M0020,PURCHASED_AT,2024-05-21T16:56:05.779601,{}
R00292,transaction,T00063,account,A0014,INITIATED_BY,2024-05-10T12:49:05.650760,{}
R00293,transaction,T00063,merchant,M0019,PURCHASED_AT,2024-05-10T12:49:05.650760,{}
R00294,transaction,T00064,account,A0063,INITIATED_BY,2024-02-04T12:46:01.632289,{}
R00295,transaction,T00064,merchant,M0002,PURCHASED_AT,2024-02-04T12:46:01.632289,{}
R00296,transaction,T00065,account,A0039,INITIATED_BY,2024-05-20T06:28:46.844580,{}
R00297,transaction,T00065,merchant,M0014,PURCHASED_AT,2024-05-20T06:28:46.844580,{}
R00298,transaction,T00066,account,A0016,INITIATED_BY,2024-02-28T20:00:54.639168,{}
R00299,transaction,T00066,merchant,M0023,PURCHASED_AT,2024-02-28T20:00:54.639168,{}
R00300,transaction,T00067,account,A0081,INITIATED_BY,2024-04-08T21:00:39.111838,{}
R00301,transaction,T00067,merchant,M0006,PURCHASED_AT,2024-04-08T21:00:39.111838,{}
R00302,transaction,T00068,account,A0050,INITIATED_BY,2024-06-19T09:48:47.567687,{}
R00303,transaction,T00068,merchant,M0008,PURCHASED_AT,2024-06-19T09:48:47.567687,{}
R00304,transaction,T00069,account,A0054,INITIATED_BY,2024-03-04T03:12:03.559430,{}
R00305,transaction,T00069,merchant,M0023,PURCHASED_AT,2024-03-04T03:12:03.559430,{}
R00306,transaction,T00070,account,A0147,INITIATED_BY,2024-03-12T09:50:56.354294,{}
R00307,transaction,T00070,merchant,M0022,PURCHASED_AT,2024-03-12T09:50:56.354294,{}
R00308,transaction,T00071,account,A0038,INITIATED_BY,2024-02-08T17:33:31.299431,{}
R00309,transaction,T00071,merchant,M0010,PURCHASED_AT,2024-02-08T17:33:31.299431,{}
R00310,transaction,T00072,account,A0144,INITIATED_BY,2024-05-14T02:25:49.449845,{}
R00311,transaction,T00072,merchant,M0023,PURCHASED_AT,2024-05-14T02:25:49.449845,{}
R00312,transaction,T00073,account,A0136,INITIATED_BY,2024-03-15T19:22:52.082809,{}
R00313,transaction,T00073,merchant,M0008,PURCHASED_AT,2024-03-15T19:22:52.082809,{}
R00314,transaction,T00074,account,A0036,INITIATED_BY,2024-06-08T09:31:57.195147,{}
R00315,transaction,T00074,merchant,M0001,PURCHASED_AT,2024-06-08T09:31:57.195147,{}
R00316,transaction,T00075,account,A0052,INITIATED_BY,2024-04-26T21:46:49.999135,{}
R00317,transaction,T00075,merchant,M0025,PURCHASED_AT,2024-04-26T21:46:49.999135,{}
R00318,transaction,T00076,account,A0060,INITIATED_BY,2024-01-07T18:01:24.899186,{}
R00319,transaction,T00076,merchant,M0018,PURCHASED_AT,2024-01-07T18:01:24.899186,{}
R00320,transaction,T00077,account,A0046,INITIATED_BY,2024-06-18T12:37:42.194333,{}
R00321,transaction,T00077,merchant,M0030,PURCHASED_AT,2024-06-18T12:37:42.194333,{}
R00322,transaction,T00078,account,A0003,INITIATED_BY,2024-06-26T22:07:31.623901,{}
R00323,transaction,T00078,merchant,M0010,PURCHASED_AT,2024-06-26T22:07:31.623901,{}
R00324,transaction,T00079,account,A0140,INITIATED_BY,2024-06-03T01:00:12.615778,{}
R00325,transaction,T00079,merchant,M0017,PURCHASED_AT,2024-06-03T01:00:12.615778,{}
R00326,transaction,T00080,account,A0029,INITIATED_BY,2024-02-16T13:33:31.102981,{}
R00327,transaction,T00080,merchant,M0011,PURCHASED_AT,2024-02-16T13:33:31.102981,{}
R00328,transaction,T00081,account,A0087,INITIATED_BY,2024-02-04T23:05:33.481899,{}
R00329,transaction,T00081,merchant,M0026,PURCHASED_AT,2024-02-04T23:05:33.481899,{}
R00330,transaction,T00082,account,A0104,INITIATED_BY,2024-03-13T13:13:10.644065,{}
R00331,transaction,T00082,merchant,M0027,PURCHASED_AT,2024-03-13T13:13:10.644065,{}
R00332,transaction,T00083,account,A0036,INITIATED_BY,2024-02-17T04:51:04.476860,{}
R00333,transaction,T00083,merchant,M0016,PURCHASED_AT,2024-02-17T04:51:04.476860,{}
R00334,transaction,T00084,account,A0069,INITIATED_BY,2024-01-03T01:40:36.585622,{}
R00335,transaction,T00084,merchant,M0011,PURCHASED_AT,2024-01-03T01:40:36.585622,{}
R00336,transaction,T00085,account,A0016,INITIATED_BY,2024-03-14T09:07:47.160245,{}
R00337,transaction,T00085,merchant,M0022,PURCHASED_AT,2024-03-14T09:07:47.160245,{}
R00338,transaction,T00086,account,A0080,INITIATED_BY,2024-02-09T15:53:40.712867,{}
R00339,transaction,T00086,merchant,M0023,PURCHASED_AT,2024-02-09T15:53:40.712867,{}
R00340,transaction,T00087,account,A0117,INITIATED_BY,2024-05-07T01:13:49.862859,{}
R00341,transaction,T00087,merchant,M0024,PURCHASED_AT,2024-05-07T01:13:49.862859,{}
R00342,transaction,T00088,account,A0056,INITIATED_BY,2024-06-07T00:53:55.298655,{}
R00343,transaction,T00088,merchant,M0025,PURCHASED_AT,2024-06-07T00:53:55.298655,{}
R00344,transaction,T00089,account,A0136,INITIATED_BY,2024-01-21T07:26:05.965576,{}
R00345,transaction,T00089,merchant,M0023,PURCHASED_AT,2024-01-21T07:26:05.965576,{}
R00346,transaction,T00090,account,A0052,INITIATED_BY,2024-06-03T15:53:13.978045,{}
R00347,transaction,T00090,merchant,M0019,PURCHASED_AT,2024-06-03T15:53:13.978045,{}
R00348,transaction,T00091,account,A0053,INITIATED_BY,2024-04-02T09:04:13.936507,{}
R00349,transaction,T00091,merchant,M0023,PURCHASED_AT,2024-04-02T09:04:13.936507,{}
R00350,transaction,T00092,account,A0132,INITIATED_BY,2024-03-24T16:34:16.896468,{}
R00351,transaction,T00092,merchant,M0014,PURCHASED_AT,2024-03-24T16:34:16.896468,{}
R00352,transaction,T00093,account,A0102,INITIATED_BY,2024-04-14T16:11:02.887499,{}
R00353,transaction,T00093,merchant,M0009,PURCHASED_AT,2024-04-14T16:11:02.887499,{}
R00354,transaction,T00094,account,A0017,INITIATED_BY,2024-05-19T04:24:52.703506,{}
R00355,transaction,T00094,merchant,M0018,PURCHASED_AT,2024-05-19T04:24:52.703506,{}
R00356,transaction,T00095,account,A0098,INITIATED_BY,2024-04-29T18:49:36.428221,{}
R00357,transaction,T00095,merchant,M0015,PURCHASED_AT,2024-04-29T18:49:36.428221,{}
R00358,transaction,T00096,account,A0090,INITIATED_BY,2024-04-05T17:17:31.170405,{}
R00359,transaction,T00096,merchant,M0004,PURCHASED_AT,2024-04-05T17:17:31.170405,{}
R00360,transaction,T00097,account,A0006,INITIATED_BY,2024-03-17T18:24:43.780183,{}
R00361,transaction,T00097,merchant,M0010,PURCHASED_AT,2024-03-17T18:24:43.780183,{}
R00362,transaction,T00098,account,A0064,INITIATED_BY,2024-06-18T16:06:38.191575,{}
R00363,transaction,T00098,merchant,M0015,PURCHASED_AT,2024-06-18T16:06:38.191575,{}
R00364,transaction,T00099,account,A0108,INITIATED_BY,2024-01-09T19:26:59.782138,{}
R00365,transaction,T00099,merchant,M0020,PURCHASED_AT,2024-01-09T19:26:59.782138,{}
R00366,transaction,T00100,account,A0060,INITIATED_BY,2024-02-22T08:33:37.557653,{}
R00367,transaction,T00100,merchant,M0018,PURCHASED_AT,2024-02-22T08:33:37.557653,{}
R00368,transaction,T00101,account,A0083,INITIATED_BY,2024-04-29T11:57:45.968522,{}
R00369,transaction,T00101,merchant,M0008,PURCHASED_AT,2024-04-29T11:57:45.968522,{}
R00370,transaction,T00102,account,A0071,INITIATED_BY,2024-05-13T01:45:41.050455,{}
R00371,transaction,T00102,merchant,M0002,PURCHASED_AT,2024-05-13T01:45:41.050455,{}
R00372,transaction,T00103,account,A0110,INITIATED_BY,2024-06-19T10:15:04.911515,{}
R00373,transaction,T00103,merchant,M0018,PURCHASED_AT,2024-06-19T10:15:04.911515,{}
R00374,transaction,T00104,account,A0082,INITIATED_BY,2024-03-09T03:20:35.011950,{}
R00375,transaction,T00104,merchant,M0023,PURCHASED_AT,2024-03-09T03:20:35.011950,{}
R00376,transaction,T00105,account,A0058,INITIATED_BY,2024-03-24T19:22:52.654303,{}
R00377,transaction,T00105,merchant,M0010,PURCHASED_AT,2024-03-24T19:22:52.654303,{}
R00378,transaction,T00106,account,A0107,INITIATED_BY,2024-02-16T03:42:03.904269,{}
R00379,transaction,T00106,merchant,M0018,PURCHASED_AT,2024-02-16T03:42:03.904269,{}
R00380,transaction,T00107,account,A0116,INITIATED_BY,2024-05-30T02:56:27.250707,{}
R00381,transaction,T00107,merchant,M0028,PURCHASED_AT,2024-05-30T02:56:27.250707,{}
R00382,transaction,T00108,account,A0011,INITIATED_BY,2024-02-09T06:43:11.172762,{}
R00383,transaction,T00108,merchant,M0028,PURCHASED_AT,2024-02-09T06:43:11.172762,{}
R00384,transaction,T00109,account,A0086,INITIATED_BY,2024-04-19T09:31:12.950538,{}
R00385,transaction,T00109,merchant,M0010,PURCHASED_AT,2024-04-19T09:31:12.950538,{}
R00386,transaction,T00110,account,A0062,INITIATED_BY,2024-03-25T09:23:31.206888,{}
R00387,transaction,T00110,merchant,M0018,PURCHASED_AT,2024-03-25T09:23:31.206888,{}
R00388,transaction,T00111,account,A0093,INITIATED_BY,2024-05-25T07:26:07.458670,{}
R00389,transaction,T00111,merchant,M0017,PURCHASED_AT,2024-05-25T07:26:07.458670,{}
R00390,transaction,T00112,account,A0082,INITIATED_BY,2024-01-09T06:35:16.461708,{}
R00391,transaction,T00112,merchant,M0030,PURCHASED_AT,2024-01-09T06:35:16.461708,{}
R00392,transaction,T00113,account,A0005,INITIATED_BY,2024-05-10T07:43:54.687297,{}
R00393,transaction,T00113,merchant,M0009,PURCHASED_AT,2024-05-10T07:43:54.687297,{}
R00394,transaction,T00114,account,A0085,INITIATED_BY,2024-03-31T08:57:56.301884,{}
R00395,transaction,T00114,merchant,M0008,PURCHASED_AT,2024-03-31T08:57:56.301884,{}
R00396,transaction,T00115,account,A0126,INITIATED_BY,2024-01-31T10:48:25.048849,{}
R00397,transaction,T00115,merchant,M0024,PURCHASED_AT,2024-01-31T10:48:25.048849,{}
R00398,transaction,T00116,account,A0140,INITIATED_BY,2024-01-14T10:53:28.706311,{}
R00399,transaction,T00116,merchant,M0016,PURCHASED_AT,2024-01-14T10:53:28.706311,{}
R00400,transaction,T00117,account,A0106,INITIATED_BY,2024-05-07T23:56:40.505020,{}
R00401,transaction,T00117,merchant,M0005,PURCHASED_AT,2024-05-07T23:56:40.505020,{}
R00402,transaction,T00118,account,A0117,INITIATED_BY,2024-01-04T00:39:30.186669,{}
R00403,transaction,T00118,merchant,M0012,PURCHASED_AT,2024-01-04T00:39:30.186669,{}
R00404,transaction,T00119,account,A0074,INITIATED_BY,2024-03-18T22:24:36.066559,{}
R00405,transaction,T00119,merchant,M0001,PURCHASED_AT,2024-03-18T22:24:36.066559,{}
R00406,transaction,T00120,account,A0025,INITIATED_BY,2024-04-05T06:55:29.282083,{}
R00407,transaction,T00120,merchant,M0017,PURCHASED_AT,2024-04-05T06:55:29.282083,{}
R00408,transaction,T00121,account,A0102,INITIATED_BY,2024-04-12T06:22:10.129994,{}
R00409,transaction,T00121,merchant,M0003,PURCHASED_AT,2024-04-12T06:22:10.129994,{}
R00410,transaction,T00122,account,A0021,INITIATED_BY,2024-03-09T06:25:28.579785,{}
R00411,transaction,T00122,merchant,M0021,PURCHASED_AT,2024-03-09T06:25:28.579785,{}
R00412,transaction,T00123,account,A0003,INITIATED_BY,2024-03-19T12:54:12.701394,{}
R00413,transaction,T00123,merchant,M0023,PURCHASED_AT,2024-03-19T12:54:12.701394,{}
R00414,transaction,T00124,account,A0025,INITIATED_BY,2024-02-08T06:23:44.486745,{}
R00415,transaction,T00124,merchant,M0029,PURCHASED_AT,2024-02-08T06:23:44.486745,{}
R00416,transaction,T00125,account,A0012,INITIATED_BY,2024-01-06T22:55:31.198752,{}
R00417,transaction,T00125,merchant,M0030,PURCHASED_AT,2024-01-06T22:55:31.198752,{}
R00418,transaction,T00126,account,A0054,INITIATED_BY,2024-04-12T13:43:37.473625,{}
R00419,transaction,T00126,merchant,M0019,PURCHASED_AT,2024-04-12T13:43:37.473625,{}
R00420,transaction,T00127,account,A0139,INITIATED_BY,2024-05-23T01:55:25.256126,{}
R00421,transaction,T00127,merchant,M0011,PURCHASED_AT,2024-05-23T01:55:25.256126,{}
R00422,transaction,T00128,account,A0089,INITIATED_BY,2024-01-14T18:13:23.747093,{}
R00423,transaction,T00128,merchant,M0002,PURCHASED_AT,2024-01-14T18:13:23.747093,{}
R00424,transaction,T00129,account,A0102,INITIATED_BY,2024-05-21T19:43:59.216632,{}
R00425,transaction,T00129,merchant,M0025,PURCHASED_AT,2024-05-21T19:43:59.216632,{}
R00426,transaction,T00130,account,A0092,INITIATED_BY,2024-05-03T00:35:40.068726,{}
R00427,transaction,T00130,merchant,M0018,PURCHASED_AT,2024-05-03T00:35:40.068726,{}
R00428,transaction,T00131,account,A0076,INITIATED_BY,2024-02-18T12:04:13.807942,{}
R00429,transaction,T00131,merchant,M0026,PURCHASED_AT,2024-02-18T12:04:13.807942,{}
R00430,transaction,T00132,account,A0040,INITIATED_BY,2024-01-17T13:33:53.072123,{}
R00431,transaction,T00132,merchant,M0024,PURCHASED_AT,2024-01-17T13:33:53.072123,{}
R00432,transaction,T00133,account,A0070,INITIATED_BY,2024-03-22T05:46:36.958732,{}
R00433,transaction,T00133,merchant,M0004,PURCHASED_AT,2024-03-22T05:46:36.958732,{}
R00434,transaction,T00134,account,A0027,INITIATED_BY,2024-04-18T01:02:24.965402,{}
R00435,transaction,T00134,merchant,M0001,PURCHASED_AT,2024-04-18T01:02:24.965402,{}
R00436,transaction,T00135,account,A0004,INITIATED_BY,2024-05-11T04:43:17.970554,{}
R00437,transaction,T00135,merchant,M0010,PURCHASED_AT,2024-05-11T04:43:17.970554,{}
R00438,transaction,T00136,account,A0063,INITIATED_BY,2024-01-31T16:18:56.092842,{}
R00439,transaction,T00136,merchant,M0019,PURCHASED_AT,2024-01-31T16:18:56.092842,{}
R00440,transaction,T00137,account,A0127,INITIATED_BY,2024-03-17T05:16:06.830299,{}
R00441,transaction,T00137,merchant,M0005,PURCHASED_AT,2024-03-17T05:16:06.830299,{}
R00442,transaction,T00138,account,A0093,INITIATED_BY,2024-03-23T20:57:03.360032,{}
R00443,transaction,T00138,merchant,M0009,PURCHASED_AT,2024-03-23T20:57:03.360032,{}
R00444,transaction,T00139,account,A0102,INITIATED_BY,2024-06-05T01:23:22.059948,{}
R00445,transaction,T00139,merchant,M0011,PURCHASED_AT,2024-06-05T01:23:22.059948,{}
R00446,transaction,T00140,account,A0035,INITIATED_BY,2024-06-23T14:06:43.785806,{}
R00447,transaction,T00140,merchant,M0010,PURCHASED_AT,2024-06-23T14:06:43.785806,{}
R00448,transaction,T00141,account,A0126,INITIATED_BY,2024-02-20T17:37:25.810466,{}
R00449,transaction,T00141,merchant,M0019,PURCHASED_AT,2024-02-20T17:37:25.810466,{}
R00450,transaction,T00142,account,A0145,INITIATED_BY,2024-05-03T09:21:34.841942,{}
R00451,transaction,T00142,merchant,M0007,PURCHASED_AT,2024-05-03T09:21:34.841942,{}
R00452,transaction,T00143,account,A0119,INITIATED_BY,2024-05-30T11:05:17.437336,{}
R00453,transaction,T00143,merchant,M0023,PURCHASED_AT,2024-05-30T11:05:17.437336,{}
R00454,transaction,T00144,account,A0105,INITIATED_BY,2024-02-13T19:20:23.828503,{}
R00455,transaction,T00144,merchant,M0022,PURCHASED_AT,2024-02-13T19:20:23.828503,{}
R00456,transaction,T00145,account,A0097,INITIATED_BY,2024-04-15T09:16:04.870113,{}
R00457,transaction,T00145,merchant,M0003,PURCHASED_AT,2024-04-15T09:16:04.870113,{}
R00458,transaction,T00146,account,A0108,INITIATED_BY,2024-04-17T11:33:13.802161,{}
R00459,transaction,T00146,merchant,M0018,PURCHASED_AT,2024-04-17T11:33:13.802161,{}
R00460,transaction,T00147,account,A0064,INITIATED_BY,2024-04-20T21:28:22.107536,{}
R00461,transaction,T00147,merchant,M0022,PURCHASED_AT,2024-04-20T21:28:22.107536,{}
R00462,transaction,T00148,account,A0103,INITIATED_BY,2024-01-20T04:13:23.275837,{}
R00463,transaction,T00148,merchant,M0025,PURCHASED_AT,2024-01-20T04:13:23.275837,{}
R00464,transaction,T00149,account,A0131,INITIATED_BY,2024-04-14T02:49:21.252312,{}
R00465,transaction,T00149,merchant,M0024,PURCHASED_AT,2024-04-14T02:49:21.252312,{}
R00466,transaction,T00150,account,A0119,INITIATED_BY,2024-01-28T06:50:09.552094,{}
R00467,transaction,T00150,merchant,M0025,PURCHASED_AT,2024-01-28T06:50:09.552094,{}
R00468,transaction,T00151,account,A0076,INITIATED_BY,2024-03-04T01:08:22.796464,{}
R00469,transaction,T00151,merchant,M0014,PURCHASED_AT,2024-03-04T01:08:22.796464,{}
R00470,transaction,T00152,account,A0053,INITIATED_BY,2024-03-20T07:23:34.209089,{}
R00471,transaction,T00152,merchant,M0017,PURCHASED_AT,2024-03-20T07:23:34.209089,{}
R00472,transaction,T00153,account,A0077,INITIATED_BY,2024-06-02T16:50:16.637841,{}
R00473,transaction,T00153,merchant,M0002,PURCHASED_AT,2024-06-02T16:50:16.637841,{}
R00474,transaction,T00154,account,A0043,INITIATED_BY,2024-04-11T07:59:01.858617,{}
R00475,transaction,T00154,merchant,M0030,PURCHASED_AT,2024-04-11T07:59:01.858617,{}
R00476,transaction,T00155,account,A0104,INITIATED_BY,2024-03-19T05:11:31.420870,{}
R00477,transaction,T00155,merchant,M0021,PURCHASED_AT,2024-03-19T05:11:31.420870,{}
R00478,transaction,T00156,account,A0051,INITIATED_BY,2024-05-07T13:22:17.456625,{}
R00479,transaction,T00156,merchant,M0015,PURCHASED_AT,2024-05-07T13:22:17.456625,{}
R00480,transaction,T00157,account,A0017,INITIATED_BY,2024-03-23T19:35:56.522629,{}
R00481,transaction,T00157,merchant,M0019,PURCHASED_AT,2024-03-23T19:35:56.522629,{}
R00482,transaction,T00158,account,A0126,INITIATED_BY,2024-03-11T08:14:56.217858,{}
R00483,transaction,T00158,merchant,M0017,PURCHASED_AT,2024-03-11T08:14:56.217858,{}
R00484,transaction,T00159,account,A0090,INITIATED_BY,2024-05-27T06:52:44.315434,{}
R00485,transaction,T00159,merchant,M0012,PURCHASED_AT,2024-05-27T06:52:44.315434,{}
R00486,transaction,T00160,account,A0022,INITIATED_BY,2024-05-05T12:17:18.013978,{}
R00487,transaction,T00160,merchant,M0022,PURCHASED_AT,2024-05-05T12:17:18.013978,{}
R00488,transaction,T00161,account,A0036,INITIATED_BY,2024-04-25T00:37:08.879170,{}
R00489,transaction,T00161,merchant,M0019,PURCHASED_AT,2024-04-25T00:37:08.879170,{}
R00490,transaction,T00162,account,A0126,INITIATED_BY,2024-03-22T15:08:53.580924,{}
R00491,transaction,T00162,merchant,M0010,PURCHASED_AT,2024-03-22T15:08:53.580924,{}
R00492,transaction,T00163,account,A0003,INITIATED_BY,2024-03-30T14:08:56.468874,{}
R00493,transaction,T00163,merchant,M0016,PURCHASED_AT,2024-03-30T14:08:56.468874,{}
R00494,transaction,T00164,account,A0114,INITIATED_BY,2024-05-24T01:18:23.703959,{}
R00495,transaction,T00164,merchant,M0016,PURCHASED_AT,2024-05-24T01:18:23.703959,{}
R00496,transaction,T00165,account,A0071,INITIATED_BY,2024-03-23T18:36:14.782737,{}
R00497,transaction,T00165,merchant,M0008,PURCHASED_AT,2024-03-23T18:36:14.782737,{}
R00498,transaction,T00166,account,A0029,INITIATED_BY,2024-05-28T21:25:18.733249,{}
R00499,transaction,T00166,merchant,M0019,PURCHASED_AT,2024-05-28T21:25:18.733249,{}
R00500,transaction,T00167,account,A0113,INITIATED_BY,2024-05-13T05:08:05.649074,{}
R00501,transaction,T00167,merchant,M0018,PURCHASED_AT,2024-05-13T05:08:05.649074,{}
R00502,transaction,T00168,account,A0009,INITIATED_BY,2024-05-04T17:35:46.688689,{}
R00503,transaction,T00168,merchant,M0015,PURCHASED_AT,2024-05-04T17:35:46.688689,{}
R00504,transaction,T00169,account,A0043,INITIATED_BY,2024-02-07T10:57:33.044204,{}
R00505,transaction,T00169,merchant,M0020,PURCHASED_AT,2024-02-07T10:57:33.044204,{}
R00506,transaction,T00170,account,A0137,INITIATED_BY,2024-06-26T04:46:36.045892,{}
R00507,transaction,T00170,merchant,M0009,PURCHASED_AT,2024-06-26T04:46:36.045892,{}
R00508,transaction,T00171,account,A0069,INITIATED_BY,2024-05-27T13:08:45.078401,{}
R00509,transaction,T00171,merchant,M0028,PURCHASED_AT,2024-05-27T13:08:45.078401,{}
R00510,transaction,T00172,account,A0106,INITIATED_BY,2024-04-28T17:12:48.341067,{}
R00511,transaction,T00172,merchant,M0030,PURCHASED_AT,2024-04-28T17:12:48.341067,{}
R00512,transaction,T00173,account,A0083,INITIATED_BY,2024-04-24T11:09:15.162530,{}
R00513,transaction,T00173,merchant,M0027,PURCHASED_AT,2024-04-24T11:09:15.162530,{}
R00514,transaction,T00174,account,A0020,INITIATED_BY,2024-03-13T21:59:01.533203,{}
R00515,transaction,T00174,merchant,M0021,PURCHASED_AT,2024-03-13T21:59:01.533203,{}
R00516,transaction,T00175,account,A0095,INITIATED_BY,2024-01-01T10:44:35.094684,{}
R00517,transaction,T00175,merchant,M0015,PURCHASED_AT,2024-01-01T10:44:35.094684,{}
R00518,transaction,T00176,account,A0118,INITIATED_BY,2024-01-12T11:06:30.600883,{}
R00519,transaction,T00176,merchant,M0021,PURCHASED_AT,2024-01-12T11:06:30.600883,{}
R00520,transaction,T00177,account,A0110,INITIATED_BY,2024-05-29T22:19:28.820856,{}
R00521,transaction,T00177,merchant,M0027,PURCHASED_AT,2024-05-29T22:19:28.820856,{}
R00522,transaction,T00178,account,A0034,INITIATED_BY,2024-06-07T15:55:43.830326,{}
R00523,transaction,T00178,merchant,M0019,PURCHASED_AT,2024-06-07T15:55:43.830326,{}
R00524,transaction,T00179,account,A0065,INITIATED_BY,2024-01-30T23:02:27.397925,{}
R00525,transaction,T00179,merchant,M0003,PURCHASED_AT,2024-01-30T23:02:27.397925,{}
R00526,transaction,T00180,account,A0060,INITIATED_BY,2024-01-01T04:43:08.051653,{}
R00527,transaction,T00180,merchant,M0014,PURCHASED_AT,2024-01-01T04:43:08.051653,{}
R00528,transaction,T00181,account,A0058,INITIATED_BY,2024-06-27T20:32:41.736166,{}
R00529,transaction,T00181,merchant,M0017,PURCHASED_AT,2024-06-27T20:32:41.736166,{}
R00530,transaction,T00182,account,A0123,INITIATED_BY,2024-05-25T21:04:35.350131,{}
R00531,transaction,T00182,merchant,M0003,PURCHASED_AT,2024-05-25T21:04:35.350131,{}
R00532,transaction,T00183,account,A0077,INITIATED_BY,2024-06-07T06:48:58.504665,{}
R00533,transaction,T00183,merchant,M0005,PURCHASED_AT,2024-06-07T06:48:58.504665,{}
R00534,transaction,T00184,account,A0145,INITIATED_BY,2024-03-04T13:33:34.022101,{}
R00535,transaction,T00184,merchant,M0001,PURCHASED_AT,2024-03-04T13:33:34.022101,{}
R00536,transaction,T00185,account,A0039,INITIATED_BY,2024-06-04T15:40:37.944738,{}
R00537,transaction,T00185,merchant,M0030,PURCHASED_AT,2024-06-04T15:40:37.944738,{}
R00538,transaction,T00186,account,A0036,INITIATED_BY,2024-05-23T04:26:13.258480,{}
R00539,transaction,T00186,merchant,M0025,PURCHASED_AT,2024-05-23T04:26:13.258480,{}
R00540,transaction,T00187,account,A0022,INITIATED_BY,2024-04-19T23:23:03.918081,{}
R00541,transaction,T00187,merchant,M0008,PURCHASED_AT,2024-04-19T23:23:03.918081,{}
R00542,transaction,T00188,account,A0078,INITIATED_BY,2024-05-15T08:37:57.995121,{}
R00543,transaction,T00188,merchant,M0007,PURCHASED_AT,2024-05-15T08:37:57.995121,{}
R00544,transaction,T00189,account,A0062,INITIATED_BY,2024-04-25T11:49:46.707652,{}
R00545,transaction,T00189,merchant,M0016,PURCHASED_AT,2024-04-25T11:49:46.707652,{}
R00546,transaction,T00190,account,A0004,INITIATED_BY,2024-03-07T03:21:06.259004,{}
R00547,transaction,T00190,merchant,M0012,PURCHASED_AT,2024-03-07T03:21:06.259004,{}
R00548,transaction,T00191,account,A0019,INITIATED_BY,2024-02-09T01:11:14.369708,{}
R00549,transaction,T00191,merchant,M0001,PURCHASED_AT,2024-02-09T01:11:14.369708,{}
R00550,transaction,T00192,account,A0102,INITIATED_BY,2024-05-18T20:19:33.034411,{}
R00551,transaction,T00192,merchant,M0017,PURCHASED_AT,2024-05-18T20:19:33.034411,{}
R00552,transaction,T00193,account,A0022,INITIATED_BY,2024-02-20T05:19:11.438511,{}
R00553,transaction,T00193,merchant,M0021,PURCHASED_AT,2024-02-20T05:19:11.438511,{}
R00554,transaction,T00194,account,A0053,INITIATED_BY,2024-04-16T03:28:58.930054,{}
R00555,transaction,T00194,merchant,M0026,PURCHASED_AT,2024-04-16T03:28:58.930054,{}
R00556,transaction,T00195,account,A0112,INITIATED_BY,2024-02-14T06:01:12.180565,{}
R00557,transaction,T00195,merchant,M0024,PURCHASED_AT,2024-02-14T06:01:12.180565,{}
R00558,transaction,T00196,account,A0015,INITIATED_BY,2024-02-01T19:00:20.899528,{}
R00559,transaction,T00196,merchant,M0010,PURCHASED_AT,2024-02-01T19:00:20.899528,{}
R00560,transaction,T00197,account,A0003,INITIATED_BY,2024-04-03T14:48:57.699329,{}
R00561,transaction,T00197,merchant,M0006,PURCHASED_AT,2024-04-03T14:48:57.699329,{}
R00562,transaction,T00198,account,A0033,INITIATED_BY,2024-06-09T10:35:08.578728,{}
R00563,transaction,T00198,merchant,M0024,PURCHASED_AT,2024-06-09T10:35:08.578728,{}
R00564,transaction,T00199,account,A0110,INITIATED_BY,2024-06-25T11:37:11.111910,{}
R00565,transaction,T00199,merchant,M0009,PURCHASED_AT,2024-06-25T11:37:11.111910,{}
R00566,transaction,T00200,account,A0131,INITIATED_BY,2024-05-19T23:20:27.502630,{}
R00567,transaction,T00200,merchant,M0012,PURCHASED_AT,2024-05-19T23:20:27.502630,{}
R00568,transaction,T00201,account,A0030,INITIATED_BY,2024-06-15T13:27:50.805394,{}
R00569,transaction,T00201,merchant,M0008,PURCHASED_AT,2024-06-15T13:27:50.805394,{}
R00570,transaction,T00202,account,A0010,INITIATED_BY,2024-04-28T16:22:30.399481,{}
R00571,transaction,T00202,merchant,M0018,PURCHASED_AT,2024-04-28T16:22:30.399481,{}
R00572,transaction,T00203,account,A0107,INITIATED_BY,2024-01-15T02:20:29.154971,{}
R00573,transaction,T00203,merchant,M0030,PURCHASED_AT,2024-01-15T02:20:29.154971,{}
R00574,transaction,T00204,account,A0014,INITIATED_BY,2024-01-09T07:30:49.773016,{}
R00575,transaction,T00204,merchant,M0006,PURCHASED_AT,2024-01-09T07:30:49.773016,{}
R00576,transaction,T00205,account,A0120,INITIATED_BY,2024-02-29T05:47:42.734322,{}
R00577,transaction,T00205,merchant,M0028,PURCHASED_AT,2024-02-29T05:47:42.734322,{}
R00578,transaction,T00206,account,A0095,INITIATED_BY,2024-05-13T20:43:05.110932,{}
R00579,transaction,T00206,merchant,M0007,PURCHASED_AT,2024-05-13T20:43:05.110932,{}
R00580,transaction,T00207,account,A0127,INITIATED_BY,2024-04-08T22:15:12.059628,{}
R00581,transaction,T00207,merchant,M0025,PURCHASED_AT,2024-04-08T22:15:12.059628,{}
R00582,transaction,T00208,account,A0105,INITIATED_BY,2024-05-31T23:06:34.149445,{}
R00583,transaction,T00208,merchant,M0001,PURCHASED_AT,2024-05-31T23:06:34.149445,{}
R00584,transaction,T00209,account,A0001,INITIATED_BY,2024-05-11T15:01:19.666538,{}
R00585,transaction,T00209,merchant,M0025,PURCHASED_AT,2024-05-11T15:01:19.666538,{}
R00586,transaction,T00210,account,A0061,INITIATED_BY,2024-06-29T10:47:27.849650,{}
R00587,transaction,T00210,merchant,M0014,PURCHASED_AT,2024-06-29T10:47:27.849650,{}
R00588,transaction,T00211,account,A0060,INITIATED_BY,2024-06-11T02:23:26.059083,{}
R00589,transaction,T00211,merchant,M0029,PURCHASED_AT,2024-06-11T02:23:26.059083,{}
R00590,transaction,T00212,account,A0022,INITIATED_BY,2024-06-23T12:33:51.067580,{}
R00591,transaction,T00212,merchant,M0019,PURCHASED_AT,2024-06-23T12:33:51.067580,{}
R00592,transaction,T00213,account,A0081,INITIATED_BY,2024-05-13T02:22:22.303166,{}
R00593,transaction,T00213,merchant,M0030,PURCHASED_AT,2024-05-13T02:22:22.303166,{}
R00594,transaction,T00214,account,A0060,INITIATED_BY,2024-01-20T02:58:38.159206,{}
R00595,transaction,T00214,merchant,M0003,PURCHASED_AT,2024-01-20T02:58:38.159206,{}
R00596,transaction,T00215,account,A0105,INITIATED_BY,2024-02-07T13:58:18.350585,{}
R00597,transaction,T00215,merchant,M0004,PURCHASED_AT,2024-02-07T13:58:18.350585,{}
R00598,transaction,T00216,account,A0031,INITIATED_BY,2024-05-29T13:49:25.580675,{}
R00599,transaction,T00216,merchant,M0003,PURCHASED_AT,2024-05-29T13:49:25.580675,{}
R00600,transaction,T00217,account,A0084,INITIATED_BY,2024-03-05T09:20:47.507678,{}
R00601,transaction,T00217,merchant,M0005,PURCHASED_AT,2024-03-05T09:20:47.507678,{}
R00602,transaction,T00218,account,A0077,INITIATED_BY,2024-06-21T07:54:27.576152,{}
R00603,transaction,T00218,merchant,M0009,PURCHASED_AT,2024-06-21T07:54:27.576152,{}
R00604,transaction,T00219,account,A0141,INITIATED_BY,2024-01-12T03:53:27.374788,{}
R00605,transaction,T00219,merchant,M0008,PURCHASED_AT,2024-01-12T03:53:27.374788,{}
R00606,transaction,T00220,account,A0103,INITIATED_BY,2024-06-15T01:18:35.129111,{}
R00607,transaction,T00220,merchant,M0012,PURCHASED_AT,2024-06-15T01:18:35.129111,{}
R00608,transaction,T00221,account,A0017,INITIATED_BY,2024-01-24T07:28:13.759835,{}
R00609,transaction,T00221,merchant,M0007,PURCHASED_AT,2024-01-24T07:28:13.759835,{}
R00610,transaction,T00222,account,A0119,INITIATED_BY,2024-05-28T17:24:04.983322,{}
R00611,transaction,T00222,merchant,M0002,PURCHASED_AT,2024-05-28T17:24:04.983322,{}
R00612,transaction,T00223,account,A0098,INITIATED_BY,2024-06-13T09:40:24.649491,{}
R00613,transaction,T00223,merchant,M0022,PURCHASED_AT,2024-06-13T09:40:24.649491,{}
R00614,transaction,T00224,account,A0039,INITIATED_BY,2024-04-27T03:46:38.537974,{}
R00615,transaction,T00224,merchant,M0002,PURCHASED_AT,2024-04-27T03:46:38.537974,{}
R00616,transaction,T00225,account,A0141,INITIATED_BY,2024-01-25T20:09:11.730318,{}
R00617,transaction,T00225,merchant,M0016,PURCHASED_AT,2024-01-25T20:09:11.730318,{}
R00618,transaction,T00226,account,A0135,INITIATED_BY,2024-05-23T20:48:43.506890,{}
R00619,transaction,T00226,merchant,M0008,PURCHASED_AT,2024-05-23T20:48:43.506890,{}
R00620,transaction,T00227,account,A0092,INITIATED_BY,2024-06-14T04:40:08.256372,{}
R00621,transaction,T00227,merchant,M0016,PURCHASED_AT,2024-06-14T04:40:08.256372,{}
R00622,transaction,T00228,account,A0070,INITIATED_BY,2024-03-26T08:59:49.091237,{}
R00623,transaction,T00228,merchant,M0006,PURCHASED_AT,2024-03-26T08:59:49.091237,{}
R00624,transaction,T00229,account,A0060,INITIATED_BY,2024-02-18T05:47:35.853466,{}
R00625,transaction,T00229,merchant,M0006,PURCHASED_AT,2024-02-18T05:47:35.853466,{}
R00626,transaction,T00230,account,A0057,INITIATED_BY,2024-06-01T23:38:22.559565,{}
R00627,transaction,T00230,merchant,M0019,PURCHASED_AT,2024-06-01T23:38:22.559565,{}
R00628,transaction,T00231,account,A0082,INITIATED_BY,2024-04-17T01:44:50.919396,{}
R00629,transaction,T00231,merchant,M0026,PURCHASED_AT,2024-04-17T01:44:50.919396,{}
R00630,transaction,T00232,account,A0145,INITIATED_BY,2024-06-27T19:53:56.320792,{}
R00631,transaction,T00232,merchant,M0005,PURCHASED_AT,2024-06-27T19:53:56.320792,{}
R00632,transaction,T00233,account,A0045,INITIATED_BY,2024-03-27T12:23:02.992538,{}
R00633,transaction,T00233,merchant,M0016,PURCHASED_AT,2024-03-27T12:23:02.992538,{}
R00634,transaction,T00234,account,A0052,INITIATED_BY,2024-06-15T07:11:01.464225,{}
R00635,transaction,T00234,merchant,M0026,PURCHASED_AT,2024-06-15T07:11:01.464225,{}
R00636,transaction,T00235,account,A0038,INITIATED_BY,2024-01-21T01:50:20.585913,{}
R00637,transaction,T00235,merchant,M0019,PURCHASED_AT,2024-01-21T01:50:20.585913,{}
R00638,transaction,T00236,account,A0019,INITIATED_BY,2024-04-16T01:39:22.985343,{}
R00639,transaction,T00236,merchant,M0012,PURCHASED_AT,2024-04-16T01:39:22.985343,{}
R00640,transaction,T00237,account,A0035,INITIATED_BY,2024-04-25T16:58:17.280759,{}
R00641,transaction,T00237,merchant,M0006,PURCHASED_AT,2024-04-25T16:58:17.280759,{}
R00642,transaction,T00238,account,A0045,INITIATED_BY,2024-02-01T17:43:38.930439,{}
R00643,transaction,T00238,merchant,M0023,PURCHASED_AT,2024-02-01T17:43:38.930439,{}
R00644,transaction,T00239,account,A0076,INITIATED_BY,2024-06-02T23:41:17.729823,{}
R00645,transaction,T00239,merchant,M0005,PURCHASED_AT,2024-06-02T23:41:17.729823,{}
R00646,transaction,T00240,account,A0082,INITIATED_BY,2024-04-25T18:37:32.091499,{}
R00647,transaction,T00240,merchant,M0030,PURCHASED_AT,2024-04-25T18:37:32.091499,{}
R00648,transaction,T00241,account,A0037,INITIATED_BY,2024-06-26T19:27:25.995819,{}
R00649,transaction,T00241,merchant,M0011,PURCHASED_AT,2024-06-26T19:27:25.995819,{}
R00650,transaction,T00242,account,A0023,INITIATED_BY,2024-06-09T11:37:22.332382,{}
R00651,transaction,T00242,merchant,M0027,PURCHASED_AT,2024-06-09T11:37:22.332382,{}
R00652,transaction,T00243,account,A0054,INITIATED_BY,2024-05-22T10:48:53.663248,{}
R00653,transaction,T00243,merchant,M0008,PURCHASED_AT,2024-05-22T10:48:53.663248,{}
R00654,transaction,T00244,account,A0113,INITIATED_BY,2024-03-15T22:29:57.288768,{}
R00655,transaction,T00244,merchant,M0024,PURCHASED_AT,2024-03-15T22:29:57.288768,{}
R00656,transaction,T00245,account,A0097,INITIATED_BY,2024-02-10T19:55:52.925918,{}
R00657,transaction,T00245,merchant,M0004,PURCHASED_AT,2024-02-10T19:55:52.925918,{}
R00658,transaction,T00246,account,A0009,INITIATED_BY,2024-06-09T17:10:24.337336,{}
R00659,transaction,T00246,merchant,M0010,PURCHASED_AT,2024-06-09T17:10:24.337336,{}
R00660,transaction,T00247,account,A0141,INITIATED_BY,2024-06-27T08:02:21.764447,{}
R00661,transaction,T00247,merchant,M0029,PURCHASED_AT,2024-06-27T08:02:21.764447,{}
R00662,transaction,T00248,account,A0111,INITIATED_BY,2024-05-06T04:37:20.932821,{}
R00663,transaction,T00248,merchant,M0021,PURCHASED_AT,2024-05-06T04:37:20.932821,{}
R00664,transaction,T00249,account,A0073,INITIATED_BY,2024-01-28T19:11:40.831946,{}
R00665,transaction,T00249,merchant,M0010,PURCHASED_AT,2024-01-28T19:11:40.831946,{}
R00666,transaction,T00250,account,A0023,INITIATED_BY,2024-03-27T22:32:47.610688,{}
R00667,transaction,T00250,merchant,M0010,PURCHASED_AT,2024-03-27T22:32:47.610688,{}
R00668,transaction,T00251,account,A0044,INITIATED_BY,2024-06-01T17:19:58.292267,{}
R00669,transaction,T00251,merchant,M0021,PURCHASED_AT,2024-06-01T17:19:58.292267,{}
R00670,transaction,T00252,account,A0121,INITIATED_BY,2024-04-26T04:16:03.236717,{}
R00671,transaction,T00252,merchant,M0016,PURCHASED_AT,2024-04-26T04:16:03.236717,{}
R00672,transaction,T00253,account,A0098,INITIATED_BY,2024-05-31T12:16:12.357379,{}
R00673,transaction,T00253,merchant,M0012,PURCHASED_AT,2024-05-31T12:16:12.357379,{}
R00674,transaction,T00254,account,A0025,INITIATED_BY,2024-03-15T22:21:28.872262,{}
R00675,transaction,T00254,merchant,M0003,PURCHASED_AT,2024-03-15T22:21:28.872262,{}
R00676,transaction,T00255,account,A0016,INITIATED_BY,2024-06-23T18:41:12.287489,{}
R00677,transaction,T00255,merchant,M0027,PURCHASED_AT,2024-06-23T18:41:12.287489,{}
R00678,transaction,T00256,account,A0061,INITIATED_BY,2024-06-03T13:30:52.507325,{}
R00679,transaction,T00256,merchant,M0016,PURCHASED_AT,2024-06-03T13:30:52.507325,{}
R00680,transaction,T00257,account,A0133,INITIATED_BY,2024-01-31T06:09:49.811944,{}
R00681,transaction,T00257,merchant,M0026,PURCHASED_AT,2024-01-31T06:09:49.811944,{}
R00682,transaction,T00258,account,A0033,INITIATED_BY,2024-02-16T16:15:30.052033,{}
R00683,transaction,T00258,merchant,M0002,PURCHASED_AT,2024-02-16T16:15:30.052033,{}
R00684,transaction,T00259,account,A0143,INITIATED_BY,2024-04-04T01:31:31.595674,{}
R00685,transaction,T00259,merchant,M0013,PURCHASED_AT,2024-04-04T01:31:31.595674,{}
R00686,transaction,T00260,account,A0134,INITIATED_BY,2024-01-27T19:46:46.834243,{}
R00687,transaction,T00260,merchant,M0026,PURCHASED_AT,2024-01-27T19:46:46.834243,{}
R00688,transaction,T00261,account,A0026,INITIATED_BY,2024-04-13T12:52:08.233266,{}
R00689,transaction,T00261,merchant,M0030,PURCHASED_AT,2024-04-13T12:52:08.233266,{}
R00690,transaction,T00262,account,A0071,INITIATED_BY,2024-05-05T13:15:52.141528,{}
R00691,transaction,T00262,merchant,M0013,PURCHASED_AT,2024-05-05T13:15:52.141528,{}
R00692,transaction,T00263,account,A0085,INITIATED_BY,2024-06-15T16:06:25.796680,{}
R00693,transaction,T00263,merchant,M0023,PURCHASED_AT,2024-06-15T16:06:25.796680,{}
R00694,transaction,T00264,account,A0078,INITIATED_BY,2024-05-06T00:13:05.798165,{}
R00695,transaction,T00264,merchant,M0010,PURCHASED_AT,2024-05-06T00:13:05.798165,{}
R00696,transaction,T00265,account,A0059,INITIATED_BY,2024-05-20T02:23:24.829593,{}
R00697,transaction,T00265,merchant,M0005,PURCHASED_AT,2024-05-20T02:23:24.829593,{}
R00698,transaction,T00266,account,A0107,INITIATED_BY,2024-02-08T06:16:49.228133,{}
R00699,transaction,T00266,merchant,M0020,PURCHASED_AT,2024-02-08T06:16:49.228133,{}
R00700,transaction,T00267,account,A0133,INITIATED_BY,2024-05-23T06:14:03.347523,{}
R00701,transaction,T00267,merchant,M0028,PURCHASED_AT,2024-05-23T06:14:03.347523,{}
R00702,transaction,T00268,account,A0130,INITIATED_BY,2024-03-23T14:48:46.836016,{}
R00703,transaction,T00268,merchant,M0013,PURCHASED_AT,2024-03-23T14:48:46.836016,{}
R00704,transaction,T00269,account,A0071,INITIATED_BY,2024-04-25T00:13:12.758252,{}
R00705,transaction,T00269,merchant,M0012,PURCHASED_AT,2024-04-25T00:13:12.758252,{}
R00706,transaction,T00270,account,A0062,INITIATED_BY,2024-06-22T20:30:01.883698,{}
R00707,transaction,T00270,merchant,M0012,PURCHASED_AT,2024-06-22T20:30:01.883698,{}
R00708,transaction,T00271,account,A0090,INITIATED_BY,2024-02-21T14:20:28.936437,{}
R00709,transaction,T00271,merchant,M0012,PURCHASED_AT,2024-02-21T14:20:28.936437,{}
R00710,transaction,T00272,account,A0147,INITIATED_BY,2024-02-18T16:53:56.646040,{}
R00711,transaction,T00272,merchant,M0025,PURCHASED_AT,2024-02-18T16:53:56.646040,{}
R00712,transaction,T00273,account,A0003,INITIATED_BY,2024-04-18T19:21:38.278614,{}
R00713,transaction,T00273,merchant,M0016,PURCHASED_AT,2024-04-18T19:21:38.278614,{}
R00714,transaction,T00274,account,A0079,INITIATED_BY,2024-03-04T02:47:33.941897,{}
R00715,transaction,T00274,merchant,M0023,PURCHASED_AT,2024-03-04T02:47:33.941897,{}
R00716,transaction,T00275,account,A0078,INITIATED_BY,2024-04-15T19:00:43.937922,{}
R00717,transaction,T00275,merchant,M0022,PURCHASED_AT,2024-04-15T19:00:43.937922,{}
R00718,transaction,T00276,account,A0096,INITIATED_BY,2024-02-24T00:34:45.925120,{}
R00719,transaction,T00276,merchant,M0018,PURCHASED_AT,2024-02-24T00:34:45.925120,{}
R00720,transaction,T00277,account,A0087,INITIATED_BY,2024-02-17T06:25:19.804918,{}
R00721,transaction,T00277,merchant,M0009,PURCHASED_AT,2024-02-17T06:25:19.804918,{}
R00722,transaction,T00278,account,A0133,INITIATED_BY,2024-06-04T04:10:40.526251,{}
R00723,transaction,T00278,merchant,M0025,PURCHASED_AT,2024-06-04T04:10:40.526251,{}
R00724,transaction,T00279,account,A0082,INITIATED_BY,2024-06-13T03:37:25.779336,{}
R00725,transaction,T00279,merchant,M0022,PURCHASED_AT,2024-06-13T03:37:25.779336,{}
R00726,transaction,T00280,account,A0010,INITIATED_BY,2024-02-04T08:59:29.244577,{}
R00727,transaction,T00280,merchant,M0019,PURCHASED_AT,2024-02-04T08:59:29.244577,{}
R00728,transaction,T00281,account,A0122,INITIATED_BY,2024-02-24T08:02:46.806807,{}
R00729,transaction,T00281,merchant,M0030,PURCHASED_AT,2024-02-24T08:02:46.806807,{}
R00730,transaction,T00282,account,A0143,INITIATED_BY,2024-05-14T02:33:05.993911,{}
R00731,transaction,T00282,merchant,M0006,PURCHASED_AT,2024-05-14T02:33:05.993911,{}
R00732,transaction,T00283,account,A0047,INITIATED_BY,2024-02-10T05:28:09.314443,{}
R00733,transaction,T00283,merchant,M0022,PURCHASED_AT,2024-02-10T05:28:09.314443,{}
R00734,transaction,T00284,account,A0079,INITIATED_BY,2024-02-17T03:52:09.546969,{}
R00735,transaction,T00284,merchant,M0014,PURCHASED_AT,2024-02-17T03:52:09.546969,{}
R00736,transaction,T00285,account,A0031,INITIATED_BY,2024-03-26T11:19:20.281339,{}
R00737,transaction,T00285,merchant,M0016,PURCHASED_AT,2024-03-26T11:19:20.281339,{}
R00738,transaction,T00286,account,A0098,INITIATED_BY,2024-06-03T14:49:03.225476,{}
R00739,transaction,T00286,merchant,M0017,PURCHASED_AT,2024-06-03T14:49:03.225476,{}
R00740,transaction,T00287,account,A0088,INITIATED_BY,2024-01-15T15:02:42.044425,{}
R00741,transaction,T00287,merchant,M0014,PURCHASED_AT,2024-01-15T15:02:42.044425,{}
R00742,transaction,T00288,account,A0046,INITIATED_BY,2024-01-31T12:25:24.263746,{}
R00743,transaction,T00288,merchant,M0011,PURCHASED_AT,2024-01-31T12:25:24.263746,{}
R00744,transaction,T00289,account,A0023,INITIATED_BY,2024-03-14T00:20:28.603855,{}
R00745,transaction,T00289,merchant,M0005,PURCHASED_AT,2024-03-14T00:20:28.603855,{}
R00746,transaction,T00290,account,A0010,INITIATED_BY,2024-01-03T13:09:03.613463,{}
R00747,transaction,T00290,merchant,M0018,PURCHASED_AT,2024-01-03T13:09:03.613463,{}
R00748,transaction,T00291,account,A0136,INITIATED_BY,2024-06-07T17:37:24.339248,{}
R00749,transaction,T00291,merchant,M0007,PURCHASED_AT,2024-06-07T17:37:24.339248,{}
R00750,transaction,T00292,account,A0099,INITIATED_BY,2024-05-29T02:46:39.345980,{}
R00751,transaction,T00292,merchant,M0017,PURCHASED_AT,2024-05-29T02:46:39.345980,{}
R00752,transaction,T00293,account,A0117,INITIATED_BY,2024-03-19T11:50:30.333389,{}
R00753,transaction,T00293,merchant,M0024,PURCHASED_AT,2024-03-19T11:50:30.333389,{}
R00754,transaction,T00294,account,A0126,INITIATED_BY,2024-06-13T03:32:54.823291,{}
R00755,transaction,T00294,merchant,M0012,PURCHASED_AT,2024-06-13T03:32:54.823291,{}
R00756,transaction,T00295,account,A0058,INITIATED_BY,2024-01-23T07:00:56.335414,{}
R00757,transaction,T00295,merchant,M0024,PURCHASED_AT,2024-01-23T07:00:56.335414,{}
R00758,transaction,T00296,account,A0066,INITIATED_BY,2024-06-29T00:53:27.366023,{}
R00759,transaction,T00296,merchant,M0025,PURCHASED_AT,2024-06-29T00:53:27.366023,{}
R00760,transaction,T00297,account,A0006,INITIATED_BY,2024-03-09T19:49:20.446167,{}
R00761,transaction,T00297,merchant,M0002,PURCHASED_AT,2024-03-09T19:49:20.446167,{}
R00762,transaction,T00298,account,A0040,INITIATED_BY,2024-02-24T12:02:59.566069,{}
R00763,transaction,T00298,merchant,M0007,PURCHASED_AT,2024-02-24T12:02:59.566069,{}
R00764,transaction,T00299,account,A0070,INITIATED_BY,2024-05-30T08:21:19.503812,{}
R00765,transaction,T00299,merchant,M0020,PURCHASED_AT,2024-05-30T08:21:19.503812,{}
R00766,transaction,T00300,account,A0031,INITIATED_BY,2024-02-17T14:26:44.049934,{}
R00767,transaction,T00300,merchant,M0010,PURCHASED_AT,2024-02-17T14:26:44.049934,{}
R00768,transaction,T00301,account,A0092,INITIATED_BY,2024-04-09T05:06:53.242690,{}
R00769,transaction,T00301,merchant,M0023,PURCHASED_AT,2024-04-09T05:06:53.242690,{}
R00770,transaction,T00302,account,A0124,INITIATED_BY,2024-06-20T20:23:36.572409,{}
R00771,transaction,T00302,merchant,M0011,PURCHASED_AT,2024-06-20T20:23:36.572409,{}
R00772,transaction,T00303,account,A0026,INITIATED_BY,2024-06-27T22:45:53.291560,{}
R00773,transaction,T00303,merchant,M0029,PURCHASED_AT,2024-06-27T22:45:53.291560,{}
R00774,transaction,T00304,account,A0013,INITIATED_BY,2024-05-02T11:52:25.734172,{}
R00775,transaction,T00304,merchant,M0004,PURCHASED_AT,2024-05-02T11:52:25.734172,{}
R00776,transaction,T00305,account,A0025,INITIATED_BY,2024-01-31T20:42:19.182572,{}
R00777,transaction,T00305,merchant,M0028,PURCHASED_AT,2024-01-31T20:42:19.182572,{}
R00778,transaction,T00306,account,A0069,INITIATED_BY,2024-03-03T00:47:15.027616,{}
R00779,transaction,T00306,merchant,M0029,PURCHASED_AT,2024-03-03T00:47:15.027616,{}
R00780,transaction,T00307,account,A0117,INITIATED_BY,2024-03-27T13:29:46.779573,{}
R00781,transaction,T00307,merchant,M0009,PURCHASED_AT,2024-03-27T13:29:46.779573,{}
R00782,transaction,T00308,account,A0043,INITIATED_BY,2024-03-20T07:22:45.209718,{}
R00783,transaction,T00308,merchant,M0004,PURCHASED_AT,2024-03-20T07:22:45.209718,{}
R00784,transaction,T00309,account,A0092,INITIATED_BY,2024-01-09T07:42:13.613217,{}
R00785,transaction,T00309,merchant,M0020,PURCHASED_AT,2024-01-09T07:42:13.613217,{}
R00786,transaction,T00310,account,A0004,INITIATED_BY,2024-05-14T14:18:06.626627,{}
R00787,transaction,T00310,merchant,M0023,PURCHASED_AT,2024-05-14T14:18:06.626627,{}
R00788,transaction,T00311,account,A0087,INITIATED_BY,2024-01-18T05:43:54.657963,{}
R00789,transaction,T00311,merchant,M0017,PURCHASED_AT,2024-01-18T05:43:54.657963,{}
R00790,transaction,T00312,account,A0099,INITIATED_BY,2024-06-27T18:58:00.544670,{}
R00791,transaction,T00312,merchant,M0005,PURCHASED_AT,2024-06-27T18:58:00.544670,{}
R00792,transaction,T00313,account,A0041,INITIATED_BY,2024-06-24T14:18:36.330894,{}
R00793,transaction,T00313,merchant,M0017,PURCHASED_AT,2024-06-24T14:18:36.330894,{}
R00794,transaction,T00314,account,A0141,INITIATED_BY,2024-01-15T06:26:24.388652,{}
R00795,transaction,T00314,merchant,M0021,PURCHASED_AT,2024-01-15T06:26:24.388652,{}
R00796,transaction,T00315,account,A0115,INITIATED_BY,2024-01-22T11:39:45.235156,{}
R00797,transaction,T00315,merchant,M0003,PURCHASED_AT,2024-01-22T11:39:45.235156,{}
R00798,transaction,T00316,account,A0005,INITIATED_BY,2024-04-09T09:17:06.512738,{}
R00799,transaction,T00316,merchant,M0004,PURCHASED_AT,2024-04-09T09:17:06.512738,{}
R00800,transaction,T00317,account,A0078,INITIATED_BY,2024-05-01T12:53:04.799993,{}
R00801,transaction,T00317,merchant,M0029,PURCHASED_AT,2024-05-01T12:53:04.799993,{}
R00802,transaction,T00318,account,A0014,INITIATED_BY,2024-04-11T09:17:42.976107,{}
R00803,transaction,T00318,merchant,M0027,PURCHASED_AT,2024-04-11T09:17:42.976107,{}
R00804,transaction,T00319,account,A0094,INITIATED_BY,2024-04-29T06:18:22.113120,{}
R00805,transaction,T00319,merchant,M0023,PURCHASED_AT,2024-04-29T06:18:22.113120,{}
R00806,transaction,T00320,account,A0075,INITIATED_BY,2024-01-09T06:51:36.393157,{}
R00807,transaction,T00320,merchant,M0018,PURCHASED_AT,2024-01-09T06:51:36.393157,{}
R00808,transaction,T00321,account,A0105,INITIATED_BY,2024-01-22T20:31:11.233915,{}
R00809,transaction,T00321,merchant,M0004,PURCHASED_AT,2024-01-22T20:31:11.233915,{}
R00810,transaction,T00322,account,A0049,INITIATED_BY,2024-01-09T09:59:51.259680,{}
R00811,transaction,T00322,merchant,M0023,PURCHASED_AT,2024-01-09T09:59:51.259680,{}
R00812,transaction,T00323,account,A0116,INITIATED_BY,2024-04-05T23:54:09.812242,{}
R00813,transaction,T00323,merchant,M0015,PURCHASED_AT,2024-04-05T23:54:09.812242,{}
R00814,transaction,T00324,account,A0111,INITIATED_BY,2024-05-21T09:01:04.883965,{}
R00815,transaction,T00324,merchant,M0027,PURCHASED_AT,2024-05-21T09:01:04.883965,{}
R00816,transaction,T00325,account,A0045,INITIATED_BY,2024-04-29T00:16:29.091202,{}
R00817,transaction,T00325,merchant,M0024,PURCHASED_AT,2024-04-29T00:16:29.091202,{}
R00818,transaction,T00326,account,A0130,INITIATED_BY,2024-01-25T03:22:02.042162,{}
R00819,transaction,T00326,merchant,M0029,PURCHASED_AT,2024-01-25T03:22:02.042162,{}
R00820,transaction,T00327,account,A0132,INITIATED_BY,2024-02-26T19:37:42.577961,{}
R00821,transaction,T00327,merchant,M0010,PURCHASED_AT,2024-02-26T19:37:42.577961,{}
R00822,transaction,T00328,account,A0052,INITIATED_BY,2024-03-03T11:57:19.135524,{}
R00823,transaction,T00328,merchant,M0007,PURCHASED_AT,2024-03-03T11:57:19.135524,{}
R00824,transaction,T00329,account,A0046,INITIATED_BY,2024-05-08T13:46:20.088114,{}
R00825,transaction,T00329,merchant,M0017,PURCHASED_AT,2024-05-08T13:46:20.088114,{}
R00826,transaction,T00330,account,A0150,INITIATED_BY,2024-04-06T15:16:25.605438,{}
R00827,transaction,T00330,merchant,M0019,PURCHASED_AT,2024-04-06T15:16:25.605438,{}
R00828,transaction,T00331,account,A0134,INITIATED_BY,2024-05-15T18:48:13.395970,{}
R00829,transaction,T00331,merchant,M0004,PURCHASED_AT,2024-05-15T18:48:13.395970,{}
R00830,transaction,T00332,account,A0065,INITIATED_BY,2024-02-23T10:05:26.226734,{}
R00831,transaction,T00332,merchant,M0005,PURCHASED_AT,2024-02-23T10:05:26.226734,{}
R00832,transaction,T00333,account,A0116,INITIATED_BY,2024-04-11T16:49:42.123887,{}
R00833,transaction,T00333,merchant,M0004,PURCHASED_AT,2024-04-11T16:49:42.123887,{}
R00834,transaction,T00334,account,A0144,INITIATED_BY,2024-05-24T14:04:54.094133,{}
R00835,transaction,T00334,merchant,M0013,PURCHASED_AT,2024-05-24T14:04:54.094133,{}
R00836,transaction,T00335,account,A0013,INITIATED_BY,2024-05-22T15:33:23.351756,{}
R00837,transaction,T00335,merchant,M0030,PURCHASED_AT,2024-05-22T15:33:23.351756,{}
R00838,transaction,T00336,account,A0014,INITIATED_BY,2024-06-06T06:17:03.235068,{}
R00839,transaction,T00336,merchant,M0001,PURCHASED_AT,2024-06-06T06:17:03.235068,{}
R00840,transaction,T00337,account,A0095,INITIATED_BY,2024-02-05T13:27:42.088204,{}
R00841,transaction,T00337,merchant,M0025,PURCHASED_AT,2024-02-05T13:27:42.088204,{}
R00842,transaction,T00338,account,A0046,INITIATED_BY,2024-01-08T08:30:54.388907,{}
R00843,transaction,T00338,merchant,M0022,PURCHASED_AT,2024-01-08T08:30:54.388907,{}
R00844,transaction,T00339,account,A0034,INITIATED_BY,2024-02-29T19:57:53.115467,{}
R00845,transaction,T00339,merchant,M0006,PURCHASED_AT,2024-02-29T19:57:53.115467,{}
R00846,transaction,T00340,account,A0083,INITIATED_BY,2024-03-29T18:57:11.838138,{}
R00847,transaction,T00340,merchant,M0020,PURCHASED_AT,2024-03-29T18:57:11.838138,{}
R00848,transaction,T00341,account,A0019,INITIATED_BY,2024-06-22T05:09:16.723346,{}
R00849,transaction,T00341,merchant,M0026,PURCHASED_AT,2024-06-22T05:09:16.723346,{}
R00850,transaction,T00342,account,A0130,INITIATED_BY,2024-01-17T15:24:41.350721,{}
R00851,transaction,T00342,merchant,M0006,PURCHASED_AT,2024-01-17T15:24:41.350721,{}
R00852,transaction,T00343,account,A0085,INITIATED_BY,2024-05-16T05:32:10.735529,{}
R00853,transaction,T00343,merchant,M0011,PURCHASED_AT,2024-05-16T05:32:10.735529,{}
R00854,transaction,T00344,account,A0144,INITIATED_BY,2024-01-21T18:21:07.764809,{}
R00855,transaction,T00344,merchant,M0027,PURCHASED_AT,2024-01-21T18:21:07.764809,{}
R00856,transaction,T00345,account,A0063,INITIATED_BY,2024-06-14T18:48:37.717983,{}
R00857,transaction,T00345,merchant,M0002,PURCHASED_AT,2024-06-14T18:48:37.717983,{}
R00858,transaction,T00346,account,A0139,INITIATED_BY,2024-05-25T07:26:09.267850,{}
R00859,transaction,T00346,merchant,M0024,PURCHASED_AT,2024-05-25T07:26:09.267850,{}
R00860,transaction,T00347,account,A0076,INITIATED_BY,2024-01-15T21:42:31.054762,{}
R00861,transaction,T00347,merchant,M0029,PURCHASED_AT,2024-01-15T21:42:31.054762,{}
R00862,transaction,T00348,account,A0138,INITIATED_BY,2024-06-05T13:20:47.461976,{}
R00863,transaction,T00348,merchant,M0018,PURCHASED_AT,2024-06-05T13:20:47.461976,{}
R00864,transaction,T00349,account,A0053,INITIATED_BY,2024-05-27T19:58:51.197752,{}
R00865,transaction,T00349,merchant,M0018,PURCHASED_AT,2024-05-27T19:58:51.197752,{}
R00866,transaction,T00350,account,A0040,INITIATED_BY,2024-01-16T20:11:26.810254,{}
R00867,transaction,T00350,merchant,M0001,PURCHASED_AT,2024-01-16T20:11:26.810254,{}
R00868,transaction,T00351,account,A0065,INITIATED_BY,2024-03-22T15:41:23.579895,{}
R00869,transaction,T00351,merchant,M0018,PURCHASED_AT,2024-03-22T15:41:23.579895,{}
R00870,transaction,T00352,account,A0005,INITIATED_BY,2024-04-26T02:20:25.478578,{}
R00871,transaction,T00352,merchant,M0013,PURCHASED_AT,2024-04-26T02:20:25.478578,{}
R00872,transaction,T00353,account,A0150,INITIATED_BY,2024-06-16T23:26:21.936201,{}
R00873,transaction,T00353,merchant,M0002,PURCHASED_AT,2024-06-16T23:26:21.936201,{}
R00874,transaction,T00354,account,A0078,INITIATED_BY,2024-04-29T14:10:53.142085,{}
R00875,transaction,T00354,merchant,M0020,PURCHASED_AT,2024-04-29T14:10:53.142085,{}
R00876,transaction,T00355,account,A0057,INITIATED_BY,2024-06-02T18:05:11.583280,{}
R00877,transaction,T00355,merchant,M0005,PURCHASED_AT,2024-06-02T18:05:11.583280,{}
R00878,transaction,T00356,account,A0037,INITIATED_BY,2024-03-08T12:52:44.244217,{}
R00879,transaction,T00356,merchant,M0010,PURCHASED_AT,2024-03-08T12:52:44.244217,{}
R00880,transaction,T00357,account,A0143,INITIATED_BY,2024-06-20T09:40:42.480517,{}
R00881,transaction,T00357,merchant,M0005,PURCHASED_AT,2024-06-20T09:40:42.480517,{}
R00882,transaction,T00358,account,A0089,INITIATED_BY,2024-04-02T18:31:44.058413,{}
R00883,transaction,T00358,merchant,M0007,PURCHASED_AT,2024-04-02T18:31:44.058413,{}
R00884,transaction,T00359,account,A0065,INITIATED_BY,2024-04-12T16:19:09.291323,{}
R00885,transaction,T00359,merchant,M0007,PURCHASED_AT,2024-04-12T16:19:09.291323,{}
R00886,transaction,T00360,account,A0141,INITIATED_BY,2024-05-01T13:48:02.599764,{}
R00887,transaction,T00360,merchant,M0015,PURCHASED_AT,2024-05-01T13:48:02.599764,{}
R00888,transaction,T00361,account,A0149,INITIATED_BY,2024-05-01T12:06:28.575895,{}
R00889,transaction,T00361,merchant,M0016,PURCHASED_AT,2024-05-01T12:06:28.575895,{}
R00890,transaction,T00362,account,A0018,INITIATED_BY,2024-02-29T10:20:07.309629,{}
R00891,transaction,T00362,merchant,M0029,PURCHASED_AT,2024-02-29T10:20:07.309629,{}
R00892,transaction,T00363,account,A0040,INITIATED_BY,2024-06-22T12:24:51.684702,{}
R00893,transaction,T00363,merchant,M0019,PURCHASED_AT,2024-06-22T12:24:51.684702,{}
R00894,transaction,T00364,account,A0064,INITIATED_BY,2024-03-19T22:31:22.595137,{}
R00895,transaction,T00364,merchant,M0026,PURCHASED_AT,2024-03-19T22:31:22.595137,{}
R00896,transaction,T00365,account,A0085,INITIATED_BY,2024-05-20T05:35:15.651127,{}
R00897,transaction,T00365,merchant,M0029,PURCHASED_AT,2024-05-20T05:35:15.651127,{}
R00898,transaction,T00366,account,A0045,INITIATED_BY,2024-06-04T10:15:07.628151,{}
R00899,transaction,T00366,merchant,M0021,PURCHASED_AT,2024-06-04T10:15:07.628151,{}
R00900,transaction,T00367,account,A0051,INITIATED_BY,2024-05-11T15:56:08.862450,{}
R00901,transaction,T00367,merchant,M0009,PURCHASED_AT,2024-05-11T15:56:08.862450,{}
R00902,transaction,T00368,account,A0008,INITIATED_BY,2024-04-16T19:07:03.859090,{}
R00903,transaction,T00368,merchant,M0027,PURCHASED_AT,2024-04-16T19:07:03.859090,{}
R00904,transaction,T00369,account,A0140,INITIATED_BY,2024-02-10T10:02:38.678209,{}
R00905,transaction,T00369,merchant,M0029,PURCHASED_AT,2024-02-10T10:02:38.678209,{}
R00906,transaction,T00370,account,A0075,INITIATED_BY,2024-03-12T19:38:05.009389,{}
R00907,transaction,T00370,merchant,M0005,PURCHASED_AT,2024-03-12T19:38:05.009389,{}
R00908,transaction,T00371,account,A0062,INITIATED_BY,2024-01-26T09:46:13.040049,{}
R00909,transaction,T00371,merchant,M0028,PURCHASED_AT,2024-01-26T09:46:13.040049,{}
R00910,transaction,T00372,account,A0145,INITIATED_BY,2024-05-12T11:49:38.777549,{}
R00911,transaction,T00372,merchant,M0022,PURCHASED_AT,2024-05-12T11:49:38.777549,{}
R00912,transaction,T00373,account,A0125,INITIATED_BY,2024-01-08T17:57:35.521211,{}
R00913,transaction,T00373,merchant,M0008,PURCHASED_AT,2024-01-08T17:57:35.521211,{}
R00914,transaction,T00374,account,A0093,INITIATED_BY,2024-01-09T09:43:27.535386,{}
R00915,transaction,T00374,merchant,M0013,PURCHASED_AT,2024-01-09T09:43:27.535386,{}
R00916,transaction,T00375,account,A0134,INITIATED_BY,2024-02-01T11:12:12.969516,{}
R00917,transaction,T00375,merchant,M0021,PURCHASED_AT,2024-02-01T11:12:12.969516,{}
R00918,transaction,T00376,account,A0020,INITIATED_BY,2024-05-27T22:04:35.429429,{}
R00919,transaction,T00376,merchant,M0017,PURCHASED_AT,2024-05-27T22:04:35.429429,{}
R00920,transaction,T00377,account,A0124,INITIATED_BY,2024-01-26T03:40:41.973395,{}
R00921,transaction,T00377,merchant,M0029,PURCHASED_AT,2024-01-26T03:40:41.973395,{}
R00922,transaction,T00378,account,A0132,INITIATED_BY,2024-01-29T11:33:37.224316,{}
R00923,transaction,T00378,merchant,M0021,PURCHASED_AT,2024-01-29T11:33:37.224316,{}
R00924,transaction,T00379,account,A0031,INITIATED_BY,2024-05-10T08:47:26.095750,{}
R00925,transaction,T00379,merchant,M0022,PURCHASED_AT,2024-05-10T08:47:26.095750,{}
R00926,transaction,T00380,account,A0123,INITIATED_BY,2024-03-15T08:56:46.161301,{}
R00927,transaction,T00380,merchant,M0007,PURCHASED_AT,2024-03-15T08:56:46.161301,{}
R00928,transaction,T00381,account,A0147,INITIATED_BY,2024-01-08T02:14:42.426961,{}
R00929,transaction,T00381,merchant,M0019,PURCHASED_AT,2024-01-08T02:14:42.426961,{}
R00930,transaction,T00382,account,A0043,INITIATED_BY,2024-03-14T09:18:08.059427,{}
R00931,transaction,T00382,merchant,M0009,PURCHASED_AT,2024-03-14T09:18:08.059427,{}
R00932,transaction,T00383,account,A0073,INITIATED_BY,2024-03-26T07:49:12.173340,{}
R00933,transaction,T00383,merchant,M0003,PURCHASED_AT,2024-03-26T07:49:12.173340,{}
R00934,transaction,T00384,account,A0106,INITIATED_BY,2024-05-18T21:58:37.377612,{}
R00935,transaction,T00384,merchant,M0020,PURCHASED_AT,2024-05-18T21:58:37.377612,{}
R00936,transaction,T00385,account,A0068,INITIATED_BY,2024-03-23T01:52:27.517759,{}
R00937,transaction,T00385,merchant,M0006,PURCHASED_AT,2024-03-23T01:52:27.517759,{}
R00938,transaction,T00386,account,A0097,INITIATED_BY,2024-05-03T20:53:37.891420,{}
R00939,transaction,T00386,merchant,M0013,PURCHASED_AT,2024-05-03T20:53:37.891420,{}
R00940,transaction,T00387,account,A0046,INITIATED_BY,2024-06-07T20:57:26.850080,{}
R00941,transaction,T00387,merchant,M0016,PURCHASED_AT,2024-06-07T20:57:26.850080,{}
R00942,transaction,T00388,account,A0031,INITIATED_BY,2024-04-19T05:29:37.979457,{}
R00943,transaction,T00388,merchant,M0003,PURCHASED_AT,2024-04-19T05:29:37.979457,{}
R00944,transaction,T00389,account,A0111,INITIATED_BY,2024-05-06T06:33:37.275172,{}
R00945,transaction,T00389,merchant,M0017,PURCHASED_AT,2024-05-06T06:33:37.275172,{}
R00946,transaction,T00390,account,A0124,INITIATED_BY,2024-05-25T15:16:25.654645,{}
R00947,transaction,T00390,merchant,M0026,PURCHASED_AT,2024-05-25T15:16:25.654645,{}
R00948,transaction,T00391,account,A0035,INITIATED_BY,2024-06-04T11:43:38.302598,{}
R00949,transaction,T00391,merchant,M0009,PURCHASED_AT,2024-06-04T11:43:38.302598,{}
R00950,transaction,T00392,account,A0140,INITIATED_BY,2024-03-08T21:07:47.302055,{}
R00951,transaction,T00392,merchant,M0014,PURCHASED_AT,2024-03-08T21:07:47.302055,{}
R00952,transaction,T00393,account,A0081,INITIATED_BY,2024-04-27T22:26:45.098431,{}
R00953,transaction,T00393,merchant,M0014,PURCHASED_AT,2024-04-27T22:26:45.098431,{}
R00954,transaction,T00394,account,A0138,INITIATED_BY,2024-06-28T12:22:24.386151,{}
R00955,transaction,T00394,merchant,M0014,PURCHASED_AT,2024-06-28T12:22:24.386151,{}
R00956,transaction,T00395,account,A0106,INITIATED_BY,2024-03-08T00:12:18.492520,{}
R00957,transaction,T00395,merchant,M0018,PURCHASED_AT,2024-03-08T00:12:18.492520,{}
R00958,transaction,T00396,account,A0079,INITIATED_BY,2024-05-13T04:14:19.962767,{}
R00959,transaction,T00396,merchant,M0019,PURCHASED_AT,2024-05-13T04:14:19.962767,{}
R00960,transaction,T00397,account,A0115,INITIATED_BY,2024-02-08T19:36:22.200629,{}
R00961,transaction,T00397,merchant,M0026,PURCHASED_AT,2024-02-08T19:36:22.200629,{}
R00962,transaction,T00398,account,A0141,INITIATED_BY,2024-01-30T02:14:45.282029,{}
R00963,transaction,T00398,merchant,M0020,PURCHASED_AT,2024-01-30T02:14:45.282029,{}
R00964,transaction,T00399,account,A0038,INITIATED_BY,2024-01-12T14:21:55.808886,{}
R00965,transaction,T00399,merchant,M0016,PURCHASED_AT,2024-01-12T14:21:55.808886,{}
R00966,transaction,T00400,account,A0010,INITIATED_BY,2024-05-08T19:12:56.638598,{}
R00967,transaction,T00400,merchant,M0024,PURCHASED_AT,2024-05-08T19:12:56.638598,{}
R00968,transaction,T00401,account,A0045,INITIATED_BY,2024-06-02T22:51:56.923790,{}
R00969,transaction,T00401,merchant,M0021,PURCHASED_AT,2024-06-02T22:51:56.923790,{}
R00970,transaction,T00402,account,A0009,INITIATED_BY,2024-02-11T22:22:43.341318,{}
R00971,transaction,T00402,merchant,M0026,PURCHASED_AT,2024-02-11T22:22:43.341318,{}
R00972,transaction,T00403,account,A0093,INITIATED_BY,2024-03-13T07:08:23.817075,{}
R00973,transaction,T00403,merchant,M0008,PURCHASED_AT,2024-03-13T07:08:23.817075,{}
R00974,transaction,T00404,account,A0052,INITIATED_BY,2024-05-11T10:20:47.597887,{}
R00975,transaction,T00404,merchant,M0017,PURCHASED_AT,2024-05-11T10:20:47.597887,{}
R00976,transaction,T00405,account,A0090,INITIATED_BY,2024-04-19T18:02:33.519546,{}
R00977,transaction,T00405,merchant,M0012,PURCHASED_AT,2024-04-19T18:02:33.519546,{}
R00978,transaction,T00406,account,A0104,INITIATED_BY,2024-04-01T01:46:00.689545,{}
R00979,transaction,T00406,merchant,M0019,PURCHASED_AT,2024-04-01T01:46:00.689545,{}
R00980,transaction,T00407,account,A0132,INITIATED_BY,2024-06-23T20:32:41.637373,{}
R00981,transaction,T00407,merchant,M0009,PURCHASED_AT,2024-06-23T20:32:41.637373,{}
R00982,transaction,T00408,account,A0063,INITIATED_BY,2024-05-03T08:50:50.138176,{}
R00983,transaction,T00408,merchant,M0025,PURCHASED_AT,2024-05-03T08:50:50.138176,{}
R00984,transaction,T00409,account,A0124,INITIATED_BY,2024-05-22T17:55:18.281761,{}
R00985,transaction,T00409,merchant,M0004,PURCHASED_AT,2024-05-22T17:55:18.281761,{}
R00986,transaction,T00410,account,A0059,INITIATED_BY,2024-05-30T14:58:37.499327,{}
R00987,transaction,T00410,merchant,M0026,PURCHASED_AT,2024-05-30T14:58:37.499327,{}
R00988,transaction,T00411,account,A0103,INITIATED_BY,2024-04-10T08:58:18.240798,{}
R00989,transaction,T00411,merchant,M0022,PURCHASED_AT,2024-04-10T08:58:18.240798,{}
R00990,transaction,T00412,account,A0091,INITIATED_BY,2024-06-20T10:16:51.836778,{}
R00991,transaction,T00412,merchant,M0007,PURCHASED_AT,2024-06-20T10:16:51.836778,{}
R00992,transaction,T00413,account,A0052,INITIATED_BY,2024-02-15T04:40:37.074236,{}
R00993,transaction,T00413,merchant,M0008,PURCHASED_AT,2024-02-15T04:40:37.074236,{}
R00994,transaction,T00414,account,A0028,INITIATED_BY,2024-05-18T07:52:36.694879,{}
R00995,transaction,T00414,merchant,M0004,PURCHASED_AT,2024-05-18T07:52:36.694879,{}
R00996,transaction,T00415,account,A0124,INITIATED_BY,2024-06-27T08:24:34.612507,{}
R00997,transaction,T00415,merchant,M0012,PURCHASED_AT,2024-06-27T08:24:34.612507,{}
R00998,transaction,T00416,account,A0126,INITIATED_BY,2024-04-14T09:02:00.850175,{}
R00999,transaction,T00416,merchant,M0006,PURCHASED_AT,2024-04-14T09:02:00.850175,{}
R01000,transaction,T00417,account,A0109,INITIATED_BY,2024-05-20T10:31:36.548349,{}
R01001,transaction,T00417,merchant,M0016,PURCHASED_AT,2024-05-20T10:31:36.548349,{}
R01002,transaction,T00418,account,A0133,INITIATED_BY,2024-01-19T05:38:54.804306,{}
R01003,transaction,T00418,merchant,M0015,PURCHASED_AT,2024-01-19T05:38:54.804306,{}
R01004,transaction,T00419,account,A0067,INITIATED_BY,2024-03-26T07:31:27.351926,{}
R01005,transaction,T00419,merchant,M0006,PURCHASED_AT,2024-03-26T07:31:27.351926,{}
R01006,transaction,T00420,account,A0048,INITIATED_BY,2024-05-16T03:32:18.226067,{}
R01007,transaction,T00420,merchant,M0016,PURCHASED_AT,2024-05-16T03:32:18.226067,{}
R01008,transaction,T00421,account,A0072,INITIATED_BY,2024-04-14T05:40:40.856446,{}
R01009,transaction,T00421,merchant,M0015,PURCHASED_AT,2024-04-14T05:40:40.856446,{}
R01010,transaction,T00422,account,A0070,INITIATED_BY,2024-03-09T22:33:26.684689,{}
R01011,transaction,T00422,merchant,M0026,PURCHASED_AT,2024-03-09T22:33:26.684689,{}
R01012,transaction,T00423,account,A0039,INITIATED_BY,2024-03-31T10:15:10.643868,{}
R01013,transaction,T00423,merchant,M0016,PURCHASED_AT,2024-03-31T10:15:10.643868,{}
R01014,transaction,T00424,account,A0081,INITIATED_BY,2024-06-04T09:19:57.402334,{}
R01015,transaction,T00424,merchant,M0026,PURCHASED_AT,2024-06-04T09:19:57.402334,{}
R01016,transaction,T00425,account,A0042,INITIATED_BY,2024-05-31T20:29:35.173047,{}
R01017,transaction,T00425,merchant,M0002,PURCHASED_AT,2024-05-31T20:29:35.173047,{}
R01018,transaction,T00426,account,A0086,INITIATED_BY,2024-06-17T15:55:58.213843,{}
R01019,transaction,T00426,merchant,M0009,PURCHASED_AT,2024-06-17T15:55:58.213843,{}
R01020,transaction,T00427,account,A0106,INITIATED_BY,2024-04-19T14:37:20.224965,{}
R01021,transaction,T00427,merchant,M0004,PURCHASED_AT,2024-04-19T14:37:20.224965,{}
R01022,transaction,T00428,account,A0138,INITIATED_BY,2024-02-28T20:11:31.939232,{}
R01023,transaction,T00428,merchant,M0006,PURCHASED_AT,2024-02-28T20:11:31.939232,{}
R01024,transaction,T00429,account,A0115,INITIATED_BY,2024-03-24T22:32:20.539388,{}
R01025,transaction,T00429,merchant,M0029,PURCHASED_AT,2024-03-24T22:32:20.539388,{}
R01026,transaction,T00430,account,A0087,INITIATED_BY,2024-06-02T15:37:29.831888,{}
R01027,transaction,T00430,merchant,M0014,PURCHASED_AT,2024-06-02T15:37:29.831888,{}
R01028,transaction,T00431,account,A0088,INITIATED_BY,2024-05-08T14:07:23.013647,{}
R01029,transaction,T00431,merchant,M0008,PURCHASED_AT,2024-05-08T14:07:23.013647,{}
R01030,transaction,T00432,account,A0070,INITIATED_BY,2024-03-06T17:35:17.037772,{}
R01031,transaction,T00432,merchant,M0029,PURCHASED_AT,2024-03-06T17:35:17.037772,{}
R01032,transaction,T00433,account,A0116,INITIATED_BY,2024-02-15T13:09:16.601212,{}
R01033,transaction,T00433,merchant,M0014,PURCHASED_AT,2024-02-15T13:09:16.601212,{}
R01034,transaction,T00434,account,A0102,INITIATED_BY,2024-05-19T12:56:09.660811,{}
R01035,transaction,T00434,merchant,M0004,PURCHASED_AT,2024-05-19T12:56:09.660811,{}
R01036,transaction,T00435,account,A0022,INITIATED_BY,2024-04-28T12:35:35.313217,{}
R01037,transaction,T00435,merchant,M0004,PURCHASED_AT,2024-04-28T12:35:35.313217,{}
R01038,transaction,T00436,account,A0064,INITIATED_BY,2024-01-24T18:16:03.966827,{}
R01039,transaction,T00436,merchant,M0024,PURCHASED_AT,2024-01-24T18:16:03.966827,{}
R01040,transaction,T00437,account,A0092,INITIATED_BY,2024-06-18T05:01:16.648719,{}
R01041,transaction,T00437,merchant,M0028,PURCHASED_AT,2024-06-18T05:01:16.648719,{}
R01042,transaction,T00438,account,A0139,INITIATED_BY,2024-05-15T13:16:19.190025,{}
R01043,transaction,T00438,merchant,M0006,PURCHASED_AT,2024-05-15T13:16:19.190025,{}
R01044,transaction,T00439,account,A0137,INITIATED_BY,2024-02-11T02:38:45.468769,{}
R01045,transaction,T00439,merchant,M0010,PURCHASED_AT,2024-02-11T02:38:45.468769,{}
R01046,transaction,T00440,account,A0094,INITIATED_BY,2024-01-01T00:24:04.149862,{}
R01047,transaction,T00440,merchant,M0014,PURCHASED_AT,2024-01-01T00:24:04.149862,{}
R01048,transaction,T00441,account,A0121,INITIATED_BY,2024-01-02T15:40:19.245215,{}
R01049,transaction,T00441,merchant,M0018,PURCHASED_AT,2024-01-02T15:40:19.245215,{}
R01050,transaction,T00442,account,A0060,INITIATED_BY,2024-03-15T12:34:50.214804,{}
R01051,transaction,T00442,merchant,M0026,PURCHASED_AT,2024-03-15T12:34:50.214804,{}
R01052,transaction,T00443,account,A0064,INITIATED_BY,2024-05-29T22:41:10.539261,{}
R01053,transaction,T00443,merchant,M0006,PURCHASED_AT,2024-05-29T22:41:10.539261,{}
R01054,transaction,T00444,account,A0109,INITIATED_BY,2024-06-13T16:50:30.942745,{}
R01055,transaction,T00444,merchant,M0021,PURCHASED_AT,2024-06-13T16:50:30.942745,{}
R01056,transaction,T00445,account,A0137,INITIATED_BY,2024-01-13T09:24:26.678033,{}
R01057,transaction,T00445,merchant,M0026,PURCHASED_AT,2024-01-13T09:24:26.678033,{}
R01058,transaction,T00446,account,A0117,INITIATED_BY,2024-03-30T01:13:50.465763,{}
R01059,transaction,T00446,merchant,M0020,PURCHASED_AT,2024-03-30T01:13:50.465763,{}
R01060,transaction,T00447,account,A0013,INITIATED_BY,2024-03-20T08:28:54.711775,{}
R01061,transaction,T00447,merchant,M0018,PURCHASED_AT,2024-03-20T08:28:54.711775,{}
R01062,transaction,T00448,account,A0039,INITIATED_BY,2024-02-26T09:29:20.833879,{}
R01063,transaction,T00448,merchant,M0001,PURCHASED_AT,2024-02-26T09:29:20.833879,{}
R01064,transaction,T00449,account,A0119,INITIATED_BY,2024-06-01T16:21:54.446474,{}
R01065,transaction,T00449,merchant,M0023,PURCHASED_AT,2024-06-01T16:21:54.446474,{}
R01066,transaction,T00450,account,A0101,INITIATED_BY,2024-06-11T02:54:58.902502,{}
R01067,transaction,T00450,merchant,M0003,PURCHASED_AT,2024-06-11T02:54:58.902502,{}
R01068,transaction,T00451,account,A0004,INITIATED_BY,2024-01-18T00:09:48.817616,{}
R01069,transaction,T00451,merchant,M0004,PURCHASED_AT,2024-01-18T00:09:48.817616,{}
R01070,transaction,T00452,account,A0080,INITIATED_BY,2024-01-08T15:15:20.222437,{}
R01071,transaction,T00452,merchant,M0030,PURCHASED_AT,2024-01-08T15:15:20.222437,{}
R01072,transaction,T00453,account,A0065,INITIATED_BY,2024-06-09T15:23:06.137999,{}
R01073,transaction,T00453,merchant,M0016,PURCHASED_AT,2024-06-09T15:23:06.137999,{}
R01074,transaction,T00454,account,A0061,INITIATED_BY,2024-05-23T18:49:54.789774,{}
R01075,transaction,T00454,merchant,M0021,PURCHASED_AT,2024-05-23T18:49:54.789774,{}
R01076,transaction,T00455,account,A0063,INITIATED_BY,2024-01-29T01:17:05.992513,{}
R01077,transaction,T00455,merchant,M0001,PURCHASED_AT,2024-01-29T01:17:05.992513,{}
R01078,transaction,T00456,account,A0128,INITIATED_BY,2024-06-24T12:10:01.246839,{}
R01079,transaction,T00456,merchant,M0003,PURCHASED_AT,2024-06-24T12:10:01.246839,{}
R01080,transaction,T00457,account,A0040,INITIATED_BY,2024-03-29T07:11:22.124664,{}
R01081,transaction,T00457,merchant,M0023,PURCHASED_AT,2024-03-29T07:11:22.124664,{}
R01082,transaction,T00458,account,A0089,INITIATED_BY,2024-05-11T02:47:23.790470,{}
R01083,transaction,T00458,merchant,M0026,PURCHASED_AT,2024-05-11T02:47:23.790470,{}
R01084,transaction,T00459,account,A0125,INITIATED_BY,2024-05-06T03:55:55.540492,{}
R01085,transaction,T00459,merchant,M0023,PURCHASED_AT,2024-05-06T03:55:55.540492,{}
R01086,transaction,T00460,account,A0140,INITIATED_BY,2024-06-06T01:07:22.917986,{}
R01087,transaction,T00460,merchant,M0012,PURCHASED_AT,2024-06-06T01:07:22.917986,{}
R01088,transaction,T00461,account,A0142,INITIATED_BY,2024-03-07T10:44:15.357220,{}
R01089,transaction,T00461,merchant,M0006,PURCHASED_AT,2024-03-07T10:44:15.357220,{}
R01090,transaction,T00462,account,A0130,INITIATED_BY,2024-04-22T06:08:13.656849,{}
R01091,transaction,T00462,merchant,M0013,PURCHASED_AT,2024-04-22T06:08:13.656849,{}
R01092,transaction,T00463,account,A0138,INITIATED_BY,2024-03-31T01:21:12.777012,{}
R01093,transaction,T00463,merchant,M0027,PURCHASED_AT,2024-03-31T01:21:12.777012,{}
R01094,transaction,T00464,account,A0073,INITIATED_BY,2024-01-18T10:08:14.478986,{}
R01095,transaction,T00464,merchant,M0011,PURCHASED_AT,2024-01-18T10:08:14.478986,{}
R01096,transaction,T00465,account,A0034,INITIATED_BY,2024-03-28T20:26:54.699922,{}
R01097,transaction,T00465,merchant,M0006,PURCHASED_AT,2024-03-28T20:26:54.699922,{}
R01098,transaction,T00466,account,A0100,INITIATED_BY,2024-04-16T20:16:01.783499,{}
R01099,transaction,T00466,merchant,M0022,PURCHASED_AT,2024-04-16T20:16:01.783499,{}
R01100,transaction,T00467,account,A0019,INITIATED_BY,2024-03-29T22:39:55.793536,{}
R01101,transaction,T00467,merchant,M0001,PURCHASED_AT,2024-03-29T22:39:55.793536,{}
R01102,transaction,T00468,account,A0016,INITIATED_BY,2024-03-16T06:54:02.565256,{}
R01103,transaction,T00468,merchant,M0012,PURCHASED_AT,2024-03-16T06:54:02.565256,{}
R01104,transaction,T00469,account,A0015,INITIATED_BY,2024-05-12T21:48:02.409787,{}
R01105,transaction,T00469,merchant,M0027,PURCHASED_AT,2024-05-12T21:48:02.409787,{}
R01106,transaction,T00470,account,A0056,INITIATED_BY,2024-04-05T05:46:41.313619,{}
R01107,transaction,T00470,merchant,M0017,PURCHASED_AT,2024-04-05T05:46:41.313619,{}
R01108,transaction,T00471,account,A0046,INITIATED_BY,2024-01-20T02:21:12.982212,{}
R01109,transaction,T00471,merchant,M0018,PURCHASED_AT,2024-01-20T02:21:12.982212,{}
R01110,transaction,T00472,account,A0118,INITIATED_BY,2024-01-31T04:37:10.852741,{}
R01111,transaction,T00472,merchant,M0023,PURCHASED_AT,2024-01-31T04:37:10.852741,{}
R01112,transaction,T00473,account,A0130,INITIATED_BY,2024-04-18T14:02:02.171950,{}
R01113,transaction,T00473,merchant,M0011,PURCHASED_AT,2024-04-18T14:02:02.171950,{}
R01114,transaction,T00474,account,A0141,INITIATED_BY,2024-04-24T14:47:53.273666,{}
R01115,transaction,T00474,merchant,M0011,PURCHASED_AT,2024-04-24T14:47:53.273666,{}
R01116,transaction,T00475,account,A0145,INITIATED_BY,2024-06-16T15:10:56.034273,{}
R01117,transaction,T00475,merchant,M0018,PURCHASED_AT,2024-06-16T15:10:56.034273,{}
R01118,transaction,T00476,account,A0116,INITIATED_BY,2024-01-03T22:49:04.201197,{}
R01119,transaction,T00476,merchant,M0015,PURCHASED_AT,2024-01-03T22:49:04.201197,{}
R01120,transaction,T00477,account,A0078,INITIATED_BY,2024-06-03T21:14:58.302268,{}
R01121,transaction,T00477,merchant,M0001,PURCHASED_AT,2024-06-03T21:14:58.302268,{}
R01122,transaction,T00478,account,A0071,INITIATED_BY,2024-06-16T14:12:25.645391,{}
R01123,transaction,T00478,merchant,M0030,PURCHASED_AT,2024-06-16T14:12:25.645391,{}
R01124,transaction,T00479,account,A0118,INITIATED_BY,2024-06-10T00:31:57.112350,{}
R01125,transaction,T00479,merchant,M0012,PURCHASED_AT,2024-06-10T00:31:57.112350,{}
R01126,transaction,T00480,account,A0077,INITIATED_BY,2024-02-09T08:32:51.163067,{}
R01127,transaction,T00480,merchant,M0003,PURCHASED_AT,2024-02-09T08:32:51.163067,{}
R01128,transaction,T00481,account,A0124,INITIATED_BY,2024-05-07T05:10:16.518809,{}
R01129,transaction,T00481,merchant,M0006,PURCHASED_AT,2024-05-07T05:10:16.518809,{}
R01130,transaction,T00482,account,A0077,INITIATED_BY,2024-01-15T04:54:20.908400,{}
R01131,transaction,T00482,merchant,M0002,PURCHASED_AT,2024-01-15T04:54:20.908400,{}
R01132,transaction,T00483,account,A0086,INITIATED_BY,2024-06-17T08:59:20.359146,{}
R01133,transaction,T00483,merchant,M0012,PURCHASED_AT,2024-06-17T08:59:20.359146,{}
R01134,transaction,T00484,account,A0059,INITIATED_BY,2024-01-03T01:40:15.423246,{}
R01135,transaction,T00484,merchant,M0024,PURCHASED_AT,2024-01-03T01:40:15.423246,{}
R01136,transaction,T00485,account,A0135,INITIATED_BY,2024-02-29T03:45:23.725921,{}
R01137,transaction,T00485,merchant,M0002,PURCHASED_AT,2024-02-29T03:45:23.725921,{}
R01138,transaction,T00486,account,A0101,INITIATED_BY,2024-01-17T07:19:13.245076,{}
R01139,transaction,T00486,merchant,M0015,PURCHASED_AT,2024-01-17T07:19:13.245076,{}
R01140,transaction,T00487,account,A0101,INITIATED_BY,2024-03-13T06:05:13.218835,{}
R01141,transaction,T00487,merchant,M0005,PURCHASED_AT,2024-03-13T06:05:13.218835,{}
R01142,transaction,T00488,account,A0112,INITIATED_BY,2024-03-28T01:07:38.454902,{}
R01143,transaction,T00488,merchant,M0025,PURCHASED_AT,2024-03-28T01:07:38.454902,{}
R01144,transaction,T00489,account,A0147,INITIATED_BY,2024-02-18T04:37:14.887101,{}
R01145,transaction,T00489,merchant,M0007,PURCHASED_AT,2024-02-18T04:37:14.887101,{}
R01146,transaction,T00490,account,A0148,INITIATED_BY,2024-03-07T02:43:21.530771,{}
R01147,transaction,T00490,merchant,M0003,PURCHASED_AT,2024-03-07T02:43:21.530771,{}
R01148,transaction,T00491,account,A0007,INITIATED_BY,2024-01-09T02:56:53.092485,{}
R01149,transaction,T00491,merchant,M0025,PURCHASED_AT,2024-01-09T02:56:53.092485,{}
R01150,transaction,T00492,account,A0096,INITIATED_BY,2024-01-05T02:49:04.123981,{}
R01151,transaction,T00492,merchant,M0005,PURCHASED_AT,2024-01-05T02:49:04.123981,{}
R01152,transaction,T00493,account,A0055,INITIATED_BY,2024-04-09T07:59:14.777158,{}
R01153,transaction,T00493,merchant,M0007,PURCHASED_AT,2024-04-09T07:59:14.777158,{}
R01154,transaction,T00494,account,A0037,INITIATED_BY,2024-01-08T20:53:09.026080,{}
R01155,transaction,T00494,merchant,M0023,PURCHASED_AT,2024-01-08T20:53:09.026080,{}
R01156,transaction,T00495,account,A0052,INITIATED_BY,2024-03-25T03:47:23.262477,{}
R01157,transaction,T00495,merchant,M0026,PURCHASED_AT,2024-03-25T03:47:23.262477,{}
R01158,transaction,T00496,account,A0070,INITIATED_BY,2024-06-05T10:26:31.906840,{}
R01159,transaction,T00496,merchant,M0022,PURCHASED_AT,2024-06-05T10:26:31.906840,{}
R01160,transaction,T00497,account,A0099,INITIATED_BY,2024-05-08T10:53:17.303886,{}
R01161,transaction,T00497,merchant,M0008,PURCHASED_AT,2024-05-08T10:53:17.303886,{}
R01162,transaction,T00498,account,A0137,INITIATED_BY,2024-03-23T21:29:32.361972,{}
R01163,transaction,T00498,merchant,M0003,PURCHASED_AT,2024-03-23T21:29:32.361972,{}
R01164,transaction,T00499,account,A0136,INITIATED_BY,2024-01-29T10:01:50.910840,{}
R01165,transaction,T00499,merchant,M0010,PURCHASED_AT,2024-01-29T10:01:50.910840,{}
R01166,transaction,T00500,account,A0091,INITIATED_BY,2024-01-12T05:22:12.443291,{}
R01167,transaction,T00500,merchant,M0021,PURCHASED_AT,2024-01-12T05:22:12.443291,{}
R01168,transaction,T00501,account,A0008,INITIATED_BY,2024-03-02T20:43:08.572705,{}
R01169,transaction,T00501,merchant,M0018,PURCHASED_AT,2024-03-02T20:43:08.572705,{}
R01170,transaction,T00502,account,A0023,INITIATED_BY,2024-02-11T03:56:49.682596,{}
R01171,transaction,T00502,merchant,M0024,PURCHASED_AT,2024-02-11T03:56:49.682596,{}
R01172,transaction,T00503,account,A0110,INITIATED_BY,2024-04-08T03:27:48.294858,{}
R01173,transaction,T00503,merchant,M0010,PURCHASED_AT,2024-04-08T03:27:48.294858,{}
R01174,transaction,T00504,account,A0149,INITIATED_BY,2024-01-25T23:56:53.819029,{}
R01175,transaction,T00504,merchant,M0018,PURCHASED_AT,2024-01-25T23:56:53.819029,{}
R01176,transaction,T00505,account,A0111,INITIATED_BY,2024-06-20T16:43:30.701034,{}
R01177,transaction,T00505,merchant,M0030,PURCHASED_AT,2024-06-20T16:43:30.701034,{}
R01178,transaction,T00506,account,A0038,INITIATED_BY,2024-06-25T02:15:37.355624,{}
R01179,transaction,T00506,merchant,M0024,PURCHASED_AT,2024-06-25T02:15:37.355624,{}
R01180,transaction,T00507,account,A0071,INITIATED_BY,2024-02-03T10:32:19.612032,{}
R01181,transaction,T00507,merchant,M0005,PURCHASED_AT,2024-02-03T10:32:19.612032,{}
R01182,transaction,T00508,account,A0146,INITIATED_BY,2024-05-04T09:58:10.319573,{}
R01183,transaction,T00508,merchant,M0020,PURCHASED_AT,2024-05-04T09:58:10.319573,{}
R01184,transaction,T00509,account,A0123,INITIATED_BY,2024-05-08T21:00:39.930950,{}
R01185,transaction,T00509,merchant,M0005,PURCHASED_AT,2024-05-08T21:00:39.930950,{}
R01186,transaction,T00510,account,A0100,INITIATED_BY,2024-02-10T22:55:48.622835,{}
R01187,transaction,T00510,merchant,M0016,PURCHASED_AT,2024-02-10T22:55:48.622835,{}
R01188,transaction,T00511,account,A0004,INITIATED_BY,2024-05-14T08:50:26.801749,{}
R01189,transaction,T00511,merchant,M0030,PURCHASED_AT,2024-05-14T08:50:26.801749,{}
R01190,transaction,T00512,account,A0017,INITIATED_BY,2024-02-28T19:20:47.770212,{}
R01191,transaction,T00512,merchant,M0006,PURCHASED_AT,2024-02-28T19:20:47.770212,{}
R01192,transaction,T00513,account,A0110,INITIATED_BY,2024-05-29T04:52:59.045651,{}
R01193,transaction,T00513,merchant,M0013,PURCHASED_AT,2024-05-29T04:52:59.045651,{}
R01194,transaction,T00514,account,A0147,INITIATED_BY,2024-05-07T10:39:53.710033,{}
R01195,transaction,T00514,merchant,M0020,PURCHASED_AT,2024-05-07T10:39:53.710033,{}
R01196,transaction,T00515,account,A0116,INITIATED_BY,2024-04-10T22:39:10.533562,{}
R01197,transaction,T00515,merchant,M0015,PURCHASED_AT,2024-04-10T22:39:10.533562,{}
R01198,transaction,T00516,account,A0013,INITIATED_BY,2024-02-25T02:58:59.585303,{}
R01199,transaction,T00516,merchant,M0007,PURCHASED_AT,2024-02-25T02:58:59.585303,{}
R01200,transaction,T00517,account,A0109,INITIATED_BY,2024-04-03T13:42:58.178722,{}
R01201,transaction,T00517,merchant,M0010,PURCHASED_AT,2024-04-03T13:42:58.178722,{}
R01202,transaction,T00518,account,A0116,INITIATED_BY,2024-05-20T22:48:29.089114,{}
R01203,transaction,T00518,merchant,M0003,PURCHASED_AT,2024-05-20T22:48:29.089114,{}
R01204,transaction,T00519,account,A0106,INITIATED_BY,2024-04-16T20:19:49.528770,{}
R01205,transaction,T00519,merchant,M0011,PURCHASED_AT,2024-04-16T20:19:49.528770,{}
R01206,transaction,T00520,account,A0024,INITIATED_BY,2024-05-08T18:37:28.469744,{}
R01207,transaction,T00520,merchant,M0009,PURCHASED_AT,2024-05-08T18:37:28.469744,{}
R01208,transaction,T00521,account,A0032,INITIATED_BY,2024-03-06T16:37:33.896997,{}
R01209,transaction,T00521,merchant,M0003,PURCHASED_AT,2024-03-06T16:37:33.896997,{}
R01210,transaction,T00522,account,A0131,INITIATED_BY,2024-03-09T21:21:24.653630,{}
R01211,transaction,T00522,merchant,M0020,PURCHASED_AT,2024-03-09T21:21:24.653630,{}
R01212,transaction,T00523,account,A0145,INITIATED_BY,2024-06-06T06:08:51.816499,{}
R01213,transaction,T00523,merchant,M0028,PURCHASED_AT,2024-06-06T06:08:51.816499,{}
R01214,transaction,T00524,account,A0014,INITIATED_BY,2024-06-22T22:26:12.470209,{}
R01215,transaction,T00524,merchant,M0014,PURCHASED_AT,2024-06-22T22:26:12.470209,{}
R01216,transaction,T00525,account,A0031,INITIATED_BY,2024-04-22T16:24:07.433197,{}
R01217,transaction,T00525,merchant,M0029,PURCHASED_AT,2024-04-22T16:24:07.433197,{}
R01218,transaction,T00526,account,A0128,INITIATED_BY,2024-04-20T01:04:55.906944,{}
R01219,transaction,T00526,merchant,M0028,PURCHASED_AT,2024-04-20T01:04:55.906944,{}
R01220,transaction,T00527,account,A0122,INITIATED_BY,2024-04-18T14:50:36.747816,{}
R01221,transaction,T00527,merchant,M0015,PURCHASED_AT,2024-04-18T14:50:36.747816,{}
R01222,transaction,T00528,account,A0072,INITIATED_BY,2024-02-07T13:58:39.858934,{}
R01223,transaction,T00528,merchant,M0020,PURCHASED_AT,2024-02-07T13:58:39.858934,{}
R01224,transaction,T00529,account,A0090,INITIATED_BY,2024-02-29T22:20:47.635482,{}
R01225,transaction,T00529,merchant,M0002,PURCHASED_AT,2024-02-29T22:20:47.635482,{}
R01226,transaction,T00530,account,A0107,INITIATED_BY,2024-04-29T15:03:23.439437,{}
R01227,transaction,T00530,merchant,M0006,PURCHASED_AT,2024-04-29T15:03:23.439437,{}
R01228,transaction,T00531,account,A0144,INITIATED_BY,2024-05-19T02:24:57.794977,{}
R01229,transaction,T00531,merchant,M0006,PURCHASED_AT,2024-05-19T02:24:57.794977,{}
R01230,transaction,T00532,account,A0098,INITIATED_BY,2024-04-09T15:14:46.981470,{}
R01231,transaction,T00532,merchant,M0027,PURCHASED_AT,2024-04-09T15:14:46.981470,{}
R01232,transaction,T00533,account,A0032,INITIATED_BY,2024-03-15T21:21:51.688374,{}
R01233,transaction,T00533,merchant,M0023,PURCHASED_AT,2024-03-15T21:21:51.688374,{}
R01234,transaction,T00534,account,A0015,INITIATED_BY,2024-05-11T01:22:40.997688,{}
R01235,transaction,T00534,merchant,M0004,PURCHASED_AT,2024-05-11T01:22:40.997688,{}
R01236,transaction,T00535,account,A0074,INITIATED_BY,2024-04-05T02:17:58.138226,{}
R01237,transaction,T00535,merchant,M0014,PURCHASED_AT,2024-04-05T02:17:58.138226,{}
R01238,transaction,T00536,account,A0034,INITIATED_BY,2024-04-24T08:47:22.009079,{}
R01239,transaction,T00536,merchant,M0020,PURCHASED_AT,2024-04-24T08:47:22.009079,{}
R01240,transaction,T00537,account,A0060,INITIATED_BY,2024-01-22T09:29:30.451933,{}
R01241,transaction,T00537,merchant,M0023,PURCHASED_AT,2024-01-22T09:29:30.451933,{}
R01242,transaction,T00538,account,A0031,INITIATED_BY,2024-03-01T09:59:36.830834,{}
R01243,transaction,T00538,merchant,M0024,PURCHASED_AT,2024-03-01T09:59:36.830834,{}
R01244,transaction,T00539,account,A0055,INITIATED_BY,2024-02-16T01:11:22.978837,{}
R01245,transaction,T00539,merchant,M0001,PURCHASED_AT,2024-02-16T01:11:22.978837,{}
R01246,transaction,T00540,account,A0130,INITIATED_BY,2024-05-11T02:46:44.458936,{}
R01247,transaction,T00540,merchant,M0018,PURCHASED_AT,2024-05-11T02:46:44.458936,{}
R01248,transaction,T00541,account,A0045,INITIATED_BY,2024-05-01T17:13:21.096473,{}
R01249,transaction,T00541,merchant,M0007,PURCHASED_AT,2024-05-01T17:13:21.096473,{}
R01250,transaction,T00542,account,A0035,INITIATED_BY,2024-06-05T14:32:04.483160,{}
R01251,transaction,T00542,merchant,M0016,PURCHASED_AT,2024-06-05T14:32:04.483160,{}
R01252,transaction,T00543,account,A0106,INITIATED_BY,2024-02-24T04:20:57.247445,{}
R01253,transaction,T00543,merchant,M0030,PURCHASED_AT,2024-02-24T04:20:57.247445,{}
R01254,transaction,T00544,account,A0005,INITIATED_BY,2024-06-14T19:54:50.196533,{}
R01255,transaction,T00544,merchant,M0007,PURCHASED_AT,2024-06-14T19:54:50.196533,{}
R01256,transaction,T00545,account,A0039,INITIATED_BY,2024-03-08T22:02:45.376896,{}
R01257,transaction,T00545,merchant,M0009,PURCHASED_AT,2024-03-08T22:02:45.376896,{}
R01258,transaction,T00546,account,A0147,INITIATED_BY,2024-06-05T11:47:41.969550,{}
R01259,transaction,T00546,merchant,M0020,PURCHASED_AT,2024-06-05T11:47:41.969550,{}
R01260,transaction,T00547,account,A0081,INITIATED_BY,2024-03-30T23:12:16.066869,{}
R01261,transaction,T00547,merchant,M0023,PURCHASED_AT,2024-03-30T23:12:16.066869,{}
R01262,transaction,T00548,account,A0078,INITIATED_BY,2024-03-08T17:35:34.657121,{}
R01263,transaction,T00548,merchant,M0007,PURCHASED_AT,2024-03-08T17:35:34.657121,{}
R01264,transaction,T00549,account,A0024,INITIATED_BY,2024-06-12T19:07:40.792464,{}
R01265,transaction,T00549,merchant,M0015,PURCHASED_AT,2024-06-12T19:07:40.792464,{}
R01266,transaction,T00550,account,A0124,INITIATED_BY,2024-02-29T05:57:21.821296,{}
R01267,transaction,T00550,merchant,M0024,PURCHASED_AT,2024-02-29T05:57:21.821296,{}
R01268,transaction,T00551,account,A0133,INITIATED_BY,2024-06-05T12:44:07.869794,{}
R01269,transaction,T00551,merchant,M0022,PURCHASED_AT,2024-06-05T12:44:07.869794,{}
R01270,transaction,T00552,account,A0012,INITIATED_BY,2024-01-19T15:52:43.288237,{}
R01271,transaction,T00552,merchant,M0022,PURCHASED_AT,2024-01-19T15:52:43.288237,{}
R01272,transaction,T00553,account,A0080,INITIATED_BY,2024-02-04T20:25:05.730687,{}
R01273,transaction,T00553,merchant,M0021,PURCHASED_AT,2024-02-04T20:25:05.730687,{}
R01274,transaction,T00554,account,A0113,INITIATED_BY,2024-02-19T12:40:43.075523,{}
R01275,transaction,T00554,merchant,M0022,PURCHASED_AT,2024-02-19T12:40:43.075523,{}
R01276,transaction,T00555,account,A0144,INITIATED_BY,2024-04-09T10:26:39.889813,{}
R01277,transaction,T00555,merchant,M0017,PURCHASED_AT,2024-04-09T10:26:39.889813,{}
R01278,transaction,T00556,account,A0073,INITIATED_BY,2024-04-21T00:00:50.277576,{}
R01279,transaction,T00556,merchant,M0019,PURCHASED_AT,2024-04-21T00:00:50.277576,{}
R01280,transaction,T00557,account,A0013,INITIATED_BY,2024-01-16T14:06:12.447160,{}
R01281,transaction,T00557,merchant,M0005,PURCHASED_AT,2024-01-16T14:06:12.447160,{}
R01282,transaction,T00558,account,A0115,INITIATED_BY,2024-02-05T20:45:04.207657,{}
R01283,transaction,T00558,merchant,M0020,PURCHASED_AT,2024-02-05T20:45:04.207657,{}
R01284,transaction,T00559,account,A0120,INITIATED_BY,2024-03-23T11:03:27.495806,{}
R01285,transaction,T00559,merchant,M0019,PURCHASED_AT,2024-03-23T11:03:27.495806,{}
R01286,transaction,T00560,account,A0058,INITIATED_BY,2024-06-14T05:28:15.012407,{}
R01287,transaction,T00560,merchant,M0005,PURCHASED_AT,2024-06-14T05:28:15.012407,{}
R01288,transaction,T00561,account,A0085,INITIATED_BY,2024-03-29T05:43:45.286624,{}
R01289,transaction,T00561,merchant,M0026,PURCHASED_AT,2024-03-29T05:43:45.286624,{}
R01290,transaction,T00562,account,A0090,INITIATED_BY,2024-05-18T23:56:16.584498,{}
R01291,transaction,T00562,merchant,M0016,PURCHASED_AT,2024-05-18T23:56:16.584498,{}
R01292,transaction,T00563,account,A0131,INITIATED_BY,2024-01-20T08:43:36.280521,{}
R01293,transaction,T00563,merchant,M0004,PURCHASED_AT,2024-01-20T08:43:36.280521,{}
R01294,transaction,T00564,account,A0078,INITIATED_BY,2024-02-13T04:22:15.843115,{}
R01295,transaction,T00564,merchant,M0018,PURCHASED_AT,2024-02-13T04:22:15.843115,{}
R01296,transaction,T00565,account,A0124,INITIATED_BY,2024-05-05T14:59:45.724618,{}
R01297,transaction,T00565,merchant,M0013,PURCHASED_AT,2024-05-05T14:59:45.724618,{}
R01298,transaction,T00566,account,A0112,INITIATED_BY,2024-02-12T17:51:15.704524,{}
R01299,transaction,T00566,merchant,M0019,PURCHASED_AT,2024-02-12T17:51:15.704524,{}
R01300,transaction,T00567,account,A0147,INITIATED_BY,2024-03-24T18:52:27.259143,{}
R01301,transaction,T00567,merchant,M0027,PURCHASED_AT,2024-03-24T18:52:27.259143,{}
R01302,transaction,T00568,account,A0114,INITIATED_BY,2024-04-18T06:50:16.385446,{}
R01303,transaction,T00568,merchant,M0006,PURCHASED_AT,2024-04-18T06:50:16.385446,{}
R01304,transaction,T00569,account,A0098,INITIATED_BY,2024-01-17T09:16:31.342770,{}
R01305,transaction,T00569,merchant,M0011,PURCHASED_AT,2024-01-17T09:16:31.342770,{}
R01306,transaction,T00570,account,A0001,INITIATED_BY,2024-04-06T03:46:31.032304,{}
R01307,transaction,T00570,merchant,M0025,PURCHASED_AT,2024-04-06T03:46:31.032304,{}
R01308,transaction,T00571,account,A0115,INITIATED_BY,2024-05-03T00:00:14.333375,{}
R01309,transaction,T00571,merchant,M0007,PURCHASED_AT,2024-05-03T00:00:14.333375,{}
R01310,transaction,T00572,account,A0089,INITIATED_BY,2024-04-02T09:16:52.794931,{}
R01311,transaction,T00572,merchant,M0003,PURCHASED_AT,2024-04-02T09:16:52.794931,{}
R01312,transaction,T00573,account,A0016,INITIATED_BY,2024-04-23T03:55:51.362602,{}
R01313,transaction,T00573,merchant,M0012,PURCHASED_AT,2024-04-23T03:55:51.362602,{}
R01314,transaction,T00574,account,A0112,INITIATED_BY,2024-01-26T04:06:54.549181,{}
R01315,transaction,T00574,merchant,M0018,PURCHASED_AT,2024-01-26T04:06:54.549181,{}
R01316,transaction,T00575,account,A0093,INITIATED_BY,2024-06-06T23:09:49.839402,{}
R01317,transaction,T00575,merchant,M0027,PURCHASED_AT,2024-06-06T23:09:49.839402,{}
R01318,transaction,T00576,account,A0019,INITIATED_BY,2024-06-28T05:30:19.572771,{}
R01319,transaction,T00576,merchant,M0021,PURCHASED_AT,2024-06-28T05:30:19.572771,{}
R01320,transaction,T00577,account,A0107,INITIATED_BY,2024-04-19T09:38:30.491358,{}
R01321,transaction,T00577,merchant,M0028,PURCHASED_AT,2024-04-19T09:38:30.491358,{}
R01322,transaction,T00578,account,A0117,INITIATED_BY,2024-03-10T15:12:02.643313,{}
R01323,transaction,T00578,merchant,M0017,PURCHASED_AT,2024-03-10T15:12:02.643313,{}
R01324,transaction,T00579,account,A0002,INITIATED_BY,2024-05-08T21:29:33.775815,{}
R01325,transaction,T00579,merchant,M0019,PURCHASED_AT,2024-05-08T21:29:33.775815,{}
R01326,transaction,T00580,account,A0140,INITIATED_BY,2024-01-21T11:35:09.677786,{}
R01327,transaction,T00580,merchant,M0019,PURCHASED_AT,2024-01-21T11:35:09.677786,{}
R01328,transaction,T00581,account,A0021,INITIATED_BY,2024-06-04T13:01:09.343071,{}
R01329,transaction,T00581,merchant,M0005,PURCHASED_AT,2024-06-04T13:01:09.343071,{}
R01330,transaction,T00582,account,A0021,INITIATED_BY,2024-06-22T20:01:32.116738,{}
R01331,transaction,T00582,merchant,M0017,PURCHASED_AT,2024-06-22T20:01:32.116738,{}
R01332,transaction,T00583,account,A0139,INITIATED_BY,2024-06-12T13:10:27.927134,{}
R01333,transaction,T00583,merchant,M0026,PURCHASED_AT,2024-06-12T13:10:27.927134,{}
R01334,transaction,T00584,account,A0121,INITIATED_BY,2024-05-12T19:41:25.418775,{}
R01335,transaction,T00584,merchant,M0015,PURCHASED_AT,2024-05-12T19:41:25.418775,{}
R01336,transaction,T00585,account,A0076,INITIATED_BY,2024-04-18T04:07:58.938662,{}
R01337,transaction,T00585,merchant,M0010,PURCHASED_AT,2024-04-18T04:07:58.938662,{}
R01338,transaction,T00586,account,A0145,INITIATED_BY,2024-01-31T14:28:48.801741,{}
R01339,transaction,T00586,merchant,M0009,PURCHASED_AT,2024-01-31T14:28:48.801741,{}
R01340,transaction,T00587,account,A0075,INITIATED_BY,2024-01-14T21:53:22.760411,{}
R01341,transaction,T00587,merchant,M0026,PURCHASED_AT,2024-01-14T21:53:22.760411,{}
R01342,transaction,T00588,account,A0072,INITIATED_BY,2024-04-17T02:38:57.930163,{}
R01343,transaction,T00588,merchant,M0009,PURCHASED_AT,2024-04-17T02:38:57.930163,{}
R01344,transaction,T00589,account,A0095,INITIATED_BY,2024-04-05T10:58:37.866699,{}
R01345,transaction,T00589,merchant,M0026,PURCHASED_AT,2024-04-05T10:58:37.866699,{}
R01346,transaction,T00590,account,A0022,INITIATED_BY,2024-05-31T14:35:46.211879,{}
R01347,transaction,T00590,merchant,M0005,PURCHASED_AT,2024-05-31T14:35:46.211879,{}
R01348,transaction,T00591,account,A0061,INITIATED_BY,2024-02-08T03:57:42.159503,{}
R01349,transaction,T00591,merchant,M0022,PURCHASED_AT,2024-02-08T03:57:42.159503,{}
R01350,transaction,T00592,account,A0068,INITIATED_BY,2024-03-27T04:54:01.978131,{}
R01351,transaction,T00592,merchant,M0025,PURCHASED_AT,2024-03-27T04:54:01.978131,{}
R01352,transaction,T00593,account,A0100,INITIATED_BY,2024-03-19T16:29:09.341106,{}
R01353,transaction,T00593,merchant,M0016,PURCHASED_AT,2024-03-19T16:29:09.341106,{}
R01354,transaction,T00594,account,A0115,INITIATED_BY,2024-06-15T02:32:29.546777,{}
R01355,transaction,T00594,merchant,M0013,PURCHASED_AT,2024-06-15T02:32:29.546777,{}
R01356,transaction,T00595,account,A0111,INITIATED_BY,2024-01-18T18:54:51.727850,{}
R01357,transaction,T00595,merchant,M0020,PURCHASED_AT,2024-01-18T18:54:51.727850,{}
R01358,transaction,T00596,account,A0062,INITIATED_BY,2024-04-04T02:40:22.393558,{}
R01359,transaction,T00596,merchant,M0024,PURCHASED_AT,2024-04-04T02:40:22.393558,{}
R01360,transaction,T00597,account,A0003,INITIATED_BY,2024-05-04T01:48:36.197665,{}
R01361,transaction,T00597,merchant,M0022,PURCHASED_AT,2024-05-04T01:48:36.197665,{}
R01362,transaction,T00598,account,A0073,INITIATED_BY,2024-06-21T00:55:26.540308,{}
R01363,transaction,T00598,merchant,M0009,PURCHASED_AT,2024-06-21T00:55:26.540308,{}
R01364,transaction,T00599,account,A0031,INITIATED_BY,2024-04-28T19:22:41.764764,{}
R01365,transaction,T00599,merchant,M0003,PURCHASED_AT,2024-04-28T19:22:41.764764,{}
R01366,transaction,T00600,account,A0048,INITIATED_BY,2024-02-23T07:36:21.854630,{}
R01367,transaction,T00600,merchant,M0029,PURCHASED_AT,2024-02-23T07:36:21.854630,{}
R01368,transaction,T00601,account,A0071,INITIATED_BY,2024-05-19T08:21:39.354352,{}
R01369,transaction,T00601,merchant,M0025,PURCHASED_AT,2024-05-19T08:21:39.354352,{}
R01370,transaction,T00602,account,A0019,INITIATED_BY,2024-03-01T05:03:07.837630,{}
R01371,transaction,T00602,merchant,M0009,PURCHASED_AT,2024-03-01T05:03:07.837630,{}
R01372,transaction,T00603,account,A0068,INITIATED_BY,2024-06-17T01:46:43.966276,{}
R01373,transaction,T00603,merchant,M0006,PURCHASED_AT,2024-06-17T01:46:43.966276,{}
R01374,transaction,T00604,account,A0126,INITIATED_BY,2024-06-14T04:22:28.070479,{}
R01375,transaction,T00604,merchant,M0004,PURCHASED_AT,2024-06-14T04:22:28.070479,{}
R01376,transaction,T00605,account,A0019,INITIATED_BY,2024-03-21T16:54:41.887047,{}
R01377,transaction,T00605,merchant,M0003,PURCHASED_AT,2024-03-21T16:54:41.887047,{}
R01378,transaction,T00606,account,A0001,INITIATED_BY,2024-01-28T10:34:58.320464,{}
R01379,transaction,T00606,merchant,M0030,PURCHASED_AT,2024-01-28T10:34:58.320464,{}
R01380,transaction,T00607,account,A0148,INITIATED_BY,2024-03-29T19:30:41.571800,{}
R01381,transaction,T00607,merchant,M0001,PURCHASED_AT,2024-03-29T19:30:41.571800,{}
R01382,transaction,T00608,account,A0018,INITIATED_BY,2024-05-04T18:09:04.046007,{}
R01383,transaction,T00608,merchant,M0018,PURCHASED_AT,2024-05-04T18:09:04.046007,{}
R01384,transaction,T00609,account,A0138,INITIATED_BY,2024-02-24T19:29:06.591325,{}
R01385,transaction,T00609,merchant,M0030,PURCHASED_AT,2024-02-24T19:29:06.591325,{}
R01386,transaction,T00610,account,A0024,INITIATED_BY,2024-01-15T13:30:15.381452,{}
R01387,transaction,T00610,merchant,M0012,PURCHASED_AT,2024-01-15T13:30:15.381452,{}
R01388,transaction,T00611,account,A0075,INITIATED_BY,2024-06-24T02:52:34.683266,{}
R01389,transaction,T00611,merchant,M0021,PURCHASED_AT,2024-06-24T02:52:34.683266,{}
R01390,transaction,T00612,account,A0100,INITIATED_BY,2024-03-20T06:36:05.065444,{}
R01391,transaction,T00612,merchant,M0029,PURCHASED_AT,2024-03-20T06:36:05.065444,{}
R01392,transaction,T00613,account,A0050,INITIATED_BY,2024-03-29T13:13:34.317391,{}
R01393,transaction,T00613,merchant,M0001,PURCHASED_AT,2024-03-29T13:13:34.317391,{}
R01394,transaction,T00614,account,A0079,INITIATED_BY,2024-03-22T07:47:26.929232,{}
R01395,transaction,T00614,merchant,M0016,PURCHASED_AT,2024-03-22T07:47:26.929232,{}
R01396,transaction,T00615,account,A0015,INITIATED_BY,2024-05-02T17:34:12.234189,{}
R01397,transaction,T00615,merchant,M0011,PURCHASED_AT,2024-05-02T17:34:12.234189,{}
R01398,transaction,T00616,account,A0149,INITIATED_BY,2024-03-26T06:58:41.152625,{}
R01399,transaction,T00616,merchant,M0008,PURCHASED_AT,2024-03-26T06:58:41.152625,{}
R01400,transaction,T00617,account,A0034,INITIATED_BY,2024-03-23T13:39:57.138025,{}
R01401,transaction,T00617,merchant,M0001,PURCHASED_AT,2024-03-23T13:39:57.138025,{}
R01402,transaction,T00618,account,A0017,INITIATED_BY,2024-04-17T16:34:54.683995,{}
R01403,transaction,T00618,merchant,M0027,PURCHASED_AT,2024-04-17T16:34:54.683995,{}
R01404,transaction,T00619,account,A0052,INITIATED_BY,2024-05-13T13:33:39.537600,{}
R01405,transaction,T00619,merchant,M0014,PURCHASED_AT,2024-05-13T13:33:39.537600,{}
R01406,transaction,T00620,account,A0148,INITIATED_BY,2024-04-17T08:21:44.421154,{}
R01407,transaction,T00620,merchant,M0018,PURCHASED_AT,2024-04-17T08:21:44.421154,{}
R01408,transaction,T00621,account,A0071,INITIATED_BY,2024-03-07T22:57:51.766698,{}
R01409,transaction,T00621,merchant,M0005,PURCHASED_AT,2024-03-07T22:57:51.766698,{}
R01410,transaction,T00622,account,A0149,INITIATED_BY,2024-01-29T13:16:54.858303,{}
R01411,transaction,T00622,merchant,M0002,PURCHASED_AT,2024-01-29T13:16:54.858303,{}
R01412,transaction,T00623,account,A0002,INITIATED_BY,2024-05-05T12:34:45.562869,{}
R01413,transaction,T00623,merchant,M0006,PURCHASED_AT,2024-05-05T12:34:45.562869,{}
R01414,transaction,T00624,account,A0053,INITIATED_BY,2024-03-15T13:51:50.665065,{}
R01415,transaction,T00624,merchant,M0005,PURCHASED_AT,2024-03-15T13:51:50.665065,{}
R01416,transaction,T00625,account,A0010,INITIATED_BY,2024-06-21T00:05:41.245822,{}
R01417,transaction,T00625,merchant,M0020,PURCHASED_AT,2024-06-21T00:05:41.245822,{}
R01418,transaction,T00626,account,A0002,INITIATED_BY,2024-04-05T23:11:04.368882,{}
R01419,transaction,T00626,merchant,M0018,PURCHASED_AT,2024-04-05T23:11:04.368882,{}
R01420,transaction,T00627,account,A0139,INITIATED_BY,2024-04-29T08:07:01.833802,{}
R01421,transaction,T00627,merchant,M0017,PURCHASED_AT,2024-04-29T08:07:01.833802,{}
R01422,transaction,T00628,account,A0029,INITIATED_BY,2024-01-29T21:59:44.427499,{}
R01423,transaction,T00628,merchant,M0026,PURCHASED_AT,2024-01-29T21:59:44.427499,{}
R01424,transaction,T00629,account,A0094,INITIATED_BY,2024-04-21T15:27:47.730231,{}
R01425,transaction,T00629,merchant,M0010,PURCHASED_AT,2024-04-21T15:27:47.730231,{}
R01426,transaction,T00630,account,A0014,INITIATED_BY,2024-01-06T06:15:33.617175,{}
R01427,transaction,T00630,merchant,M0030,PURCHASED_AT,2024-01-06T06:15:33.617175,{}
R01428,transaction,T00631,account,A0061,INITIATED_BY,2024-03-16T20:25:26.021774,{}
R01429,transaction,T00631,merchant,M0024,PURCHASED_AT,2024-03-16T20:25:26.021774,{}
R01430,transaction,T00632,account,A0029,INITIATED_BY,2024-03-15T16:18:52.800368,{}
R01431,transaction,T00632,merchant,M0011,PURCHASED_AT,2024-03-15T16:18:52.800368,{}
R01432,transaction,T00633,account,A0057,INITIATED_BY,2024-06-10T04:17:00.736243,{}
R01433,transaction,T00633,merchant,M0003,PURCHASED_AT,2024-06-10T04:17:00.736243,{}
R01434,transaction,T00634,account,A0117,INITIATED_BY,2024-05-10T06:54:12.106210,{}
R01435,transaction,T00634,merchant,M0006,PURCHASED_AT,2024-05-10T06:54:12.106210,{}
R01436,transaction,T00635,account,A0052,INITIATED_BY,2024-01-11T19:07:37.452329,{}
R01437,transaction,T00635,merchant,M0011,PURCHASED_AT,2024-01-11T19:07:37.452329,{}
R01438,transaction,T00636,account,A0120,INITIATED_BY,2024-02-09T19:02:37.979176,{}
R01439,transaction,T00636,merchant,M0015,PURCHASED_AT,2024-02-09T19:02:37.979176,{}
R01440,transaction,T00637,account,A0044,INITIATED_BY,2024-04-17T01:49:38.297661,{}
R01441,transaction,T00637,merchant,M0019,PURCHASED_AT,2024-04-17T01:49:38.297661,{}
R01442,transaction,T00638,account,A0110,INITIATED_BY,2024-03-19T14:22:35.182167,{}
R01443,transaction,T00638,merchant,M0024,PURCHASED_AT,2024-03-19T14:22:35.182167,{}
R01444,transaction,T00639,account,A0039,INITIATED_BY,2024-06-26T09:55:10.111359,{}
R01445,transaction,T00639,merchant,M0030,PURCHASED_AT,2024-06-26T09:55:10.111359,{}
R01446,transaction,T00640,account,A0130,INITIATED_BY,2024-05-26T13:24:30.844958,{}
R01447,transaction,T00640,merchant,M0002,PURCHASED_AT,2024-05-26T13:24:30.844958,{}
R01448,transaction,T00641,account,A0062,INITIATED_BY,2024-05-12T10:52:46.622141,{}
R01449,transaction,T00641,merchant,M0003,PURCHASED_AT,2024-05-12T10:52:46.622141,{}
R01450,transaction,T00642,account,A0076,INITIATED_BY,2024-03-27T20:10:37.707056,{}
R01451,transaction,T00642,merchant,M0008,PURCHASED_AT,2024-03-27T20:10:37.707056,{}
R01452,transaction,T00643,account,A0118,INITIATED_BY,2024-06-25T17:34:18.701630,{}
R01453,transaction,T00643,merchant,M0028,PURCHASED_AT,2024-06-25T17:34:18.701630,{}
R01454,transaction,T00644,account,A0104,INITIATED_BY,2024-03-25T00:54:03.241572,{}
R01455,transaction,T00644,merchant,M0006,PURCHASED_AT,2024-03-25T00:54:03.241572,{}
R01456,transaction,T00645,account,A0019,INITIATED_BY,2024-01-06T22:06:37.360693,{}
R01457,transaction,T00645,merchant,M0013,PURCHASED_AT,2024-01-06T22:06:37.360693,{}
R01458,transaction,T00646,account,A0139,INITIATED_BY,2024-01-15T15:41:09.875673,{}
R01459,transaction,T00646,merchant,M0019,PURCHASED_AT,2024-01-15T15:41:09.875673,{}
R01460,transaction,T00647,account,A0015,INITIATED_BY,2024-03-07T04:02:27.777909,{}
R01461,transaction,T00647,merchant,M0017,PURCHASED_AT,2024-03-07T04:02:27.777909,{}
R01462,transaction,T00648,account,A0018,INITIATED_BY,2024-06-26T14:33:25.369420,{}
R01463,transaction,T00648,merchant,M0018,PURCHASED_AT,2024-06-26T14:33:25.369420,{}
R01464,transaction,T00649,account,A0123,INITIATED_BY,2024-06-22T14:20:47.788234,{}
R01465,transaction,T00649,merchant,M0024,PURCHASED_AT,2024-06-22T14:20:47.788234,{}
R01466,transaction,T00650,account,A0058,INITIATED_BY,2024-05-03T02:54:17.833954,{}
R01467,transaction,T00650,merchant,M0011,PURCHASED_AT,2024-05-03T02:54:17.833954,{}
R01468,transaction,T00651,account,A0096,INITIATED_BY,2024-05-30T03:36:28.387219,{}
R01469,transaction,T00651,merchant,M0012,PURCHASED_AT,2024-05-30T03:36:28.387219,{}
R01470,transaction,T00652,account,A0137,INITIATED_BY,2024-05-24T18:46:56.636740,{}
R01471,transaction,T00652,merchant,M0029,PURCHASED_AT,2024-05-24T18:46:56.636740,{}
R01472,transaction,T00653,account,A0118,INITIATED_BY,2024-05-06T04:07:28.882343,{}
R01473,transaction,T00653,merchant,M0003,PURCHASED_AT,2024-05-06T04:07:28.882343,{}
R01474,transaction,T00654,account,A0053,INITIATED_BY,2024-06-17T15:23:53.071380,{}
R01475,transaction,T00654,merchant,M0017,PURCHASED_AT,2024-06-17T15:23:53.071380,{}
R01476,transaction,T00655,account,A0114,INITIATED_BY,2024-01-12T09:27:09.595177,{}
R01477,transaction,T00655,merchant,M0024,PURCHASED_AT,2024-01-12T09:27:09.595177,{}
R01478,transaction,T00656,account,A0134,INITIATED_BY,2024-04-28T16:37:25.029289,{}
R01479,transaction,T00656,merchant,M0021,PURCHASED_AT,2024-04-28T16:37:25.029289,{}
R01480,transaction,T00657,account,A0136,INITIATED_BY,2024-04-12T16:08:28.374020,{}
R01481,transaction,T00657,merchant,M0027,PURCHASED_AT,2024-04-12T16:08:28.374020,{}
R01482,transaction,T00658,account,A0067,INITIATED_BY,2024-05-19T07:47:34.289055,{}
R01483,transaction,T00658,merchant,M0008,PURCHASED_AT,2024-05-19T07:47:34.289055,{}
R01484,transaction,T00659,account,A0073,INITIATED_BY,2024-02-02T23:49:35.534846,{}
R01485,transaction,T00659,merchant,M0015,PURCHASED_AT,2024-02-02T23:49:35.534846,{}
R01486,transaction,T00660,account,A0040,INITIATED_BY,2024-02-17T03:12:31.913466,{}
R01487,transaction,T00660,merchant,M0006,PURCHASED_AT,2024-02-17T03:12:31.913466,{}
R01488,transaction,T00661,account,A0009,INITIATED_BY,2024-03-08T11:56:32.935287,{}
R01489,transaction,T00661,merchant,M0022,PURCHASED_AT,2024-03-08T11:56:32.935287,{}
R01490,transaction,T00662,account,A0137,INITIATED_BY,2024-04-27T03:37:39.819687,{}
R01491,transaction,T00662,merchant,M0010,PURCHASED_AT,2024-04-27T03:37:39.819687,{}
R01492,transaction,T00663,account,A0075,INITIATED_BY,2024-06-13T03:29:24.513904,{}
R01493,transaction,T00663,merchant,M0025,PURCHASED_AT,2024-06-13T03:29:24.513904,{}
R01494,transaction,T00664,account,A0029,INITIATED_BY,2024-05-02T17:16:05.576614,{}
R01495,transaction,T00664,merchant,M0024,PURCHASED_AT,2024-05-02T17:16:05.576614,{}
R01496,transaction,T00665,account,A0103,INITIATED_BY,2024-01-17T17:44:16.923770,{}
R01497,transaction,T00665,merchant,M0020,PURCHASED_AT,2024-01-17T17:44:16.923770,{}
R01498,transaction,T00666,account,A0050,INITIATED_BY,2024-05-18T20:15:40.337616,{}
R01499,transaction,T00666,merchant,M0019,PURCHASED_AT,2024-05-18T20:15:40.337616,{}
R01500,transaction,T00667,account,A0138,INITIATED_BY,2024-01-16T19:33:55.492991,{}
R01501,transaction,T00667,merchant,M0028,PURCHASED_AT,2024-01-16T19:33:55.492991,{}
R01502,transaction,T00668,account,A0126,INITIATED_BY,2024-01-11T03:28:15.064749,{}
R01503,transaction,T00668,merchant,M0011,PURCHASED_AT,2024-01-11T03:28:15.064749,{}
R01504,transaction,T00669,account,A0110,INITIATED_BY,2024-03-03T10:20:00.261452,{}
R01505,transaction,T00669,merchant,M0012,PURCHASED_AT,2024-03-03T10:20:00.261452,{}
R01506,transaction,T00670,account,A0144,INITIATED_BY,2024-03-21T02:14:20.236944,{}
R01507,transaction,T00670,merchant,M0003,PURCHASED_AT,2024-03-21T02:14:20.236944,{}
R01508,transaction,T00671,account,A0109,INITIATED_BY,2024-02-07T14:36:46.032512,{}
R01509,transaction,T00671,merchant,M0024,PURCHASED_AT,2024-02-07T14:36:46.032512,{}
R01510,transaction,T00672,account,A0135,INITIATED_BY,2024-03-15T02:41:49.253069,{}
R01511,transaction,T00672,merchant,M0011,PURCHASED_AT,2024-03-15T02:41:49.253069,{}
R01512,transaction,T00673,account,A0143,INITIATED_BY,2024-01-25T18:48:39.821018,{}
R01513,transaction,T00673,merchant,M0015,PURCHASED_AT,2024-01-25T18:48:39.821018,{}
R01514,transaction,T00674,account,A0075,INITIATED_BY,2024-02-24T15:51:25.758558,{}
R01515,transaction,T00674,merchant,M0018,PURCHASED_AT,2024-02-24T15:51:25.758558,{}
R01516,transaction,T00675,account,A0144,INITIATED_BY,2024-01-01T10:37:42.081664,{}
R01517,transaction,T00675,merchant,M0024,PURCHASED_AT,2024-01-01T10:37:42.081664,{}
R01518,transaction,T00676,account,A0121,INITIATED_BY,2024-03-16T12:07:44.465775,{}
R01519,transaction,T00676,merchant,M0004,PURCHASED_AT,2024-03-16T12:07:44.465775,{}
R01520,transaction,T00677,account,A0063,INITIATED_BY,2024-06-28T23:22:56.468907,{}
R01521,transaction,T00677,merchant,M0001,PURCHASED_AT,2024-06-28T23:22:56.468907,{}
R01522,transaction,T00678,account,A0093,INITIATED_BY,2024-02-16T16:22:03.792673,{}
R01523,transaction,T00678,merchant,M0019,PURCHASED_AT,2024-02-16T16:22:03.792673,{}
R01524,transaction,T00679,account,A0031,INITIATED_BY,2024-06-01T23:53:47.816447,{}
R01525,transaction,T00679,merchant,M0012,PURCHASED_AT,2024-06-01T23:53:47.816447,{}
R01526,transaction,T00680,account,A0038,INITIATED_BY,2024-03-05T16:28:56.859443,{}
R01527,transaction,T00680,merchant,M0011,PURCHASED_AT,2024-03-05T16:28:56.859443,{}
R01528,transaction,T00681,account,A0108,INITIATED_BY,2024-02-22T11:08:07.160906,{}
R01529,transaction,T00681,merchant,M0021,PURCHASED_AT,2024-02-22T11:08:07.160906,{}
R01530,transaction,T00682,account,A0020,INITIATED_BY,2024-05-18T09:48:38.386814,{}
R01531,transaction,T00682,merchant,M0017,PURCHASED_AT,2024-05-18T09:48:38.386814,{}
R01532,transaction,T00683,account,A0140,INITIATED_BY,2024-05-04T01:34:03.062424,{}
R01533,transaction,T00683,merchant,M0011,PURCHASED_AT,2024-05-04T01:34:03.062424,{}
R01534,transaction,T00684,account,A0149,INITIATED_BY,2024-03-28T18:24:04.908724,{}
R01535,transaction,T00684,merchant,M0012,PURCHASED_AT,2024-03-28T18:24:04.908724,{}
R01536,transaction,T00685,account,A0042,INITIATED_BY,2024-05-30T12:21:19.879184,{}
R01537,transaction,T00685,merchant,M0004,PURCHASED_AT,2024-05-30T12:21:19.879184,{}
R01538,transaction,T00686,account,A0135,INITIATED_BY,2024-05-16T21:23:47.379756,{}
R01539,transaction,T00686,merchant,M0028,PURCHASED_AT,2024-05-16T21:23:47.379756,{}
R01540,transaction,T00687,account,A0020,INITIATED_BY,2024-03-06T14:59:52.258605,{}
R01541,transaction,T00687,merchant,M0004,PURCHASED_AT,2024-03-06T14:59:52.258605,{}
R01542,transaction,T00688,account,A0134,INITIATED_BY,2024-01-22T11:11:05.616075,{}
R01543,transaction,T00688,merchant,M0025,PURCHASED_AT,2024-01-22T11:11:05.616075,{}
R01544,transaction,T00689,account,A0037,INITIATED_BY,2024-01-24T13:40:05.118315,{}
R01545,transaction,T00689,merchant,M0023,PURCHASED_AT,2024-01-24T13:40:05.118315,{}
R01546,transaction,T00690,account,A0029,INITIATED_BY,2024-03-19T01:20:20.483012,{}
R01547,transaction,T00690,merchant,M0003,PURCHASED_AT,2024-03-19T01:20:20.483012,{}
R01548,transaction,T00691,account,A0132,INITIATED_BY,2024-04-30T19:59:43.525782,{}
R01549,transaction,T00691,merchant,M0019,PURCHASED_AT,2024-04-30T19:59:43.525782,{}
R01550,transaction,T00692,account,A0053,INITIATED_BY,2024-03-04T15:03:44.089741,{}
R01551,transaction,T00692,merchant,M0019,PURCHASED_AT,2024-03-04T15:03:44.089741,{}
R01552,transaction,T00693,account,A0072,INITIATED_BY,2024-03-31T14:45:21.240301,{}
R01553,transaction,T00693,merchant,M0019,PURCHASED_AT,2024-03-31T14:45:21.240301,{}
R01554,transaction,T00694,account,A0146,INITIATED_BY,2024-01-03T12:44:52.258321,{}
R01555,transaction,T00694,merchant,M0003,PURCHASED_AT,2024-01-03T12:44:52.258321,{}
R01556,transaction,T00695,account,A0073,INITIATED_BY,2024-06-25T05:13:51.968851,{}
R01557,transaction,T00695,merchant,M0006,PURCHASED_AT,2024-06-25T05:13:51.968851,{}
R01558,transaction,T00696,account,A0130,INITIATED_BY,2024-04-16T16:16:09.123643,{}
R01559,transaction,T00696,merchant,M0028,PURCHASED_AT,2024-04-16T16:16:09.123643,{}
R01560,transaction,T00697,account,A0028,INITIATED_BY,2024-03-14T18:31:07.325651,{}
R01561,transaction,T00697,merchant,M0006,PURCHASED_AT,2024-03-14T18:31:07.325651,{}
R01562,transaction,T00698,account,A0029,INITIATED_BY,2024-01-08T08:24:12.953838,{}
R01563,transaction,T00698,merchant,M0017,PURCHASED_AT,2024-01-08T08:24:12.953838,{}
R01564,transaction,T00699,account,A0099,INITIATED_BY,2024-05-04T08:31:48.884611,{}
R01565,transaction,T00699,merchant,M0010,PURCHASED_AT,2024-05-04T08:31:48.884611,{}
R01566,transaction,T00700,account,A0105,INITIATED_BY,2024-06-04T01:49:30.604376,{}
R01567,transaction,T00700,merchant,M0010,PURCHASED_AT,2024-06-04T01:49:30.604376,{}
R01568,transaction,T00701,account,A0095,INITIATED_BY,2024-04-04T14:26:43.305586,{}
R01569,transaction,T00701,merchant,M0006,PURCHASED_AT,2024-04-04T14:26:43.305586,{}
R01570,transaction,T00702,account,A0102,INITIATED_BY,2024-02-06T00:49:52.531130,{}
R01571,transaction,T00702,merchant,M0013,PURCHASED_AT,2024-02-06T00:49:52.531130,{}
R01572,transaction,T00703,account,A0104,INITIATED_BY,2024-03-31T08:08:03.578303,{}
R01573,transaction,T00703,merchant,M0004,PURCHASED_AT,2024-03-31T08:08:03.578303,{}
R01574,transaction,T00704,account,A0103,INITIATED_BY,2024-03-14T04:54:10.781584,{}
R01575,transaction,T00704,merchant,M0012,PURCHASED_AT,2024-03-14T04:54:10.781584,{}
R01576,transaction,T00705,account,A0038,INITIATED_BY,2024-03-29T13:41:56.266970,{}
R01577,transaction,T00705,merchant,M0025,PURCHASED_AT,2024-03-29T13:41:56.266970,{}
R01578,transaction,T00706,account,A0035,INITIATED_BY,2024-05-02T22:27:49.496055,{}
R01579,transaction,T00706,merchant,M0001,PURCHASED_AT,2024-05-02T22:27:49.496055,{}
R01580,transaction,T00707,account,A0025,INITIATED_BY,2024-02-06T13:11:29.548818,{}
R01581,transaction,T00707,merchant,M0025,PURCHASED_AT,2024-02-06T13:11:29.548818,{}
R01582,transaction,T00708,account,A0067,INITIATED_BY,2024-04-08T22:31:02.736782,{}
R01583,transaction,T00708,merchant,M0018,PURCHASED_AT,2024-04-08T22:31:02.736782,{}
R01584,transaction,T00709,account,A0031,INITIATED_BY,2024-03-21T02:27:50.037230,{}
R01585,transaction,T00709,merchant,M0013,PURCHASED_AT,2024-03-21T02:27:50.037230,{}
R01586,transaction,T00710,account,A0143,INITIATED_BY,2024-05-07T19:07:16.252312,{}
R01587,transaction,T00710,merchant,M0022,PURCHASED_AT,2024-05-07T19:07:16.252312,{}
R01588,transaction,T00711,account,A0080,INITIATED_BY,2024-04-12T23:06:25.529038,{}
R01589,transaction,T00711,merchant,M0023,PURCHASED_AT,2024-04-12T23:06:25.529038,{}
R01590,transaction,T00712,account,A0139,INITIATED_BY,2024-01-29T07:00:53.269557,{}
R01591,transaction,T00712,merchant,M0019,PURCHASED_AT,2024-01-29T07:00:53.269557,{}
R01592,transaction,T00713,account,A0127,INITIATED_BY,2024-01-09T03:59:40.400908,{}
R01593,transaction,T00713,merchant,M0019,PURCHASED_AT,2024-01-09T03:59:40.400908,{}
R01594,transaction,T00714,account,A0150,INITIATED_BY,2024-03-09T21:12:38.710426,{}
R01595,transaction,T00714,merchant,M0001,PURCHASED_AT,2024-03-09T21:12:38.710426,{}
R01596,transaction,T00715,account,A0092,INITIATED_BY,2024-02-14T19:38:05.697927,{}
R01597,transaction,T00715,merchant,M0014,PURCHASED_AT,2024-02-14T19:38:05.697927,{}
R01598,transaction,T00716,account,A0017,INITIATED_BY,2024-01-04T13:37:43.987475,{}
R01599,transaction,T00716,merchant,M0028,PURCHASED_AT,2024-01-04T13:37:43.987475,{}
R01600,transaction,T00717,account,A0109,INITIATED_BY,2024-01-04T16:37:38.902339,{}
R01601,transaction,T00717,merchant,M0019,PURCHASED_AT,2024-01-04T16:37:38.902339,{}
R01602,transaction,T00718,account,A0082,INITIATED_BY,2024-01-18T16:31:13.165924,{}
R01603,transaction,T00718,merchant,M0013,PURCHASED_AT,2024-01-18T16:31:13.165924,{}
R01604,transaction,T00719,account,A0053,INITIATED_BY,2024-04-30T19:07:53.541506,{}
R01605,transaction,T00719,merchant,M0011,PURCHASED_AT,2024-04-30T19:07:53.541506,{}
R01606,transaction,T00720,account,A0094,INITIATED_BY,2024-06-25T07:31:19.035563,{}
R01607,transaction,T00720,merchant,M0014,PURCHASED_AT,2024-06-25T07:31:19.035563,{}
R01608,transaction,T00721,account,A0138,INITIATED_BY,2024-06-29T07:36:47.159848,{}
R01609,transaction,T00721,merchant,M0007,PURCHASED_AT,2024-06-29T07:36:47.159848,{}
R01610,transaction,T00722,account,A0024,INITIATED_BY,2024-05-25T00:21:02.004740,{}
R01611,transaction,T00722,merchant,M0023,PURCHASED_AT,2024-05-25T00:21:02.004740,{}
R01612,transaction,T00723,account,A0089,INITIATED_BY,2024-04-30T02:03:21.215284,{}
R01613,transaction,T00723,merchant,M0026,PURCHASED_AT,2024-04-30T02:03:21.215284,{}
R01614,transaction,T00724,account,A0103,INITIATED_BY,2024-05-18T04:23:34.734004,{}
R01615,transaction,T00724,merchant,M0009,PURCHASED_AT,2024-05-18T04:23:34.734004,{}
R01616,transaction,T00725,account,A0133,INITIATED_BY,2024-04-29T14:32:31.928565,{}
R01617,transaction,T00725,merchant,M0028,PURCHASED_AT,2024-04-29T14:32:31.928565,{}
R01618,transaction,T00726,account,A0137,INITIATED_BY,2024-03-19T12:05:56.983890,{}
R01619,transaction,T00726,merchant,M0026,PURCHASED_AT,2024-03-19T12:05:56.983890,{}
R01620,transaction,T00727,account,A0016,INITIATED_BY,2024-02-13T12:11:03.946017,{}
R01621,transaction,T00727,merchant,M0017,PURCHASED_AT,2024-02-13T12:11:03.946017,{}
R01622,transaction,T00728,account,A0106,INITIATED_BY,2024-02-18T07:33:52.528912,{}
R01623,transaction,T00728,merchant,M0011,PURCHASED_AT,2024-02-18T07:33:52.528912,{}
R01624,transaction,T00729,account,A0066,INITIATED_BY,2024-01-21T13:17:54.444744,{}
R01625,transaction,T00729,merchant,M0022,PURCHASED_AT,2024-01-21T13:17:54.444744,{}
R01626,transaction,T00730,account,A0080,INITIATED_BY,2024-03-17T09:15:03.944624,{}
R01627,transaction,T00730,merchant,M0015,PURCHASED_AT,2024-03-17T09:15:03.944624,{}
R01628,transaction,T00731,account,A0070,INITIATED_BY,2024-04-26T14:48:44.494225,{}
R01629,transaction,T00731,merchant,M0005,PURCHASED_AT,2024-04-26T14:48:44.494225,{}
R01630,transaction,T00732,account,A0125,INITIATED_BY,2024-06-05T22:59:39.160421,{}
R01631,transaction,T00732,merchant,M0026,PURCHASED_AT,2024-06-05T22:59:39.160421,{}
R01632,transaction,T00733,account,A0024,INITIATED_BY,2024-06-20T21:23:09.706111,{}
R01633,transaction,T00733,merchant,M0013,PURCHASED_AT,2024-06-20T21:23:09.706111,{}
R01634,transaction,T00734,account,A0024,INITIATED_BY,2024-02-26T17:27:16.093598,{}
R01635,transaction,T00734,merchant,M0008,PURCHASED_AT,2024-02-26T17:27:16.093598,{}
R01636,transaction,T00735,account,A0061,INITIATED_BY,2024-02-01T16:52:12.308205,{}
R01637,transaction,T00735,merchant,M0030,PURCHASED_AT,2024-02-01T16:52:12.308205,{}
R01638,transaction,T00736,account,A0066,INITIATED_BY,2024-03-08T19:43:06.430741,{}
R01639,transaction,T00736,merchant,M0028,PURCHASED_AT,2024-03-08T19:43:06.430741,{}
R01640,transaction,T00737,account,A0109,INITIATED_BY,2024-05-28T16:00:40.142656,{}
R01641,transaction,T00737,merchant,M0016,PURCHASED_AT,2024-05-28T16:00:40.142656,{}
R01642,transaction,T00738,account,A0009,INITIATED_BY,2024-01-10T21:29:47.972125,{}
R01643,transaction,T00738,merchant,M0027,PURCHASED_AT,2024-01-10T21:29:47.972125,{}
R01644,transaction,T00739,account,A0099,INITIATED_BY,2024-06-12T11:18:51.972038,{}
R01645,transaction,T00739,merchant,M0010,PURCHASED_AT,2024-06-12T11:18:51.972038,{}
R01646,transaction,T00740,account,A0061,INITIATED_BY,2024-06-22T21:29:21.016642,{}
R01647,transaction,T00740,merchant,M0028,PURCHASED_AT,2024-06-22T21:29:21.016642,{}
R01648,transaction,T00741,account,A0061,INITIATED_BY,2024-06-08T04:24:20.603582,{}
R01649,transaction,T00741,merchant,M0010,PURCHASED_AT,2024-06-08T04:24:20.603582,{}
R01650,transaction,T00742,account,A0071,INITIATED_BY,2024-06-16T16:42:14.122271,{}
R01651,transaction,T00742,merchant,M0028,PURCHASED_AT,2024-06-16T16:42:14.122271,{}
R01652,transaction,T00743,account,A0026,INITIATED_BY,2024-01-13T00:17:57.351106,{}
R01653,transaction,T00743,merchant,M0027,PURCHASED_AT,2024-01-13T00:17:57.351106,{}
R01654,transaction,T00744,account,A0141,INITIATED_BY,2024-05-17T22:01:16.802864,{}
R01655,transaction,T00744,merchant,M0024,PURCHASED_AT,2024-05-17T22:01:16.802864,{}
R01656,transaction,T00745,account,A0035,INITIATED_BY,2024-02-26T18:48:27.038569,{}
R01657,transaction,T00745,merchant,M0001,PURCHASED_AT,2024-02-26T18:48:27.038569,{}
R01658,transaction,T00746,account,A0064,INITIATED_BY,2024-04-27T12:02:25.378818,{}
R01659,transaction,T00746,merchant,M0017,PURCHASED_AT,2024-04-27T12:02:25.378818,{}
R01660,transaction,T00747,account,A0106,INITIATED_BY,2024-06-07T02:30:33.786006,{}
R01661,transaction,T00747,merchant,M0026,PURCHASED_AT,2024-06-07T02:30:33.786006,{}
R01662,transaction,T00748,account,A0084,INITIATED_BY,2024-03-07T12:51:09.008610,{}
R01663,transaction,T00748,merchant,M0026,PURCHASED_AT,2024-03-07T12:51:09.008610,{}
R01664,transaction,T00749,account,A0147,INITIATED_BY,2024-02-11T09:30:15.392536,{}
R01665,transaction,T00749,merchant,M0008,PURCHASED_AT,2024-02-11T09:30:15.392536,{}
R01666,transaction,T00750,account,A0051,INITIATED_BY,2024-03-13T14:05:44.353919,{}
R01667,transaction,T00750,merchant,M0009,PURCHASED_AT,2024-03-13T14:05:44.353919,{}
R01668,transaction,T00751,account,A0039,INITIATED_BY,2024-04-05T04:14:20.292855,{}
R01669,transaction,T00751,merchant,M0003,PURCHASED_AT,2024-04-05T04:14:20.292855,{}
R01670,transaction,T00752,account,A0127,INITIATED_BY,2024-06-20T05:39:04.706232,{}
R01671,transaction,T00752,merchant,M0004,PURCHASED_AT,2024-06-20T05:39:04.706232,{}
R01672,transaction,T00753,account,A0127,INITIATED_BY,2024-03-16T17:13:47.371561,{}
R01673,transaction,T00753,merchant,M0013,PURCHASED_AT,2024-03-16T17:13:47.371561,{}
R01674,transaction,T00754,account,A0008,INITIATED_BY,2024-04-15T12:07:51.484614,{}
R01675,transaction,T00754,merchant,M0010,PURCHASED_AT,2024-04-15T12:07:51.484614,{}
R01676,transaction,T00755,account,A0121,INITIATED_BY,2024-03-10T09:54:15.328136,{}
R01677,transaction,T00755,merchant,M0005,PURCHASED_AT,2024-03-10T09:54:15.328136,{}
R01678,transaction,T00756,account,A0066,INITIATED_BY,2024-06-13T09:20:09.881913,{}
R01679,transaction,T00756,merchant,M0003,PURCHASED_AT,2024-06-13T09:20:09.881913,{}
R01680,transaction,T00757,account,A0012,INITIATED_BY,2024-02-24T18:05:31.030468,{}
R01681,transaction,T00757,merchant,M0001,PURCHASED_AT,2024-02-24T18:05:31.030468,{}
R01682,transaction,T00758,account,A0034,INITIATED_BY,2024-02-17T02:42:24.973091,{}
R01683,transaction,T00758,merchant,M0029,PURCHASED_AT,2024-02-17T02:42:24.973091,{}
R01684,transaction,T00759,account,A0087,INITIATED_BY,2024-05-08T13:21:00.778789,{}
R01685,transaction,T00759,merchant,M0029,PURCHASED_AT,2024-05-08T13:21:00.778789,{}
R01686,transaction,T00760,account,A0030,INITIATED_BY,2024-02-17T17:45:52.176844,{}
R01687,transaction,T00760,merchant,M0011,PURCHASED_AT,2024-02-17T17:45:52.176844,{}
R01688,transaction,T00761,account,A0043,INITIATED_BY,2024-06-20T23:01:12.833377,{}
R01689,transaction,T00761,merchant,M0011,PURCHASED_AT,2024-06-20T23:01:12.833377,{}
R01690,transaction,T00762,account,A0113,INITIATED_BY,2024-01-30T14:28:57.836553,{}
R01691,transaction,T00762,merchant,M0002,PURCHASED_AT,2024-01-30T14:28:57.836553,{}
R01692,transaction,T00763,account,A0127,INITIATED_BY,2024-01-21T08:39:37.437392,{}
R01693,transaction,T00763,merchant,M0002,PURCHASED_AT,2024-01-21T08:39:37.437392,{}
R01694,transaction,T00764,account,A0024,INITIATED_BY,2024-01-31T11:04:24.553188,{}
R01695,transaction,T00764,merchant,M0007,PURCHASED_AT,2024-01-31T11:04:24.553188,{}
R01696,transaction,T00765,account,A0145,INITIATED_BY,2024-06-29T15:19:54.440588,{}
R01697,transaction,T00765,merchant,M0029,PURCHASED_AT,2024-06-29T15:19:54.440588,{}
R01698,transaction,T00766,account,A0147,INITIATED_BY,2024-05-19T01:17:34.392559,{}
R01699,transaction,T00766,merchant,M0006,PURCHASED_AT,2024-05-19T01:17:34.392559,{}
R01700,transaction,T00767,account,A0007,INITIATED_BY,2024-03-12T08:16:25.043587,{}
R01701,transaction,T00767,merchant,M0010,PURCHASED_AT,2024-03-12T08:16:25.043587,{}
R01702,transaction,T00768,account,A0028,INITIATED_BY,2024-03-24T07:15:10.569206,{}
R01703,transaction,T00768,merchant,M0027,PURCHASED_AT,2024-03-24T07:15:10.569206,{}
R01704,transaction,T00769,account,A0069,INITIATED_BY,2024-01-08T22:28:16.917408,{}
R01705,transaction,T00769,merchant,M0020,PURCHASED_AT,2024-01-08T22:28:16.917408,{}
R01706,transaction,T00770,account,A0084,INITIATED_BY,2024-06-05T06:04:59.871276,{}
R01707,transaction,T00770,merchant,M0024,PURCHASED_AT,2024-06-05T06:04:59.871276,{}
R01708,transaction,T00771,account,A0015,INITIATED_BY,2024-02-02T05:16:44.106910,{}
R01709,transaction,T00771,merchant,M0024,PURCHASED_AT,2024-02-02T05:16:44.106910,{}
R01710,transaction,T00772,account,A0054,INITIATED_BY,2024-04-27T03:17:52.069639,{}
R01711,transaction,T00772,merchant,M0006,PURCHASED_AT,2024-04-27T03:17:52.069639,{}
R01712,transaction,T00773,account,A0126,INITIATED_BY,2024-02-26T03:04:48.282694,{}
R01713,transaction,T00773,merchant,M0026,PURCHASED_AT,2024-02-26T03:04:48.282694,{}
R01714,transaction,T00774,account,A0025,INITIATED_BY,2024-03-21T15:00:06.661487,{}
R01715,transaction,T00774,merchant,M0027,PURCHASED_AT,2024-03-21T15:00:06.661487,{}
R01716,transaction,T00775,account,A0145,INITIATED_BY,2024-05-26T18:57:34.193391,{}
R01717,transaction,T00775,merchant,M0020,PURCHASED_AT,2024-05-26T18:57:34.193391,{}
R01718,transaction,T00776,account,A0110,INITIATED_BY,2024-03-24T21:33:07.414807,{}
R01719,transaction,T00776,merchant,M0003,PURCHASED_AT,2024-03-24T21:33:07.414807,{}
R01720,transaction,T00777,account,A0040,INITIATED_BY,2024-04-04T23:12:01.055373,{}
R01721,transaction,T00777,merchant,M0030,PURCHASED_AT,2024-04-04T23:12:01.055373,{}
R01722,transaction,T00778,account,A0021,INITIATED_BY,2024-06-27T03:18:17.986806,{}
R01723,transaction,T00778,merchant,M0030,PURCHASED_AT,2024-06-27T03:18:17.986806,{}
R01724,transaction,T00779,account,A0134,INITIATED_BY,2024-01-14T20:27:26.156665,{}
R01725,transaction,T00779,merchant,M0014,PURCHASED_AT,2024-01-14T20:27:26.156665,{}
R01726,transaction,T00780,account,A0131,INITIATED_BY,2024-05-10T09:01:35.893840,{}
R01727,transaction,T00780,merchant,M0014,PURCHASED_AT,2024-05-10T09:01:35.893840,{}
R01728,transaction,T00781,account,A0150,INITIATED_BY,2024-05-22T07:09:11.845824,{}
R01729,transaction,T00781,merchant,M0003,PURCHASED_AT,2024-05-22T07:09:11.845824,{}
R01730,transaction,T00782,account,A0107,INITIATED_BY,2024-05-11T01:28:02.319273,{}
R01731,transaction,T00782,merchant,M0029,PURCHASED_AT,2024-05-11T01:28:02.319273,{}
R01732,transaction,T00783,account,A0068,INITIATED_BY,2024-05-15T05:05:43.306516,{}
R01733,transaction,T00783,merchant,M0011,PURCHASED_AT,2024-05-15T05:05:43.306516,{}
R01734,transaction,T00784,account,A0028,INITIATED_BY,2024-01-22T02:51:01.306906,{}
R01735,transaction,T00784,merchant,M0014,PURCHASED_AT,2024-01-22T02:51:01.306906,{}
R01736,transaction,T00785,account,A0118,INITIATED_BY,2024-05-14T17:00:29.627214,{}
R01737,transaction,T00785,merchant,M0023,PURCHASED_AT,2024-05-14T17:00:29.627214,{}
R01738,transaction,T00786,account,A0093,INITIATED_BY,2024-03-12T11:52:04.801380,{}
R01739,transaction,T00786,merchant,M0023,PURCHASED_AT,2024-03-12T11:52:04.801380,{}
R01740,transaction,T00787,account,A0035,INITIATED_BY,2024-01-05T20:29:08.337138,{}
R01741,transaction,T00787,merchant,M0001,PURCHASED_AT,2024-01-05T20:29:08.337138,{}
R01742,transaction,T00788,account,A0062,INITIATED_BY,2024-05-19T07:40:07.175869,{}
R01743,transaction,T00788,merchant,M0014,PURCHASED_AT,2024-05-19T07:40:07.175869,{}
R01744,transaction,T00789,account,A0006,INITIATED_BY,2024-05-07T04:05:10.216308,{}
R01745,transaction,T00789,merchant,M0004,PURCHASED_AT,2024-05-07T04:05:10.216308,{}
R01746,transaction,T00790,account,A0116,INITIATED_BY,2024-05-30T03:08:02.804655,{}
R01747,transaction,T00790,merchant,M0019,PURCHASED_AT,2024-05-30T03:08:02.804655,{}
R01748,transaction,T00791,account,A0003,INITIATED_BY,2024-06-26T06:53:28.530246,{}
R01749,transaction,T00791,merchant,M0004,PURCHASED_AT,2024-06-26T06:53:28.530246,{}
R01750,transaction,T00792,account,A0142,INITIATED_BY,2024-04-02T22:01:02.114582,{}
R01751,transaction,T00792,merchant,M0010,PURCHASED_AT,2024-04-02T22:01:02.114582,{}
R01752,transaction,T00793,account,A0125,INITIATED_BY,2024-03-17T09:11:15.916240,{}
R01753,transaction,T00793,merchant,M0008,PURCHASED_AT,2024-03-17T09:11:15.916240,{}
R01754,transaction,T00794,account,A0069,INITIATED_BY,2024-01-22T03:59:26.075564,{}
R01755,transaction,T00794,merchant,M0029,PURCHASED_AT,2024-01-22T03:59:26.075564,{}
R01756,transaction,T00795,account,A0089,INITIATED_BY,2024-03-03T05:40:23.020698,{}
R01757,transaction,T00795,merchant,M0015,PURCHASED_AT,2024-03-03T05:40:23.020698,{}
R01758,transaction,T00796,account,A0087,INITIATED_BY,2024-04-28T21:49:34.121413,{}
R01759,transaction,T00796,merchant,M0030,PURCHASED_AT,2024-04-28T21:49:34.121413,{}
R01760,transaction,T00797,account,A0100,INITIATED_BY,2024-05-12T23:02:08.312506,{}
R01761,transaction,T00797,merchant,M0014,PURCHASED_AT,2024-05-12T23:02:08.312506,{}
R01762,transaction,T00798,account,A0042,INITIATED_BY,2024-01-16T14:25:03.371332,{}
R01763,transaction,T00798,merchant,M0020,PURCHASED_AT,2024-01-16T14:25:03.371332,{}
R01764,transaction,T00799,account,A0052,INITIATED_BY,2024-03-16T07:02:09.845755,{}
R01765,transaction,T00799,merchant,M0006,PURCHASED_AT,2024-03-16T07:02:09.845755,{}
R01766,transaction,T00800,account,A0054,INITIATED_BY,2024-01-29T16:58:55.705491,{}
R01767,transaction,T00800,merchant,M0018,PURCHASED_AT,2024-01-29T16:58:55.705491,{}
R01768,transaction,T00801,account,A0017,INITIATED_BY,2024-01-22T20:16:07.732463,{}
R01769,transaction,T00801,merchant,M0011,PURCHASED_AT,2024-01-22T20:16:07.732463,{}
R01770,transaction,T00802,account,A0088,INITIATED_BY,2024-06-07T20:47:17.099818,{}
R01771,transaction,T00802,merchant,M0026,PURCHASED_AT,2024-06-07T20:47:17.099818,{}
R01772,transaction,T00803,account,A0132,INITIATED_BY,2024-06-16T17:17:23.408451,{}
R01773,transaction,T00803,merchant,M0020,PURCHASED_AT,2024-06-16T17:17:23.408451,{}
R01774,transaction,T00804,account,A0029,INITIATED_BY,2024-06-04T08:50:05.676433,{}
R01775,transaction,T00804,merchant,M0004,PURCHASED_AT,2024-06-04T08:50:05.676433,{}
R01776,transaction,T00805,account,A0011,INITIATED_BY,2024-06-06T15:03:25.184596,{}
R01777,transaction,T00805,merchant,M0017,PURCHASED_AT,2024-06-06T15:03:25.184596,{}
R01778,transaction,T00806,account,A0075,INITIATED_BY,2024-05-12T14:12:19.540961,{}
R01779,transaction,T00806,merchant,M0023,PURCHASED_AT,2024-05-12T14:12:19.540961,{}
R01780,transaction,T00807,account,A0094,INITIATED_BY,2024-02-06T13:00:41.741489,{}
R01781,transaction,T00807,merchant,M0011,PURCHASED_AT,2024-02-06T13:00:41.741489,{}
R01782,transaction,T00808,account,A0002,INITIATED_BY,2024-02-21T21:40:40.998007,{}
R01783,transaction,T00808,merchant,M0008,PURCHASED_AT,2024-02-21T21:40:40.998007,{}
R01784,transaction,T00809,account,A0096,INITIATED_BY,2024-04-30T08:44:21.794460,{}
R01785,transaction,T00809,merchant,M0023,PURCHASED_AT,2024-04-30T08:44:21.794460,{}
R01786,transaction,T00810,account,A0136,INITIATED_BY,2024-03-18T14:48:23.230866,{}
R01787,transaction,T00810,merchant,M0014,PURCHASED_AT,2024-03-18T14:48:23.230866,{}
R01788,transaction,T00811,account,A0133,INITIATED_BY,2024-05-09T21:21:58.305901,{}
R01789,transaction,T00811,merchant,M0026,PURCHASED_AT,2024-05-09T21:21:58.305901,{}
R01790,transaction,T00812,account,A0022,INITIATED_BY,2024-04-26T02:31:38.054259,{}
R01791,transaction,T00812,merchant,M0011,PURCHASED_AT,2024-04-26T02:31:38.054259,{}
R01792,transaction,T00813,account,A0134,INITIATED_BY,2024-05-06T20:14:00.505302,{}
R01793,transaction,T00813,merchant,M0010,PURCHASED_AT,2024-05-06T20:14:00.505302,{}
R01794,transaction,T00814,account,A0081,INITIATED_BY,2024-06-11T22:30:20.947965,{}
R01795,transaction,T00814,merchant,M0030,PURCHASED_AT,2024-06-11T22:30:20.947965,{}
R01796,transaction,T00815,account,A0104,INITIATED_BY,2024-04-23T00:13:06.429492,{}
R01797,transaction,T00815,merchant,M0015,PURCHASED_AT,2024-04-23T00:13:06.429492,{}
R01798,transaction,T00816,account,A0089,INITIATED_BY,2024-05-20T08:20:20.592241,{}
R01799,transaction,T00816,merchant,M0029,PURCHASED_AT,2024-05-20T08:20:20.592241,{}
R01800,transaction,T00817,account,A0138,INITIATED_BY,2024-06-08T06:10:46.836037,{}
R01801,transaction,T00817,merchant,M0011,PURCHASED_AT,2024-06-08T06:10:46.836037,{}
R01802,transaction,T00818,account,A0073,INITIATED_BY,2024-04-04T08:40:58.793021,{}
R01803,transaction,T00818,merchant,M0007,PURCHASED_AT,2024-04-04T08:40:58.793021,{}
R01804,transaction,T00819,account,A0139,INITIATED_BY,2024-02-25T00:19:27.975961,{}
R01805,transaction,T00819,merchant,M0019,PURCHASED_AT,2024-02-25T00:19:27.975961,{}
R01806,transaction,T00820,account,A0029,INITIATED_BY,2024-04-23T11:38:33.102201,{}
R01807,transaction,T00820,merchant,M0024,PURCHASED_AT,2024-04-23T11:38:33.102201,{}
R01808,transaction,T00821,account,A0032,INITIATED_BY,2024-03-23T00:28:16.555581,{}
R01809,transaction,T00821,merchant,M0015,PURCHASED_AT,2024-03-23T00:28:16.555581,{}
R01810,transaction,T00822,account,A0149,INITIATED_BY,2024-02-12T07:47:30.579479,{}
R01811,transaction,T00822,merchant,M0019,PURCHASED_AT,2024-02-12T07:47:30.579479,{}
R01812,transaction,T00823,account,A0147,INITIATED_BY,2024-05-13T11:45:12.698321,{}
R01813,transaction,T00823,merchant,M0022,PURCHASED_AT,2024-05-13T11:45:12.698321,{}
R01814,transaction,T00824,account,A0150,INITIATED_BY,2024-01-18T17:39:32.907739,{}
R01815,transaction,T00824,merchant,M0007,PURCHASED_AT,2024-01-18T17:39:32.907739,{}
R01816,transaction,T00825,account,A0021,INITIATED_BY,2024-03-07T20:12:50.672360,{}
R01817,transaction,T00825,merchant,M0003,PURCHASED_AT,2024-03-07T20:12:50.672360,{}
R01818,transaction,T00826,account,A0144,INITIATED_BY,2024-06-29T08:50:49.750821,{}
R01819,transaction,T00826,merchant,M0017,PURCHASED_AT,2024-06-29T08:50:49.750821,{}
R01820,transaction,T00827,account,A0107,INITIATED_BY,2024-03-28T17:48:59.631162,{}
R01821,transaction,T00827,merchant,M0027,PURCHASED_AT,2024-03-28T17:48:59.631162,{}
R01822,transaction,T00828,account,A0132,INITIATED_BY,2024-03-23T10:23:53.634932,{}
R01823,transaction,T00828,merchant,M0028,PURCHASED_AT,2024-03-23T10:23:53.634932,{}
R01824,transaction,T00829,account,A0144,INITIATED_BY,2024-03-07T21:28:53.160739,{}
R01825,transaction,T00829,merchant,M0012,PURCHASED_AT,2024-03-07T21:28:53.160739,{}
R01826,transaction,T00830,account,A0040,INITIATED_BY,2024-05-23T04:59:19.958820,{}
R01827,transaction,T00830,merchant,M0004,PURCHASED_AT,2024-05-23T04:59:19.958820,{}
R01828,transaction,T00831,account,A0108,INITIATED_BY,2024-02-21T07:26:49.598149,{}
R01829,transaction,T00831,merchant,M0002,PURCHASED_AT,2024-02-21T07:26:49.598149,{}
R01830,transaction,T00832,account,A0126,INITIATED_BY,2024-06-06T13:07:58.339633,{}
R01831,transaction,T00832,merchant,M0001,PURCHASED_AT,2024-06-06T13:07:58.339633,{}
R01832,transaction,T00833,account,A0080,INITIATED_BY,2024-03-09T07:00:56.370603,{}
R01833,transaction,T00833,merchant,M0019,PURCHASED_AT,2024-03-09T07:00:56.370603,{}
R01834,transaction,T00834,account,A0036,INITIATED_BY,2024-04-30T18:24:24.896360,{}
R01835,transaction,T00834,merchant,M0017,PURCHASED_AT,2024-04-30T18:24:24.896360,{}
R01836,transaction,T00835,account,A0084,INITIATED_BY,2024-03-15T03:25:31.630454,{}
R01837,transaction,T00835,merchant,M0003,PURCHASED_AT,2024-03-15T03:25:31.630454,{}
R01838,transaction,T00836,account,A0087,INITIATED_BY,2024-01-17T00:34:25.851591,{}
R01839,transaction,T00836,merchant,M0018,PURCHASED_AT,2024-01-17T00:34:25.851591,{}
R01840,transaction,T00837,account,A0147,INITIATED_BY,2024-04-11T13:10:36.042378,{}
R01841,transaction,T00837,merchant,M0021,PURCHASED_AT,2024-04-11T13:10:36.042378,{}
R01842,transaction,T00838,account,A0022,INITIATED_BY,2024-05-17T03:04:48.985643,{}
R01843,transaction,T00838,merchant,M0007,PURCHASED_AT,2024-05-17T03:04:48.985643,{}
R01844,transaction,T00839,account,A0122,INITIATED_BY,2024-06-09T15:58:36.912181,{}
R01845,transaction,T00839,merchant,M0017,PURCHASED_AT,2024-06-09T15:58:36.912181,{}
R01846,transaction,T00840,account,A0137,INITIATED_BY,2024-03-29T22:57:31.995718,{}
R01847,transaction,T00840,merchant,M0020,PURCHASED_AT,2024-03-29T22:57:31.995718,{}
R01848,transaction,T00841,account,A0047,INITIATED_BY,2024-03-10T03:27:20.562125,{}
R01849,transaction,T00841,merchant,M0014,PURCHASED_AT,2024-03-10T03:27:20.562125,{}
R01850,transaction,T00842,account,A0026,INITIATED_BY,2024-02-16T06:07:43.888734,{}
R01851,transaction,T00842,merchant,M0018,PURCHASED_AT,2024-02-16T06:07:43.888734,{}
R01852,transaction,T00843,account,A0105,INITIATED_BY,2024-02-28T21:03:46.023216,{}
R01853,transaction,T00843,merchant,M0022,PURCHASED_AT,2024-02-28T21:03:46.023216,{}
R01854,transaction,T00844,account,A0077,INITIATED_BY,2024-06-19T10:12:45.813903,{}
R01855,transaction,T00844,merchant,M0013,PURCHASED_AT,2024-06-19T10:12:45.813903,{}
R01856,transaction,T00845,account,A0062,INITIATED_BY,2024-04-02T01:27:02.924755,{}
R01857,transaction,T00845,merchant,M0025,PURCHASED_AT,2024-04-02T01:27:02.924755,{}
R01858,transaction,T00846,account,A0030,INITIATED_BY,2024-03-14T16:20:24.568221,{}
R01859,transaction,T00846,merchant,M0009,PURCHASED_AT,2024-03-14T16:20:24.568221,{}
R01860,transaction,T00847,account,A0060,INITIATED_BY,2024-06-23T09:20:02.558175,{}
R01861,transaction,T00847,merchant,M0030,PURCHASED_AT,2024-06-23T09:20:02.558175,{}
R01862,transaction,T00848,account,A0143,INITIATED_BY,2024-03-14T14:54:15.417502,{}
R01863,transaction,T00848,merchant,M0021,PURCHASED_AT,2024-03-14T14:54:15.417502,{}
R01864,transaction,T00849,account,A0129,INITIATED_BY,2024-04-07T19:40:13.058572,{}
R01865,transaction,T00849,merchant,M0007,PURCHASED_AT,2024-04-07T19:40:13.058572,{}
R01866,transaction,T00850,account,A0138,INITIATED_BY,2024-01-08T13:32:41.260960,{}
R01867,transaction,T00850,merchant,M0014,PURCHASED_AT,2024-01-08T13:32:41.260960,{}
R01868,transaction,T00851,account,A0075,INITIATED_BY,2024-04-18T05:08:15.045068,{}
R01869,transaction,T00851,merchant,M0021,PURCHASED_AT,2024-04-18T05:08:15.045068,{}
R01870,transaction,T00852,account,A0055,INITIATED_BY,2024-01-30T05:11:32.746434,{}
R01871,transaction,T00852,merchant,M0019,PURCHASED_AT,2024-01-30T05:11:32.746434,{}
R01872,transaction,T00853,account,A0077,INITIATED_BY,2024-01-26T06:38:26.755696,{}
R01873,transaction,T00853,merchant,M0003,PURCHASED_AT,2024-01-26T06:38:26.755696,{}
R01874,transaction,T00854,account,A0111,INITIATED_BY,2024-03-03T00:24:27.192342,{}
R01875,transaction,T00854,merchant,M0007,PURCHASED_AT,2024-03-03T00:24:27.192342,{}
R01876,transaction,T00855,account,A0116,INITIATED_BY,2024-04-18T12:17:14.534530,{}
R01877,transaction,T00855,merchant,M0009,PURCHASED_AT,2024-04-18T12:17:14.534530,{}
R01878,transaction,T00856,account,A0035,INITIATED_BY,2024-01-01T18:35:20.586952,{}
R01879,transaction,T00856,merchant,M0021,PURCHASED_AT,2024-01-01T18:35:20.586952,{}
R01880,transaction,T00857,account,A0106,INITIATED_BY,2024-05-22T12:03:14.186152,{}
R01881,transaction,T00857,merchant,M0018,PURCHASED_AT,2024-05-22T12:03:14.186152,{}
R01882,transaction,T00858,account,A0114,INITIATED_BY,2024-03-11T00:02:47.380832,{}
R01883,transaction,T00858,merchant,M0022,PURCHASED_AT,2024-03-11T00:02:47.380832,{}
R01884,transaction,T00859,account,A0095,INITIATED_BY,2024-05-03T04:19:41.180117,{}
R01885,transaction,T00859,merchant,M0030,PURCHASED_AT,2024-05-03T04:19:41.180117,{}
R01886,transaction,T00860,account,A0078,INITIATED_BY,2024-03-30T09:06:17.529768,{}
R01887,transaction,T00860,merchant,M0026,PURCHASED_AT,2024-03-30T09:06:17.529768,{}
R01888,transaction,T00861,account,A0127,INITIATED_BY,2024-01-02T06:59:46.241657,{}
R01889,transaction,T00861,merchant,M0029,PURCHASED_AT,2024-01-02T06:59:46.241657,{}
R01890,transaction,T00862,account,A0072,INITIATED_BY,2024-02-05T01:44:16.788388,{}
R01891,transaction,T00862,merchant,M0019,PURCHASED_AT,2024-02-05T01:44:16.788388,{}
R01892,transaction,T00863,account,A0145,INITIATED_BY,2024-04-13T03:39:35.621050,{}
R01893,transaction,T00863,merchant,M0006,PURCHASED_AT,2024-04-13T03:39:35.621050,{}
R01894,transaction,T00864,account,A0071,INITIATED_BY,2024-06-08T20:11:41.317295,{}
R01895,transaction,T00864,merchant,M0007,PURCHASED_AT,2024-06-08T20:11:41.317295,{}
R01896,transaction,T00865,account,A0014,INITIATED_BY,2024-06-29T02:44:33.123608,{}
R01897,transaction,T00865,merchant,M0028,PURCHASED_AT,2024-06-29T02:44:33.123608,{}
R01898,transaction,T00866,account,A0133,INITIATED_BY,2024-01-08T20:48:37.968515,{}
R01899,transaction,T00866,merchant,M0015,PURCHASED_AT,2024-01-08T20:48:37.968515,{}
R01900,transaction,T00867,account,A0108,INITIATED_BY,2024-02-05T05:22:39.928839,{}
R01901,transaction,T00867,merchant,M0018,PURCHASED_AT,2024-02-05T05:22:39.928839,{}
R01902,transaction,T00868,account,A0007,INITIATED_BY,2024-06-22T08:34:39.237361,{}
R01903,transaction,T00868,merchant,M0024,PURCHASED_AT,2024-06-22T08:34:39.237361,{}
R01904,transaction,T00869,account,A0085,INITIATED_BY,2024-01-05T08:21:29.568918,{}
R01905,transaction,T00869,merchant,M0010,PURCHASED_AT,2024-01-05T08:21:29.568918,{}
R01906,transaction,T00870,account,A0064,INITIATED_BY,2024-05-30T16:27:21.868234,{}
R01907,transaction,T00870,merchant,M0004,PURCHASED_AT,2024-05-30T16:27:21.868234,{}
R01908,transaction,T00871,account,A0061,INITIATED_BY,2024-05-18T07:14:39.084338,{}
R01909,transaction,T00871,merchant,M0003,PURCHASED_AT,2024-05-18T07:14:39.084338,{}
R01910,transaction,T00872,account,A0022,INITIATED_BY,2024-06-10T02:31:25.505454,{}
R01911,transaction,T00872,merchant,M0002,PURCHASED_AT,2024-06-10T02:31:25.505454,{}
R01912,transaction,T00873,account,A0016,INITIATED_BY,2024-01-19T10:20:20.455295,{}
R01913,transaction,T00873,merchant,M0030,PURCHASED_AT,2024-01-19T10:20:20.455295,{}
R01914,transaction,T00874,account,A0076,INITIATED_BY,2024-05-16T02:31:43.773214,{}
R01915,transaction,T00874,merchant,M0028,PURCHASED_AT,2024-05-16T02:31:43.773214,{}
R01916,transaction,T00875,account,A0003,INITIATED_BY,2024-06-08T06:27:05.038385,{}
R01917,transaction,T00875,merchant,M0015,PURCHASED_AT,2024-06-08T06:27:05.038385,{}
R01918,transaction,T00876,account,A0007,INITIATED_BY,2024-01-20T13:10:50.255176,{}
R01919,transaction,T00876,merchant,M0015,PURCHASED_AT,2024-01-20T13:10:50.255176,{}
R01920,transaction,T00877,account,A0018,INITIATED_BY,2024-04-13T18:02:00.617525,{}
R01921,transaction,T00877,merchant,M0019,PURCHASED_AT,2024-04-13T18:02:00.617525,{}
R01922,transaction,T00878,account,A0108,INITIATED_BY,2024-02-14T00:15:15.709968,{}
R01923,transaction,T00878,merchant,M0016,PURCHASED_AT,2024-02-14T00:15:15.709968,{}
R01924,transaction,T00879,account,A0080,INITIATED_BY,2024-05-16T12:59:56.654160,{}
R01925,transaction,T00879,merchant,M0019,PURCHASED_AT,2024-05-16T12:59:56.654160,{}
R01926,transaction,T00880,account,A0139,INITIATED_BY,2024-04-19T04:51:47.891721,{}
R01927,transaction,T00880,merchant,M0025,PURCHASED_AT,2024-04-19T04:51:47.891721,{}
R01928,transaction,T00881,account,A0003,INITIATED_BY,2024-01-11T08:59:16.277182,{}
R01929,transaction,T00881,merchant,M0017,PURCHASED_AT,2024-01-11T08:59:16.277182,{}
R01930,transaction,T00882,account,A0144,INITIATED_BY,2024-06-25T17:57:46.058593,{}
R01931,transaction,T00882,merchant,M0028,PURCHASED_AT,2024-06-25T17:57:46.058593,{}
R01932,transaction,T00883,account,A0088,INITIATED_BY,2024-06-26T17:28:28.643918,{}
R01933,transaction,T00883,merchant,M0007,PURCHASED_AT,2024-06-26T17:28:28.643918,{}
R01934,transaction,T00884,account,A0149,INITIATED_BY,2024-03-23T05:29:17.866085,{}
R01935,transaction,T00884,merchant,M0019,PURCHASED_AT,2024-03-23T05:29:17.866085,{}
R01936,transaction,T00885,account,A0001,INITIATED_BY,2024-04-22T22:18:30.802903,{}
R01937,transaction,T00885,merchant,M0021,PURCHASED_AT,2024-04-22T22:18:30.802903,{}
R01938,transaction,T00886,account,A0085,INITIATED_BY,2024-02-03T08:21:29.379837,{}
R01939,transaction,T00886,merchant,M0026,PURCHASED_AT,2024-02-03T08:21:29.379837,{}
R01940,transaction,T00887,account,A0019,INITIATED_BY,2024-04-16T00:13:18.079405,{}
R01941,transaction,T00887,merchant,M0012,PURCHASED_AT,2024-04-16T00:13:18.079405,{}
R01942,transaction,T00888,account,A0008,INITIATED_BY,2024-06-09T06:06:01.458621,{}
R01943,transaction,T00888,merchant,M0007,PURCHASED_AT,2024-06-09T06:06:01.458621,{}
R01944,transaction,T00889,account,A0142,INITIATED_BY,2024-01-21T02:02:57.758734,{}
R01945,transaction,T00889,merchant,M0008,PURCHASED_AT,2024-01-21T02:02:57.758734,{}
R01946,transaction,T00890,account,A0062,INITIATED_BY,2024-06-19T08:24:23.999917,{}
R01947,transaction,T00890,merchant,M0012,PURCHASED_AT,2024-06-19T08:24:23.999917,{}
R01948,transaction,T00891,account,A0017,INITIATED_BY,2024-03-09T10:52:52.966798,{}
R01949,transaction,T00891,merchant,M0004,PURCHASED_AT,2024-03-09T10:52:52.966798,{}
R01950,transaction,T00892,account,A0110,INITIATED_BY,2024-04-06T22:04:28.121282,{}
R01951,transaction,T00892,merchant,M0021,PURCHASED_AT,2024-04-06T22:04:28.121282,{}
R01952,transaction,T00893,account,A0014,INITIATED_BY,2024-01-15T17:38:06.204688,{}
R01953,transaction,T00893,merchant,M0021,PURCHASED_AT,2024-01-15T17:38:06.204688,{}
R01954,transaction,T00894,account,A0017,INITIATED_BY,2024-04-26T18:11:27.150378,{}
R01955,transaction,T00894,merchant,M0006,PURCHASED_AT,2024-04-26T18:11:27.150378,{}
R01956,transaction,T00895,account,A0133,INITIATED_BY,2024-04-05T02:39:58.734953,{}
R01957,transaction,T00895,merchant,M0015,PURCHASED_AT,2024-04-05T02:39:58.734953,{}
R01958,transaction,T00896,account,A0127,INITIATED_BY,2024-06-15T17:37:43.002128,{}
R01959,transaction,T00896,merchant,M0016,PURCHASED_AT,2024-06-15T17:37:43.002128,{}
R01960,transaction,T00897,account,A0054,INITIATED_BY,2024-02-12T10:10:00.001139,{}
R01961,transaction,T00897,merchant,M0008,PURCHASED_AT,2024-02-12T10:10:00.001139,{}
R01962,transaction,T00898,account,A0097,INITIATED_BY,2024-05-16T01:02:57.244583,{}
R01963,transaction,T00898,merchant,M0019,PURCHASED_AT,2024-05-16T01:02:57.244583,{}
R01964,transaction,T00899,account,A0091,INITIATED_BY,2024-04-22T10:10:14.020440,{}
R01965,transaction,T00899,merchant,M0008,PURCHASED_AT,2024-04-22T10:10:14.020440,{}
R01966,transaction,T00900,account,A0111,INITIATED_BY,2024-02-19T09:59:47.611977,{}
R01967,transaction,T00900,merchant,M0014,PURCHASED_AT,2024-02-19T09:59:47.611977,{}
R01968,transaction,T00901,account,A0060,INITIATED_BY,2024-01-15T22:01:33.642767,{}
R01969,transaction,T00901,merchant,M0009,PURCHASED_AT,2024-01-15T22:01:33.642767,{}
R01970,transaction,T00902,account,A0021,INITIATED_BY,2024-01-22T11:08:44.731652,{}
R01971,transaction,T00902,merchant,M0026,PURCHASED_AT,2024-01-22T11:08:44.731652,{}
R01972,transaction,T00903,account,A0052,INITIATED_BY,2024-02-24T18:59:47.369081,{}
R01973,transaction,T00903,merchant,M0011,PURCHASED_AT,2024-02-24T18:59:47.369081,{}
R01974,transaction,T00904,account,A0036,INITIATED_BY,2024-06-14T03:23:22.959208,{}
R01975,transaction,T00904,merchant,M0028,PURCHASED_AT,2024-06-14T03:23:22.959208,{}
R01976,transaction,T00905,account,A0073,INITIATED_BY,2024-02-07T23:41:49.527459,{}
R01977,transaction,T00905,merchant,M0027,PURCHASED_AT,2024-02-07T23:41:49.527459,{}
R01978,transaction,T00906,account,A0142,INITIATED_BY,2024-03-02T15:49:30.652702,{}
R01979,transaction,T00906,merchant,M0025,PURCHASED_AT,2024-03-02T15:49:30.652702,{}
R01980,transaction,T00907,account,A0049,INITIATED_BY,2024-02-07T22:26:10.209189,{}
R01981,transaction,T00907,merchant,M0014,PURCHASED_AT,2024-02-07T22:26:10.209189,{}
R01982,transaction,T00908,account,A0008,INITIATED_BY,2024-03-31T11:07:55.623904,{}
R01983,transaction,T00908,merchant,M0012,PURCHASED_AT,2024-03-31T11:07:55.623904,{}
R01984,transaction,T00909,account,A0108,INITIATED_BY,2024-05-20T22:25:37.018837,{}
R01985,transaction,T00909,merchant,M0014,PURCHASED_AT,2024-05-20T22:25:37.018837,{}
R01986,transaction,T00910,account,A0006,INITIATED_BY,2024-04-19T03:26:38.768485,{}
R01987,transaction,T00910,merchant,M0019,PURCHASED_AT,2024-04-19T03:26:38.768485,{}
R01988,transaction,T00911,account,A0101,INITIATED_BY,2024-04-06T17:49:37.498090,{}
R01989,transaction,T00911,merchant,M0013,PURCHASED_AT,2024-04-06T17:49:37.498090,{}
R01990,transaction,T00912,account,A0085,INITIATED_BY,2024-05-02T03:42:09.995419,{}
R01991,transaction,T00912,merchant,M0019,PURCHASED_AT,2024-05-02T03:42:09.995419,{}
R01992,transaction,T00913,account,A0126,INITIATED_BY,2024-02-12T04:19:23.759437,{}
R01993,transaction,T00913,merchant,M0001,PURCHASED_AT,2024-02-12T04:19:23.759437,{}
R01994,transaction,T00914,account,A0015,INITIATED_BY,2024-06-04T14:34:07.381216,{}
R01995,transaction,T00914,merchant,M0012,PURCHASED_AT,2024-06-04T14:34:07.381216,{}
R01996,transaction,T00915,account,A0029,INITIATED_BY,2024-01-13T10:42:23.154550,{}
R01997,transaction,T00915,merchant,M0005,PURCHASED_AT,2024-01-13T10:42:23.154550,{}
R01998,transaction,T00916,account,A0053,INITIATED_BY,2024-03-26T22:26:39.931716,{}
R01999,transaction,T00916,merchant,M0010,PURCHASED_AT,2024-03-26T22:26:39.931716,{}
R02000,transaction,T00917,account,A0080,INITIATED_BY,2024-03-24T01:42:24.350245,{}
R02001,transaction,T00917,merchant,M0019,PURCHASED_AT,2024-03-24T01:42:24.350245,{}
R02002,transaction,T00918,account,A0037,INITIATED_BY,2024-05-26T04:03:57.514765,{}
R02003,transaction,T00918,merchant,M0015,PURCHASED_AT,2024-05-26T04:03:57.514765,{}
R02004,transaction,T00919,account,A0146,INITIATED_BY,2024-01-08T01:47:03.582748,{}
R02005,transaction,T00919,merchant,M0029,PURCHASED_AT,2024-01-08T01:47:03.582748,{}
R02006,transaction,T00920,account,A0117,INITIATED_BY,2024-02-23T20:07:02.178918,{}
R02007,transaction,T00920,merchant,M0012,PURCHASED_AT,2024-02-23T20:07:02.178918,{}
R02008,transaction,T00921,account,A0045,INITIATED_BY,2024-06-13T20:39:32.279952,{}
R02009,transaction,T00921,merchant,M0014,PURCHASED_AT,2024-06-13T20:39:32.279952,{}
R02010,transaction,T00922,account,A0025,INITIATED_BY,2024-06-09T06:47:37.167729,{}
R02011,transaction,T00922,merchant,M0013,PURCHASED_AT,2024-06-09T06:47:37.167729,{}
R02012,transaction,T00923,account,A0138,INITIATED_BY,2024-05-11T12:04:48.020811,{}
R02013,transaction,T00923,merchant,M0010,PURCHASED_AT,2024-05-11T12:04:48.020811,{}
R02014,transaction,T00924,account,A0106,INITIATED_BY,2024-03-22T14:51:57.282738,{}
R02015,transaction,T00924,merchant,M0025,PURCHASED_AT,2024-03-22T14:51:57.282738,{}
R02016,transaction,T00925,account,A0012,INITIATED_BY,2024-03-03T04:50:56.813633,{}
R02017,transaction,T00925,merchant,M0015,PURCHASED_AT,2024-03-03T04:50:56.813633,{}
R02018,transaction,T00926,account,A0102,INITIATED_BY,2024-05-15T12:14:55.193714,{}
R02019,transaction,T00926,merchant,M0002,PURCHASED_AT,2024-05-15T12:14:55.193714,{}
R02020,transaction,T00927,account,A0022,INITIATED_BY,2024-03-20T05:28:17.568403,{}
R02021,transaction,T00927,merchant,M0018,PURCHASED_AT,2024-03-20T05:28:17.568403,{}
R02022,transaction,T00928,account,A0042,INITIATED_BY,2024-02-02T01:54:56.906459,{}
R02023,transaction,T00928,merchant,M0006,PURCHASED_AT,2024-02-02T01:54:56.906459,{}
R02024,transaction,T00929,account,A0101,INITIATED_BY,2024-03-05T19:31:47.579031,{}
R02025,transaction,T00929,merchant,M0006,PURCHASED_AT,2024-03-05T19:31:47.579031,{}
R02026,transaction,T00930,account,A0137,INITIATED_BY,2024-04-24T21:31:46.373974,{}
R02027,transaction,T00930,merchant,M0007,PURCHASED_AT,2024-04-24T21:31:46.373974,{}
R02028,transaction,T00931,account,A0027,INITIATED_BY,2024-04-18T06:36:14.551291,{}
R02029,transaction,T00931,merchant,M0013,PURCHASED_AT,2024-04-18T06:36:14.551291,{}
R02030,transaction,T00932,account,A0052,INITIATED_BY,2024-01-12T10:25:00.954459,{}
R02031,transaction,T00932,merchant,M0030,PURCHASED_AT,2024-01-12T10:25:00.954459,{}
R02032,transaction,T00933,account,A0043,INITIATED_BY,2024-01-20T11:46:42.785014,{}
R02033,transaction,T00933,merchant,M0024,PURCHASED_AT,2024-01-20T11:46:42.785014,{}
R02034,transaction,T00934,account,A0049,INITIATED_BY,2024-06-18T22:40:57.008673,{}
R02035,transaction,T00934,merchant,M0020,PURCHASED_AT,2024-06-18T22:40:57.008673,{}
R02036,transaction,T00935,account,A0028,INITIATED_BY,2024-04-29T02:11:08.287738,{}
R02037,transaction,T00935,merchant,M0012,PURCHASED_AT,2024-04-29T02:11:08.287738,{}
R02038,transaction,T00936,account,A0095,INITIATED_BY,2024-02-24T13:51:53.194036,{}
R02039,transaction,T00936,merchant,M0002,PURCHASED_AT,2024-02-24T13:51:53.194036,{}
R02040,transaction,T00937,account,A0027,INITIATED_BY,2024-06-22T14:02:48.320942,{}
R02041,transaction,T00937,merchant,M0023,PURCHASED_AT,2024-06-22T14:02:48.320942,{}
R02042,transaction,T00938,account,A0100,INITIATED_BY,2024-05-17T20:53:43.919963,{}
R02043,transaction,T00938,merchant,M0022,PURCHASED_AT,2024-05-17T20:53:43.919963,{}
R02044,transaction,T00939,account,A0124,INITIATED_BY,2024-04-15T21:24:01.282388,{}
R02045,transaction,T00939,merchant,M0003,PURCHASED_AT,2024-04-15T21:24:01.282388,{}
R02046,transaction,T00940,account,A0060,INITIATED_BY,2024-06-11T07:36:35.381290,{}
R02047,transaction,T00940,merchant,M0017,PURCHASED_AT,2024-06-11T07:36:35.381290,{}
R02048,transaction,T00941,account,A0110,INITIATED_BY,2024-01-25T21:32:27.662122,{}
R02049,transaction,T00941,merchant,M0025,PURCHASED_AT,2024-01-25T21:32:27.662122,{}
R02050,transaction,T00942,account,A0039,INITIATED_BY,2024-06-20T04:53:15.016253,{}
R02051,transaction,T00942,merchant,M0013,PURCHASED_AT,2024-06-20T04:53:15.016253,{}
R02052,transaction,T00943,account,A0082,INITIATED_BY,2024-05-27T02:24:52.518990,{}
R02053,transaction,T00943,merchant,M0021,PURCHASED_AT,2024-05-27T02:24:52.518990,{}
R02054,transaction,T00944,account,A0085,INITIATED_BY,2024-06-13T02:24:34.771278,{}
R02055,transaction,T00944,merchant,M0011,PURCHASED_AT,2024-06-13T02:24:34.771278,{}
R02056,transaction,T00945,account,A0057,INITIATED_BY,2024-02-03T05:19:17.533307,{}
R02057,transaction,T00945,merchant,M0020,PURCHASED_AT,2024-02-03T05:19:17.533307,{}
R02058,transaction,T00946,account,A0126,INITIATED_BY,2024-04-09T08:11:30.494446,{}
R02059,transaction,T00946,merchant,M0003,PURCHASED_AT,2024-04-09T08:11:30.494446,{}
R02060,transaction,T00947,account,A0021,INITIATED_BY,2024-05-10T14:57:03.018464,{}
R02061,transaction,T00947,merchant,M0014,PURCHASED_AT,2024-05-10T14:57:03.018464,{}
R02062,transaction,T00948,account,A0064,INITIATED_BY,2024-04-25T01:03:46.029831,{}
R02063,transaction,T00948,merchant,M0010,PURCHASED_AT,2024-04-25T01:03:46.029831,{}
R02064,transaction,T00949,account,A0124,INITIATED_BY,2024-03-09T08:48:17.176287,{}
R02065,transaction,T00949,merchant,M0003,PURCHASED_AT,2024-03-09T08:48:17.176287,{}
R02066,transaction,T00950,account,A0130,INITIATED_BY,2024-05-28T08:21:32.189145,{}
R02067,transaction,T00950,merchant,M0020,PURCHASED_AT,2024-05-28T08:21:32.189145,{}
R02068,transaction,T00951,account,A0098,INITIATED_BY,2024-01-28T15:45:27.329607,{}
R02069,transaction,T00951,merchant,M0014,PURCHASED_AT,2024-01-28T15:45:27.329607,{}
R02070,transaction,T00952,account,A0119,INITIATED_BY,2024-04-19T16:34:26.937539,{}
R02071,transaction,T00952,merchant,M0010,PURCHASED_AT,2024-04-19T16:34:26.937539,{}
R02072,transaction,T00953,account,A0121,INITIATED_BY,2024-01-03T07:45:07.483123,{}
R02073,transaction,T00953,merchant,M0007,PURCHASED_AT,2024-01-03T07:45:07.483123,{}
R02074,transaction,T00954,account,A0096,INITIATED_BY,2024-03-12T10:21:29.854569,{}
R02075,transaction,T00954,merchant,M0016,PURCHASED_AT,2024-03-12T10:21:29.854569,{}
R02076,transaction,T00955,account,A0079,INITIATED_BY,2024-05-08T08:27:14.593603,{}
R02077,transaction,T00955,merchant,M0021,PURCHASED_AT,2024-05-08T08:27:14.593603,{}
R02078,transaction,T00956,account,A0099,INITIATED_BY,2024-03-27T11:14:23.369981,{}
R02079,transaction,T00956,merchant,M0030,PURCHASED_AT,2024-03-27T11:14:23.369981,{}
R02080,transaction,T00957,account,A0008,INITIATED_BY,2024-04-19T14:00:44.643185,{}
R02081,transaction,T00957,merchant,M0023,PURCHASED_AT,2024-04-19T14:00:44.643185,{}
R02082,transaction,T00958,account,A0149,INITIATED_BY,2024-06-14T22:56:20.809815,{}
R02083,transaction,T00958,merchant,M0022,PURCHASED_AT,2024-06-14T22:56:20.809815,{}
R02084,transaction,T00959,account,A0021,INITIATED_BY,2024-05-05T05:20:20.596741,{}
R02085,transaction,T00959,merchant,M0017,PURCHASED_AT,2024-05-05T05:20:20.596741,{}
R02086,transaction,T00960,account,A0098,INITIATED_BY,2024-06-07T15:05:01.112703,{}
R02087,transaction,T00960,merchant,M0019,PURCHASED_AT,2024-06-07T15:05:01.112703,{}
R02088,transaction,T00961,account,A0009,INITIATED_BY,2024-05-27T09:00:23.494111,"{""ring_id"": ""RING-1""}"
R02089,transaction,T00961,merchant,M0019,PURCHASED_AT,2024-05-27T09:00:23.494111,"{""ring_id"": ""RING-1""}"
R02090,transaction,T00962,account,A0009,INITIATED_BY,2024-05-06T12:29:42.284610,"{""ring_id"": ""RING-1""}"
R02091,transaction,T00962,merchant,M0021,PURCHASED_AT,2024-05-06T12:29:42.284610,"{""ring_id"": ""RING-1""}"
R02092,transaction,T00963,account,A0009,INITIATED_BY,2024-01-18T12:48:22.149709,"{""ring_id"": ""RING-1""}"
R02093,transaction,T00963,merchant,M0005,PURCHASED_AT,2024-01-18T12:48:22.149709,"{""ring_id"": ""RING-1""}"
R02094,transaction,T00964,account,A0009,INITIATED_BY,2024-05-12T16:20:07.701947,"{""ring_id"": ""RING-1""}"
R02095,transaction,T00964,merchant,M0018,PURCHASED_AT,2024-05-12T16:20:07.701947,"{""ring_id"": ""RING-1""}"
R02096,transaction,T00965,account,A0009,INITIATED_BY,2024-02-05T20:12:04.239168,"{""ring_id"": ""RING-1""}"
R02097,transaction,T00965,merchant,M0016,PURCHASED_AT,2024-02-05T20:12:04.239168,"{""ring_id"": ""RING-1""}"
R02098,transaction,T00966,account,A0009,INITIATED_BY,2024-02-03T14:24:41.952906,"{""ring_id"": ""RING-1""}"
R02099,transaction,T00966,merchant,M0017,PURCHASED_AT,2024-02-03T14:24:41.952906,"{""ring_id"": ""RING-1""}"
R02100,transaction,T00967,account,A0009,INITIATED_BY,2024-02-16T22:37:29.010746,"{""ring_id"": ""RING-1""}"
R02101,transaction,T00967,merchant,M0017,PURCHASED_AT,2024-02-16T22:37:29.010746,"{""ring_id"": ""RING-1""}"
R02102,transaction,T00968,account,A0009,INITIATED_BY,2024-01-20T18:20:42.085831,"{""ring_id"": ""RING-1""}"
R02103,transaction,T00968,merchant,M0027,PURCHASED_AT,2024-01-20T18:20:42.085831,"{""ring_id"": ""RING-1""}"
R02104,transaction,T00969,account,A0009,INITIATED_BY,2024-01-23T13:37:00.407356,"{""ring_id"": ""RING-1""}"
R02105,transaction,T00969,merchant,M0021,PURCHASED_AT,2024-01-23T13:37:00.407356,"{""ring_id"": ""RING-1""}"
R02106,transaction,T00970,account,A0009,INITIATED_BY,2024-03-28T19:41:03.367009,"{""ring_id"": ""RING-1""}"
R02107,transaction,T00970,merchant,M0022,PURCHASED_AT,2024-03-28T19:41:03.367009,"{""ring_id"": ""RING-1""}"
R02108,transaction,T00971,account,A0009,INITIATED_BY,2024-04-30T10:09:35.917111,"{""ring_id"": ""RING-1""}"
R02109,transaction,T00971,merchant,M0005,PURCHASED_AT,2024-04-30T10:09:35.917111,"{""ring_id"": ""RING-1""}"
R02110,transaction,T00972,account,A0009,INITIATED_BY,2024-05-23T07:31:14.574411,"{""ring_id"": ""RING-1""}"
R02111,transaction,T00972,merchant,M0023,PURCHASED_AT,2024-05-23T07:31:14.574411,"{""ring_id"": ""RING-1""}"
R02112,transaction,T00973,account,A0009,INITIATED_BY,2024-05-17T00:01:26.958291,"{""ring_id"": ""RING-1""}"
R02113,transaction,T00973,merchant,M0022,PURCHASED_AT,2024-05-17T00:01:26.958291,"{""ring_id"": ""RING-1""}"
R02114,transaction,T00974,account,A0009,INITIATED_BY,2024-06-29T21:35:22.803247,"{""ring_id"": ""RING-1""}"
R02115,transaction,T00974,merchant,M0019,PURCHASED_AT,2024-06-29T21:35:22.803247,"{""ring_id"": ""RING-1""}"
R02116,transaction,T00975,account,A0027,INITIATED_BY,2024-06-07T00:38:54.117149,"{""ring_id"": ""RING-1""}"
R02117,transaction,T00975,merchant,M0019,PURCHASED_AT,2024-06-07T00:38:54.117149,"{""ring_id"": ""RING-1""}"
R02118,transaction,T00976,account,A0027,INITIATED_BY,2024-05-11T06:21:23.376639,"{""ring_id"": ""RING-1""}"
R02119,transaction,T00976,merchant,M0021,PURCHASED_AT,2024-05-11T06:21:23.376639,"{""ring_id"": ""RING-1""}"
R02120,transaction,T00977,account,A0027,INITIATED_BY,2024-06-06T06:57:32.197437,"{""ring_id"": ""RING-1""}"
R02121,transaction,T00977,merchant,M0013,PURCHASED_AT,2024-06-06T06:57:32.197437,"{""ring_id"": ""RING-1""}"
R02122,transaction,T00978,account,A0027,INITIATED_BY,2024-05-04T04:47:13.869432,"{""ring_id"": ""RING-1""}"
R02123,transaction,T00978,merchant,M0027,PURCHASED_AT,2024-05-04T04:47:13.869432,"{""ring_id"": ""RING-1""}"
R02124,transaction,T00979,account,A0027,INITIATED_BY,2024-06-27T11:58:19.291307,"{""ring_id"": ""RING-1""}"
R02125,transaction,T00979,merchant,M0005,PURCHASED_AT,2024-06-27T11:58:19.291307,"{""ring_id"": ""RING-1""}"
R02126,transaction,T00980,account,A0027,INITIATED_BY,2024-06-07T02:11:57.956510,"{""ring_id"": ""RING-1""}"
R02127,transaction,T00980,merchant,M0019,PURCHASED_AT,2024-06-07T02:11:57.956510,"{""ring_id"": ""RING-1""}"
R02128,transaction,T00981,account,A0027,INITIATED_BY,2024-04-19T19:46:42.754377,"{""ring_id"": ""RING-1""}"
R02129,transaction,T00981,merchant,M0017,PURCHASED_AT,2024-04-19T19:46:42.754377,"{""ring_id"": ""RING-1""}"
R02130,transaction,T00982,account,A0027,INITIATED_BY,2024-06-27T14:58:10.694721,"{""ring_id"": ""RING-1""}"
R02131,transaction,T00982,merchant,M0022,PURCHASED_AT,2024-06-27T14:58:10.694721,"{""ring_id"": ""RING-1""}"
R02132,transaction,T00983,account,A0027,INITIATED_BY,2024-04-19T21:33:46.900490,"{""ring_id"": ""RING-1""}"
R02133,transaction,T00983,merchant,M0018,PURCHASED_AT,2024-04-19T21:33:46.900490,"{""ring_id"": ""RING-1""}"
R02134,transaction,T00984,account,A0027,INITIATED_BY,2024-02-24T13:03:25.332749,"{""ring_id"": ""RING-1""}"
R02135,transaction,T00984,merchant,M0013,PURCHASED_AT,2024-02-24T13:03:25.332749,"{""ring_id"": ""RING-1""}"
R02136,transaction,T00985,account,A0027,INITIATED_BY,2024-06-21T20:44:33.027237,"{""ring_id"": ""RING-1""}"
R02137,transaction,T00985,merchant,M0022,PURCHASED_AT,2024-06-21T20:44:33.027237,"{""ring_id"": ""RING-1""}"
R02138,transaction,T00986,account,A0071,INITIATED_BY,2024-01-20T02:09:36.998551,"{""ring_id"": ""RING-1""}"
R02139,transaction,T00986,merchant,M0013,PURCHASED_AT,2024-01-20T02:09:36.998551,"{""ring_id"": ""RING-1""}"
R02140,transaction,T00987,account,A0071,INITIATED_BY,2024-06-12T09:06:18.597286,"{""ring_id"": ""RING-1""}"
R02141,transaction,T00987,merchant,M0019,PURCHASED_AT,2024-06-12T09:06:18.597286,"{""ring_id"": ""RING-1""}"
R02142,transaction,T00988,account,A0071,INITIATED_BY,2024-06-21T05:19:58.270086,"{""ring_id"": ""RING-1""}"
R02143,transaction,T00988,merchant,M0022,PURCHASED_AT,2024-06-21T05:19:58.270086,"{""ring_id"": ""RING-1""}"
R02144,transaction,T00989,account,A0071,INITIATED_BY,2024-01-17T08:52:44.332433,"{""ring_id"": ""RING-1""}"
R02145,transaction,T00989,merchant,M0022,PURCHASED_AT,2024-01-17T08:52:44.332433,"{""ring_id"": ""RING-1""}"
R02146,transaction,T00990,account,A0071,INITIATED_BY,2024-01-12T16:54:48.858751,"{""ring_id"": ""RING-1""}"
R02147,transaction,T00990,merchant,M0027,PURCHASED_AT,2024-01-12T16:54:48.858751,"{""ring_id"": ""RING-1""}"
R02148,transaction,T00991,account,A0071,INITIATED_BY,2024-06-23T21:22:52.677945,"{""ring_id"": ""RING-1""}"
R02149,transaction,T00991,merchant,M0023,PURCHASED_AT,2024-06-23T21:22:52.677945,"{""ring_id"": ""RING-1""}"
R02150,transaction,T00992,account,A0071,INITIATED_BY,2024-02-22T16:00:06.939113,"{""ring_id"": ""RING-1""}"
R02151,transaction,T00992,merchant,M0013,PURCHASED_AT,2024-02-22T16:00:06.939113,"{""ring_id"": ""RING-1""}"
R02152,transaction,T00993,account,A0073,INITIATED_BY,2024-04-13T16:24:45.566500,"{""ring_id"": ""RING-1""}"
R02153,transaction,T00993,merchant,M0013,PURCHASED_AT,2024-04-13T16:24:45.566500,"{""ring_id"": ""RING-1""}"
R02154,transaction,T00994,account,A0073,INITIATED_BY,2024-05-13T09:10:16.740685,"{""ring_id"": ""RING-1""}"
R02155,transaction,T00994,merchant,M0027,PURCHASED_AT,2024-05-13T09:10:16.740685,"{""ring_id"": ""RING-1""}"
R02156,transaction,T00995,account,A0073,INITIATED_BY,2024-02-27T20:31:44.921108,"{""ring_id"": ""RING-1""}"
R02157,transaction,T00995,merchant,M0021,PURCHASED_AT,2024-02-27T20:31:44.921108,"{""ring_id"": ""RING-1""}"
R02158,transaction,T00996,account,A0073,INITIATED_BY,2024-04-16T22:19:51.135683,"{""ring_id"": ""RING-1""}"
R02159,transaction,T00996,merchant,M0027,PURCHASED_AT,2024-04-16T22:19:51.135683,"{""ring_id"": ""RING-1""}"
R02160,transaction,T00997,account,A0073,INITIATED_BY,2024-02-27T04:23:00.678157,"{""ring_id"": ""RING-1""}"
R02161,transaction,T00997,merchant,M0022,PURCHASED_AT,2024-02-27T04:23:00.678157,"{""ring_id"": ""RING-1""}"
R02162,transaction,T00998,account,A0073,INITIATED_BY,2024-05-03T01:50:13.653121,"{""ring_id"": ""RING-1""}"
R02163,transaction,T00998,merchant,M0022,PURCHASED_AT,2024-05-03T01:50:13.653121,"{""ring_id"": ""RING-1""}"
R02164,transaction,T00999,account,A0073,INITIATED_BY,2024-04-18T09:32:09.812873,"{""ring_id"": ""RING-1""}"
R02165,transaction,T00999,merchant,M0005,PURCHASED_AT,2024-04-18T09:32:09.812873,"{""ring_id"": ""RING-1""}"
R02166,transaction,T01000,account,A0073,INITIATED_BY,2024-03-27T13:39:36.909186,"{""ring_id"": ""RING-1""}"
R02167,transaction,T01000,merchant,M0027,PURCHASED_AT,2024-03-27T13:39:36.909186,"{""ring_id"": ""RING-1""}"
R02168,transaction,T01001,account,A0099,INITIATED_BY,2024-01-28T15:20:18.606850,"{""ring_id"": ""RING-1""}"
R02169,transaction,T01001,merchant,M0019,PURCHASED_AT,2024-01-28T15:20:18.606850,"{""ring_id"": ""RING-1""}"
R02170,transaction,T01002,account,A0099,INITIATED_BY,2024-06-16T02:11:51.797532,"{""ring_id"": ""RING-1""}"
R02171,transaction,T01002,merchant,M0005,PURCHASED_AT,2024-06-16T02:11:51.797532,"{""ring_id"": ""RING-1""}"
R02172,transaction,T01003,account,A0099,INITIATED_BY,2024-06-27T04:11:17.416038,"{""ring_id"": ""RING-1""}"
R02173,transaction,T01003,merchant,M0018,PURCHASED_AT,2024-06-27T04:11:17.416038,"{""ring_id"": ""RING-1""}"
R02174,transaction,T01004,account,A0099,INITIATED_BY,2024-03-12T00:05:18.705056,"{""ring_id"": ""RING-1""}"
R02175,transaction,T01004,merchant,M0023,PURCHASED_AT,2024-03-12T00:05:18.705056,"{""ring_id"": ""RING-1""}"
R02176,transaction,T01005,account,A0099,INITIATED_BY,2024-03-11T18:46:41.099753,"{""ring_id"": ""RING-1""}"
R02177,transaction,T01005,merchant,M0021,PURCHASED_AT,2024-03-11T18:46:41.099753,"{""ring_id"": ""RING-1""}"
R02178,transaction,T01006,account,A0099,INITIATED_BY,2024-05-06T21:36:57.835152,"{""ring_id"": ""RING-1""}"
R02179,transaction,T01006,merchant,M0017,PURCHASED_AT,2024-05-06T21:36:57.835152,"{""ring_id"": ""RING-1""}"
R02180,transaction,T01007,account,A0099,INITIATED_BY,2024-06-05T17:16:33.581447,"{""ring_id"": ""RING-1""}"
R02181,transaction,T01007,merchant,M0027,PURCHASED_AT,2024-06-05T17:16:33.581447,"{""ring_id"": ""RING-1""}"
R02182,transaction,T01008,account,A0099,INITIATED_BY,2024-04-14T11:10:18.425280,"{""ring_id"": ""RING-1""}"
R02183,transaction,T01008,merchant,M0016,PURCHASED_AT,2024-04-14T11:10:18.425280,"{""ring_id"": ""RING-1""}"
R02184,transaction,T01009,account,A0099,INITIATED_BY,2024-02-07T23:13:30.007478,"{""ring_id"": ""RING-1""}"
R02185,transaction,T01009,merchant,M0016,PURCHASED_AT,2024-02-07T23:13:30.007478,"{""ring_id"": ""RING-1""}"
R02186,transaction,T01010,account,A0099,INITIATED_BY,2024-03-06T13:30:31.581014,"{""ring_id"": ""RING-1""}"
R02187,transaction,T01010,merchant,M0005,PURCHASED_AT,2024-03-06T13:30:31.581014,"{""ring_id"": ""RING-1""}"
R02188,transaction,T01011,account,A0099,INITIATED_BY,2024-03-09T03:45:30.107274,"{""ring_id"": ""RING-1""}"
R02189,transaction,T01011,merchant,M0016,PURCHASED_AT,2024-03-09T03:45:30.107274,"{""ring_id"": ""RING-1""}"
R02190,transaction,T01012,account,A0110,INITIATED_BY,2024-02-02T12:19:30.820964,"{""ring_id"": ""RING-1""}"
R02191,transaction,T01012,merchant,M0022,PURCHASED_AT,2024-02-02T12:19:30.820964,"{""ring_id"": ""RING-1""}"
R02192,transaction,T01013,account,A0110,INITIATED_BY,2024-04-23T11:34:07.472694,"{""ring_id"": ""RING-1""}"
R02193,transaction,T01013,merchant,M0016,PURCHASED_AT,2024-04-23T11:34:07.472694,"{""ring_id"": ""RING-1""}"
R02194,transaction,T01014,account,A0110,INITIATED_BY,2024-03-29T10:35:27.177006,"{""ring_id"": ""RING-1""}"
R02195,transaction,T01014,merchant,M0021,PURCHASED_AT,2024-03-29T10:35:27.177006,"{""ring_id"": ""RING-1""}"
R02196,transaction,T01015,account,A0110,INITIATED_BY,2024-05-20T10:17:29.659891,"{""ring_id"": ""RING-1""}"
R02197,transaction,T01015,merchant,M0021,PURCHASED_AT,2024-05-20T10:17:29.659891,"{""ring_id"": ""RING-1""}"
R02198,transaction,T01016,account,A0110,INITIATED_BY,2024-02-19T19:32:18.523941,"{""ring_id"": ""RING-1""}"
R02199,transaction,T01016,merchant,M0021,PURCHASED_AT,2024-02-19T19:32:18.523941,"{""ring_id"": ""RING-1""}"
R02200,transaction,T01017,account,A0110,INITIATED_BY,2024-01-15T22:58:30.313212,"{""ring_id"": ""RING-1""}"
R02201,transaction,T01017,merchant,M0013,PURCHASED_AT,2024-01-15T22:58:30.313212,"{""ring_id"": ""RING-1""}"
R02202,transaction,T01018,account,A0120,INITIATED_BY,2024-02-19T13:03:38.021899,"{""ring_id"": ""RING-1""}"
R02203,transaction,T01018,merchant,M0022,PURCHASED_AT,2024-02-19T13:03:38.021899,"{""ring_id"": ""RING-1""}"
R02204,transaction,T01019,account,A0120,INITIATED_BY,2024-02-24T00:05:25.367893,"{""ring_id"": ""RING-1""}"
R02205,transaction,T01019,merchant,M0021,PURCHASED_AT,2024-02-24T00:05:25.367893,"{""ring_id"": ""RING-1""}"
R02206,transaction,T01020,account,A0120,INITIATED_BY,2024-02-03T11:09:41.407877,"{""ring_id"": ""RING-1""}"
R02207,transaction,T01020,merchant,M0023,PURCHASED_AT,2024-02-03T11:09:41.407877,"{""ring_id"": ""RING-1""}"
R02208,transaction,T01021,account,A0120,INITIATED_BY,2024-05-21T19:24:48.491898,"{""ring_id"": ""RING-1""}"
R02209,transaction,T01021,merchant,M0023,PURCHASED_AT,2024-05-21T19:24:48.491898,"{""ring_id"": ""RING-1""}"
R02210,transaction,T01022,account,A0120,INITIATED_BY,2024-04-07T13:20:12.757923,"{""ring_id"": ""RING-1""}"
R02211,transaction,T01022,merchant,M0027,PURCHASED_AT,2024-04-07T13:20:12.757923,"{""ring_id"": ""RING-1""}"
R02212,transaction,T01023,account,A0120,INITIATED_BY,2024-06-23T18:55:06.433856,"{""ring_id"": ""RING-1""}"
R02213,transaction,T01023,merchant,M0017,PURCHASED_AT,2024-06-23T18:55:06.433856,"{""ring_id"": ""RING-1""}"
R02214,transaction,T01024,account,A0120,INITIATED_BY,2024-01-01T23:07:38.884810,"{""ring_id"": ""RING-1""}"
R02215,transaction,T01024,merchant,M0016,PURCHASED_AT,2024-01-01T23:07:38.884810,"{""ring_id"": ""RING-1""}"
R02216,transaction,T01025,account,A0120,INITIATED_BY,2024-04-14T02:09:07.172996,"{""ring_id"": ""RING-1""}"
R02217,transaction,T01025,merchant,M0016,PURCHASED_AT,2024-04-14T02:09:07.172996,"{""ring_id"": ""RING-1""}"
R02218,transaction,T01026,account,A0120,INITIATED_BY,2024-01-16T07:32:50.152281,"{""ring_id"": ""RING-1""}"
R02219,transaction,T01026,merchant,M0005,PURCHASED_AT,2024-01-16T07:32:50.152281,"{""ring_id"": ""RING-1""}"
R02220,transaction,T01027,account,A0120,INITIATED_BY,2024-02-01T01:26:39.459754,"{""ring_id"": ""RING-1""}"
R02221,transaction,T01027,merchant,M0023,PURCHASED_AT,2024-02-01T01:26:39.459754,"{""ring_id"": ""RING-1""}"
R02222,transaction,T01028,account,A0120,INITIATED_BY,2024-06-20T06:21:22.649209,"{""ring_id"": ""RING-1""}"
R02223,transaction,T01028,merchant,M0005,PURCHASED_AT,2024-06-20T06:21:22.649209,"{""ring_id"": ""RING-1""}"
R02224,transaction,T01029,account,A0120,INITIATED_BY,2024-01-26T07:31:49.157613,"{""ring_id"": ""RING-1""}"
R02225,transaction,T01029,merchant,M0022,PURCHASED_AT,2024-01-26T07:31:49.157613,"{""ring_id"": ""RING-1""}"
R02226,transaction,T01030,account,A0120,INITIATED_BY,2024-04-19T17:12:42.292867,"{""ring_id"": ""RING-1""}"
R02227,transaction,T01030,merchant,M0019,PURCHASED_AT,2024-04-19T17:12:42.292867,"{""ring_id"": ""RING-1""}"
R02228,transaction,T01031,account,A0120,INITIATED_BY,2024-02-12T21:57:50.201028,"{""ring_id"": ""RING-1""}"
R02229,transaction,T01031,merchant,M0005,PURCHASED_AT,2024-02-12T21:57:50.201028,"{""ring_id"": ""RING-1""}"
R02230,transaction,T01032,account,A0140,INITIATED_BY,2024-04-09T22:11:41.289148,"{""ring_id"": ""RING-1""}"
R02231,transaction,T01032,merchant,M0027,PURCHASED_AT,2024-04-09T22:11:41.289148,"{""ring_id"": ""RING-1""}"
R02232,transaction,T01033,account,A0140,INITIATED_BY,2024-03-17T09:13:59.561543,"{""ring_id"": ""RING-1""}"
R02233,transaction,T01033,merchant,M0027,PURCHASED_AT,2024-03-17T09:13:59.561543,"{""ring_id"": ""RING-1""}"
R02234,transaction,T01034,account,A0140,INITIATED_BY,2024-03-13T09:51:28.539143,"{""ring_id"": ""RING-1""}"
R02235,transaction,T01034,merchant,M0016,PURCHASED_AT,2024-03-13T09:51:28.539143,"{""ring_id"": ""RING-1""}"
R02236,transaction,T01035,account,A0140,INITIATED_BY,2024-04-06T23:58:06.111827,"{""ring_id"": ""RING-1""}"
R02237,transaction,T01035,merchant,M0016,PURCHASED_AT,2024-04-06T23:58:06.111827,"{""ring_id"": ""RING-1""}"
R02238,transaction,T01036,account,A0140,INITIATED_BY,2024-05-09T07:32:56.185957,"{""ring_id"": ""RING-1""}"
R02239,transaction,T01036,merchant,M0017,PURCHASED_AT,2024-05-09T07:32:56.185957,"{""ring_id"": ""RING-1""}"
R02240,transaction,T01037,account,A0140,INITIATED_BY,2024-02-27T06:16:09.532707,"{""ring_id"": ""RING-1""}"
R02241,transaction,T01037,merchant,M0016,PURCHASED_AT,2024-02-27T06:16:09.532707,"{""ring_id"": ""RING-1""}"
R02242,transaction,T01038,account,A0140,INITIATED_BY,2024-02-14T19:07:47.810103,"{""ring_id"": ""RING-1""}"
R02243,transaction,T01038,merchant,M0027,PURCHASED_AT,2024-02-14T19:07:47.810103,"{""ring_id"": ""RING-1""}"
R02244,transaction,T01039,account,A0140,INITIATED_BY,2024-01-12T22:31:38.842587,"{""ring_id"": ""RING-1""}"
R02245,transaction,T01039,merchant,M0021,PURCHASED_AT,2024-01-12T22:31:38.842587,"{""ring_id"": ""RING-1""}"
R02246,transaction,T01040,account,A0143,INITIATED_BY,2024-02-19T12:43:17.911983,"{""ring_id"": ""RING-1""}"
R02247,transaction,T01040,merchant,M0017,PURCHASED_AT,2024-02-19T12:43:17.911983,"{""ring_id"": ""RING-1""}"
R02248,transaction,T01041,account,A0143,INITIATED_BY,2024-05-21T16:11:41.422038,"{""ring_id"": ""RING-1""}"
R02249,transaction,T01041,merchant,M0013,PURCHASED_AT,2024-05-21T16:11:41.422038,"{""ring_id"": ""RING-1""}"
R02250,transaction,T01042,account,A0143,INITIATED_BY,2024-01-18T07:01:41.450849,"{""ring_id"": ""RING-1""}"
R02251,transaction,T01042,merchant,M0022,PURCHASED_AT,2024-01-18T07:01:41.450849,"{""ring_id"": ""RING-1""}"
R02252,transaction,T01043,account,A0143,INITIATED_BY,2024-01-18T22:20:36.117662,"{""ring_id"": ""RING-1""}"
R02253,transaction,T01043,merchant,M0027,PURCHASED_AT,2024-01-18T22:20:36.117662,"{""ring_id"": ""RING-1""}"
R02254,transaction,T01044,account,A0143,INITIATED_BY,2024-02-02T16:50:28.577348,"{""ring_id"": ""RING-1""}"
R02255,transaction,T01044,merchant,M0021,PURCHASED_AT,2024-02-02T16:50:28.577348,"{""ring_id"": ""RING-1""}"
R02256,transaction,T01045,account,A0143,INITIATED_BY,2024-02-16T21:21:40.028978,"{""ring_id"": ""RING-1""}"
R02257,transaction,T01045,merchant,M0016,PURCHASED_AT,2024-02-16T21:21:40.028978,"{""ring_id"": ""RING-1""}"
R02258,transaction,T01046,account,A0143,INITIATED_BY,2024-03-09T13:30:36.313287,"{""ring_id"": ""RING-1""}"
R02259,transaction,T01046,merchant,M0016,PURCHASED_AT,2024-03-09T13:30:36.313287,"{""ring_id"": ""RING-1""}"
R02260,transaction,T01047,account,A0143,INITIATED_BY,2024-05-08T01:23:25.776257,"{""ring_id"": ""RING-1""}"
R02261,transaction,T01047,merchant,M0019,PURCHASED_AT,2024-05-08T01:23:25.776257,"{""ring_id"": ""RING-1""}"
R02262,transaction,T01048,account,A0143,INITIATED_BY,2024-03-20T10:50:32.192559,"{""ring_id"": ""RING-1""}"
R02263,transaction,T01048,merchant,M0016,PURCHASED_AT,2024-03-20T10:50:32.192559,"{""ring_id"": ""RING-1""}"
R02264,transaction,T01049,account,A0028,INITIATED_BY,2024-06-19T10:38:41.744612,"{""ring_id"": ""RING-2""}"
R02265,transaction,T01049,merchant,M0023,PURCHASED_AT,2024-06-19T10:38:41.744612,"{""ring_id"": ""RING-2""}"
R02266,transaction,T01050,account,A0028,INITIATED_BY,2024-06-20T11:44:34.775213,"{""ring_id"": ""RING-2""}"
R02267,transaction,T01050,merchant,M0013,PURCHASED_AT,2024-06-20T11:44:34.775213,"{""ring_id"": ""RING-2""}"
R02268,transaction,T01051,account,A0028,INITIATED_BY,2024-01-14T21:09:19.133799,"{""ring_id"": ""RING-2""}"
R02269,transaction,T01051,merchant,M0013,PURCHASED_AT,2024-01-14T21:09:19.133799,"{""ring_id"": ""RING-2""}"
R02270,transaction,T01052,account,A0028,INITIATED_BY,2024-01-16T07:26:15.953938,"{""ring_id"": ""RING-2""}"
R02271,transaction,T01052,merchant,M0005,PURCHASED_AT,2024-01-16T07:26:15.953938,"{""ring_id"": ""RING-2""}"
R02272,transaction,T01053,account,A0028,INITIATED_BY,2024-06-23T03:39:01.955777,"{""ring_id"": ""RING-2""}"
R02273,transaction,T01053,merchant,M0005,PURCHASED_AT,2024-06-23T03:39:01.955777,"{""ring_id"": ""RING-2""}"
R02274,transaction,T01054,account,A0028,INITIATED_BY,2024-05-04T00:10:09.758997,"{""ring_id"": ""RING-2""}"
R02275,transaction,T01054,merchant,M0023,PURCHASED_AT,2024-05-04T00:10:09.758997,"{""ring_id"": ""RING-2""}"
R02276,transaction,T01055,account,A0028,INITIATED_BY,2024-02-04T10:09:33.527229,"{""ring_id"": ""RING-2""}"
R02277,transaction,T01055,merchant,M0027,PURCHASED_AT,2024-02-04T10:09:33.527229,"{""ring_id"": ""RING-2""}"
R02278,transaction,T01056,account,A0028,INITIATED_BY,2024-05-15T16:33:27.309087,"{""ring_id"": ""RING-2""}"
R02279,transaction,T01056,merchant,M0023,PURCHASED_AT,2024-05-15T16:33:27.309087,"{""ring_id"": ""RING-2""}"
R02280,transaction,T01057,account,A0028,INITIATED_BY,2024-05-02T02:07:27.478528,"{""ring_id"": ""RING-2""}"
R02281,transaction,T01057,merchant,M0016,PURCHASED_AT,2024-05-02T02:07:27.478528,"{""ring_id"": ""RING-2""}"
R02282,transaction,T01058,account,A0030,INITIATED_BY,2024-03-04T22:41:54.318008,"{""ring_id"": ""RING-2""}"
R02283,transaction,T01058,merchant,M0023,PURCHASED_AT,2024-03-04T22:41:54.318008,"{""ring_id"": ""RING-2""}"
R02284,transaction,T01059,account,A0030,INITIATED_BY,2024-06-24T12:30:00.667438,"{""ring_id"": ""RING-2""}"
R02285,transaction,T01059,merchant,M0019,PURCHASED_AT,2024-06-24T12:30:00.667438,"{""ring_id"": ""RING-2""}"
R02286,transaction,T01060,account,A0030,INITIATED_BY,2024-02-22T12:02:28.421099,"{""ring_id"": ""RING-2""}"
R02287,transaction,T01060,merchant,M0013,PURCHASED_AT,2024-02-22T12:02:28.421099,"{""ring_id"": ""RING-2""}"
R02288,transaction,T01061,account,A0030,INITIATED_BY,2024-03-12T05:53:30.092228,"{""ring_id"": ""RING-2""}"
R02289,transaction,T01061,merchant,M0027,PURCHASED_AT,2024-03-12T05:53:30.092228,"{""ring_id"": ""RING-2""}"
R02290,transaction,T01062,account,A0030,INITIATED_BY,2024-06-02T13:14:24.480070,"{""ring_id"": ""RING-2""}"
R02291,transaction,T01062,merchant,M0027,PURCHASED_AT,2024-06-02T13:14:24.480070,"{""ring_id"": ""RING-2""}"
R02292,transaction,T01063,account,A0030,INITIATED_BY,2024-02-24T00:02:06.800715,"{""ring_id"": ""RING-2""}"
R02293,transaction,T01063,merchant,M0019,PURCHASED_AT,2024-02-24T00:02:06.800715,"{""ring_id"": ""RING-2""}"
R02294,transaction,T01064,account,A0030,INITIATED_BY,2024-03-13T18:35:01.596918,"{""ring_id"": ""RING-2""}"
R02295,transaction,T01064,merchant,M0016,PURCHASED_AT,2024-03-13T18:35:01.596918,"{""ring_id"": ""RING-2""}"
R02296,transaction,T01065,account,A0030,INITIATED_BY,2024-04-05T18:23:43.683345,"{""ring_id"": ""RING-2""}"
R02297,transaction,T01065,merchant,M0013,PURCHASED_AT,2024-04-05T18:23:43.683345,"{""ring_id"": ""RING-2""}"
R02298,transaction,T01066,account,A0030,INITIATED_BY,2024-01-02T06:01:08.411245,"{""ring_id"": ""RING-2""}"
R02299,transaction,T01066,merchant,M0022,PURCHASED_AT,2024-01-02T06:01:08.411245,"{""ring_id"": ""RING-2""}"
R02300,transaction,T01067,account,A0030,INITIATED_BY,2024-03-08T18:00:01.176849,"{""ring_id"": ""RING-2""}"
R02301,transaction,T01067,merchant,M0021,PURCHASED_AT,2024-03-08T18:00:01.176849,"{""ring_id"": ""RING-2""}"
R02302,transaction,T01068,account,A0076,INITIATED_BY,2024-04-28T18:52:43.595103,"{""ring_id"": ""RING-2""}"
R02303,transaction,T01068,merchant,M0022,PURCHASED_AT,2024-04-28T18:52:43.595103,"{""ring_id"": ""RING-2""}"
R02304,transaction,T01069,account,A0076,INITIATED_BY,2024-01-02T01:14:22.524833,"{""ring_id"": ""RING-2""}"
R02305,transaction,T01069,merchant,M0021,PURCHASED_AT,2024-01-02T01:14:22.524833,"{""ring_id"": ""RING-2""}"
R02306,transaction,T01070,account,A0076,INITIATED_BY,2024-01-08T06:52:24.239600,"{""ring_id"": ""RING-2""}"
R02307,transaction,T01070,merchant,M0018,PURCHASED_AT,2024-01-08T06:52:24.239600,"{""ring_id"": ""RING-2""}"
R02308,transaction,T01071,account,A0076,INITIATED_BY,2024-04-30T13:59:37.442633,"{""ring_id"": ""RING-2""}"
R02309,transaction,T01071,merchant,M0016,PURCHASED_AT,2024-04-30T13:59:37.442633,"{""ring_id"": ""RING-2""}"
R02310,transaction,T01072,account,A0076,INITIATED_BY,2024-04-09T13:44:14.046269,"{""ring_id"": ""RING-2""}"
R02311,transaction,T01072,merchant,M0022,PURCHASED_AT,2024-04-09T13:44:14.046269,"{""ring_id"": ""RING-2""}"
R02312,transaction,T01073,account,A0076,INITIATED_BY,2024-03-31T20:04:25.257214,"{""ring_id"": ""RING-2""}"
R02313,transaction,T01073,merchant,M0021,PURCHASED_AT,2024-03-31T20:04:25.257214,"{""ring_id"": ""RING-2""}"
R02314,transaction,T01074,account,A0076,INITIATED_BY,2024-05-23T11:32:42.304005,"{""ring_id"": ""RING-2""}"
R02315,transaction,T01074,merchant,M0013,PURCHASED_AT,2024-05-23T11:32:42.304005,"{""ring_id"": ""RING-2""}"
R02316,transaction,T01075,account,A0076,INITIATED_BY,2024-01-10T10:03:39.785855,"{""ring_id"": ""RING-2""}"
R02317,transaction,T01075,merchant,M0017,PURCHASED_AT,2024-01-10T10:03:39.785855,"{""ring_id"": ""RING-2""}"
R02318,transaction,T01076,account,A0076,INITIATED_BY,2024-03-19T14:43:23.047960,"{""ring_id"": ""RING-2""}"
R02319,transaction,T01076,merchant,M0005,PURCHASED_AT,2024-03-19T14:43:23.047960,"{""ring_id"": ""RING-2""}"
R02320,transaction,T01077,account,A0001,INITIATED_BY,2024-05-11T23:51:20.871878,"{""ring_id"": ""RING-3""}"
R02321,transaction,T01077,merchant,M0016,PURCHASED_AT,2024-05-11T23:51:20.871878,"{""ring_id"": ""RING-3""}"
R02322,transaction,T01078,account,A0001,INITIATED_BY,2024-06-05T09:56:26.173031,"{""ring_id"": ""RING-3""}"
R02323,transaction,T01078,merchant,M0013,PURCHASED_AT,2024-06-05T09:56:26.173031,"{""ring_id"": ""RING-3""}"
R02324,transaction,T01079,account,A0001,INITIATED_BY,2024-05-06T21:46:25.249322,"{""ring_id"": ""RING-3""}"
R02325,transaction,T01079,merchant,M0013,PURCHASED_AT,2024-05-06T21:46:25.249322,"{""ring_id"": ""RING-3""}"
R02326,transaction,T01080,account,A0001,INITIATED_BY,2024-04-23T19:58:33.440292,"{""ring_id"": ""RING-3""}"
R02327,transaction,T01080,merchant,M0027,PURCHASED_AT,2024-04-23T19:58:33.440292,"{""ring_id"": ""RING-3""}"
R02328,transaction,T01081,account,A0001,INITIATED_BY,2024-01-07T22:39:49.603123,"{""ring_id"": ""RING-3""}"
R02329,transaction,T01081,merchant,M0021,PURCHASED_AT,2024-01-07T22:39:49.603123,"{""ring_id"": ""RING-3""}"
R02330,transaction,T01082,account,A0001,INITIATED_BY,2024-02-06T03:15:04.806814,"{""ring_id"": ""RING-3""}"
R02331,transaction,T01082,merchant,M0027,PURCHASED_AT,2024-02-06T03:15:04.806814,"{""ring_id"": ""RING-3""}"
R02332,transaction,T01083,account,A0001,INITIATED_BY,2024-05-06T17:29:24.340114,"{""ring_id"": ""RING-3""}"
R02333,transaction,T01083,merchant,M0018,PURCHASED_AT,2024-05-06T17:29:24.340114,"{""ring_id"": ""RING-3""}"
R02334,transaction,T01084,account,A0001,INITIATED_BY,2024-01-12T02:30:11.516945,"{""ring_id"": ""RING-3""}"
R02335,transaction,T01084,merchant,M0022,PURCHASED_AT,2024-01-12T02:30:11.516945,"{""ring_id"": ""RING-3""}"
R02336,transaction,T01085,account,A0001,INITIATED_BY,2024-03-06T19:22:29.202706,"{""ring_id"": ""RING-3""}"
R02337,transaction,T01085,merchant,M0018,PURCHASED_AT,2024-03-06T19:22:29.202706,"{""ring_id"": ""RING-3""}"
R02338,transaction,T01086,account,A0001,INITIATED_BY,2024-02-02T21:31:44.597612,"{""ring_id"": ""RING-3""}"
R02339,transaction,T01086,merchant,M0005,PURCHASED_AT,2024-02-02T21:31:44.597612,"{""ring_id"": ""RING-3""}"
R02340,transaction,T01087,account,A0001,INITIATED_BY,2024-02-08T08:49:49.733919,"{""ring_id"": ""RING-3""}"
R02341,transaction,T01087,merchant,M0019,PURCHASED_AT,2024-02-08T08:49:49.733919,"{""ring_id"": ""RING-3""}"
R02342,transaction,T01088,account,A0019,INITIATED_BY,2024-06-20T15:32:15.500214,"{""ring_id"": ""RING-3""}"
R02343,transaction,T01088,merchant,M0018,PURCHASED_AT,2024-06-20T15:32:15.500214,"{""ring_id"": ""RING-3""}"
R02344,transaction,T01089,account,A0019,INITIATED_BY,2024-05-01T01:54:29.214625,"{""ring_id"": ""RING-3""}"
R02345,transaction,T01089,merchant,M0013,PURCHASED_AT,2024-05-01T01:54:29.214625,"{""ring_id"": ""RING-3""}"
R02346,transaction,T01090,account,A0019,INITIATED_BY,2024-05-14T11:17:48.101097,"{""ring_id"": ""RING-3""}"
R02347,transaction,T01090,merchant,M0019,PURCHASED_AT,2024-05-14T11:17:48.101097,"{""ring_id"": ""RING-3""}"
R02348,transaction,T01091,account,A0019,INITIATED_BY,2024-02-08T00:23:04.788313,"{""ring_id"": ""RING-3""}"
R02349,transaction,T01091,merchant,M0018,PURCHASED_AT,2024-02-08T00:23:04.788313,"{""ring_id"": ""RING-3""}"
R02350,transaction,T01092,account,A0019,INITIATED_BY,2024-04-23T22:48:09.653898,"{""ring_id"": ""RING-3""}"
R02351,transaction,T01092,merchant,M0016,PURCHASED_AT,2024-04-23T22:48:09.653898,"{""ring_id"": ""RING-3""}"
R02352,transaction,T01093,account,A0019,INITIATED_BY,2024-02-04T22:04:37.530877,"{""ring_id"": ""RING-3""}"
R02353,transaction,T01093,merchant,M0017,PURCHASED_AT,2024-02-04T22:04:37.530877,"{""ring_id"": ""RING-3""}"
R02354,transaction,T01094,account,A0043,INITIATED_BY,2024-05-11T06:55:23.748026,"{""ring_id"": ""RING-3""}"
R02355,transaction,T01094,merchant,M0018,PURCHASED_AT,2024-05-11T06:55:23.748026,"{""ring_id"": ""RING-3""}"
R02356,transaction,T01095,account,A0043,INITIATED_BY,2024-03-16T16:42:55.289709,"{""ring_id"": ""RING-3""}"
R02357,transaction,T01095,merchant,M0017,PURCHASED_AT,2024-03-16T16:42:55.289709,"{""ring_id"": ""RING-3""}"
R02358,transaction,T01096,account,A0043,INITIATED_BY,2024-04-24T00:07:55.161590,"{""ring_id"": ""RING-3""}"
R02359,transaction,T01096,merchant,M0022,PURCHASED_AT,2024-04-24T00:07:55.161590,"{""ring_id"": ""RING-3""}"
R02360,transaction,T01097,account,A0043,INITIATED_BY,2024-04-04T19:13:31.577807,"{""ring_id"": ""RING-3""}"
R02361,transaction,T01097,merchant,M0021,PURCHASED_AT,2024-04-04T19:13:31.577807,"{""ring_id"": ""RING-3""}"
R02362,transaction,T01098,account,A0043,INITIATED_BY,2024-05-06T02:29:30.671513,"{""ring_id"": ""RING-3""}"
R02363,transaction,T01098,merchant,M0018,PURCHASED_AT,2024-05-06T02:29:30.671513,"{""ring_id"": ""RING-3""}"
R02364,transaction,T01099,account,A0043,INITIATED_BY,2024-01-12T00:05:11.363129,"{""ring_id"": ""RING-3""}"
R02365,transaction,T01099,merchant,M0027,PURCHASED_AT,2024-01-12T00:05:11.363129,"{""ring_id"": ""RING-3""}"
R02366,transaction,T01100,account,A0043,INITIATED_BY,2024-06-06T12:23:27.051192,"{""ring_id"": ""RING-3""}"
R02367,transaction,T01100,merchant,M0023,PURCHASED_AT,2024-06-06T12:23:27.051192,"{""ring_id"": ""RING-3""}"
R02368,transaction,T01101,account,A0043,INITIATED_BY,2024-03-10T12:44:57.925781,"{""ring_id"": ""RING-3""}"
R02369,transaction,T01101,merchant,M0023,PURCHASED_AT,2024-03-10T12:44:57.925781,"{""ring_id"": ""RING-3""}"
R02370,transaction,T01102,account,A0043,INITIATED_BY,2024-02-03T07:35:03.056993,"{""ring_id"": ""RING-3""}"
R02371,transaction,T01102,merchant,M0017,PURCHASED_AT,2024-02-03T07:35:03.056993,"{""ring_id"": ""RING-3""}"
R02372,transaction,T01103,account,A0043,INITIATED_BY,2024-06-08T03:02:57.816348,"{""ring_id"": ""RING-3""}"
R02373,transaction,T01103,merchant,M0005,PURCHASED_AT,2024-06-08T03:02:57.816348,"{""ring_id"": ""RING-3""}"
R02374,transaction,T01104,account,A0043,INITIATED_BY,2024-02-16T20:22:39.284038,"{""ring_id"": ""RING-3""}"
R02375,transaction,T01104,merchant,M0023,PURCHASED_AT,2024-02-16T20:22:39.284038,"{""ring_id"": ""RING-3""}"
R02376,transaction,T01105,account,A0043,INITIATED_BY,2024-01-22T13:23:06.543684,"{""ring_id"": ""RING-3""}"
R02377,transaction,T01105,merchant,M0023,PURCHASED_AT,2024-01-22T13:23:06.543684,"{""ring_id"": ""RING-3""}"
R02378,transaction,T01106,account,A0043,INITIATED_BY,2024-01-08T01:48:35.618343,"{""ring_id"": ""RING-3""}"
R02379,transaction,T01106,merchant,M0018,PURCHASED_AT,2024-01-08T01:48:35.618343,"{""ring_id"": ""RING-3""}"
R02380,transaction,T01107,account,A0077,INITIATED_BY,2024-04-26T06:38:33.402948,"{""ring_id"": ""RING-3""}"
R02381,transaction,T01107,merchant,M0005,PURCHASED_AT,2024-04-26T06:38:33.402948,"{""ring_id"": ""RING-3""}"
R02382,transaction,T01108,account,A0077,INITIATED_BY,2024-04-27T09:42:57.794195,"{""ring_id"": ""RING-3""}"
R02383,transaction,T01108,merchant,M0005,PURCHASED_AT,2024-04-27T09:42:57.794195,"{""ring_id"": ""RING-3""}"
R02384,transaction,T01109,account,A0077,INITIATED_BY,2024-02-17T18:58:54.685440,"{""ring_id"": ""RING-3""}"
R02385,transaction,T01109,merchant,M0023,PURCHASED_AT,2024-02-17T18:58:54.685440,"{""ring_id"": ""RING-3""}"
R02386,transaction,T01110,account,A0077,INITIATED_BY,2024-02-28T18:12:54.181008,"{""ring_id"": ""RING-3""}"
R02387,transaction,T01110,merchant,M0018,PURCHASED_AT,2024-02-28T18:12:54.181008,"{""ring_id"": ""RING-3""}"
R02388,transaction,T01111,account,A0077,INITIATED_BY,2024-05-12T05:11:26.468078,"{""ring_id"": ""RING-3""}"
R02389,transaction,T01111,merchant,M0017,PURCHASED_AT,2024-05-12T05:11:26.468078,"{""ring_id"": ""RING-3""}"
R02390,transaction,T01112,account,A0077,INITIATED_BY,2024-04-07T06:24:59.363406,"{""ring_id"": ""RING-3""}"
R02391,transaction,T01112,merchant,M0005,PURCHASED_AT,2024-04-07T06:24:59.363406,"{""ring_id"": ""RING-3""}"
R02392,transaction,T01113,account,A0077,INITIATED_BY,2024-06-20T03:55:51.551705,"{""ring_id"": ""RING-3""}"
R02393,transaction,T01113,merchant,M0021,PURCHASED_AT,2024-06-20T03:55:51.551705,"{""ring_id"": ""RING-3""}"
R02394,transaction,T01114,account,A0077,INITIATED_BY,2024-02-28T16:35:54.980912,"{""ring_id"": ""RING-3""}"
R02395,transaction,T01114,merchant,M0017,PURCHASED_AT,2024-02-28T16:35:54.980912,"{""ring_id"": ""RING-3""}"
R02396,transaction,T01115,account,A0077,INITIATED_BY,2024-05-12T02:18:10.491637,"{""ring_id"": ""RING-3""}"
R02397,transaction,T01115,merchant,M0017,PURCHASED_AT,2024-05-12T02:18:10.491637,"{""ring_id"": ""RING-3""}"
R02398,transaction,T01116,account,A0121,INITIATED_BY,2024-03-24T03:35:26.337605,"{""ring_id"": ""RING-3""}"
R02399,transaction,T01116,merchant,M0016,PURCHASED_AT,2024-03-24T03:35:26.337605,"{""ring_id"": ""RING-3""}"
R02400,transaction,T01117,account,A0121,INITIATED_BY,2024-04-27T05:01:09.106611,"{""ring_id"": ""RING-3""}"
R02401,transaction,T01117,merchant,M0016,PURCHASED_AT,2024-04-27T05:01:09.106611,"{""ring_id"": ""RING-3""}"
R02402,transaction,T01118,account,A0121,INITIATED_BY,2024-05-27T23:12:59.504238,"{""ring_id"": ""RING-3""}"
R02403,transaction,T01118,merchant,M0016,PURCHASED_AT,2024-05-27T23:12:59.504238,"{""ring_id"": ""RING-3""}"
R02404,transaction,T01119,account,A0121,INITIATED_BY,2024-03-18T04:15:36.047424,"{""ring_id"": ""RING-3""}"
R02405,transaction,T01119,merchant,M0013,PURCHASED_AT,2024-03-18T04:15:36.047424,"{""ring_id"": ""RING-3""}"
R02406,transaction,T01120,account,A0121,INITIATED_BY,2024-01-25T20:23:36.192119,"{""ring_id"": ""RING-3""}"
R02407,transaction,T01120,merchant,M0023,PURCHASED_AT,2024-01-25T20:23:36.192119,"{""ring_id"": ""RING-3""}"
R02408,transaction,T01121,account,A0121,INITIATED_BY,2024-01-20T21:59:39.398237,"{""ring_id"": ""RING-3""}"
R02409,transaction,T01121,merchant,M0005,PURCHASED_AT,2024-01-20T21:59:39.398237,"{""ring_id"": ""RING-3""}"
R02410,transaction,T01122,account,A0121,INITIATED_BY,2024-02-18T10:41:59.040038,"{""ring_id"": ""RING-3""}"
R02411,transaction,T01122,merchant,M0013,PURCHASED_AT,2024-02-18T10:41:59.040038,"{""ring_id"": ""RING-3""}"
R02412,transaction,T01123,account,A0121,INITIATED_BY,2024-06-22T07:53:28.500453,"{""ring_id"": ""RING-3""}"
R02413,transaction,T01123,merchant,M0005,PURCHASED_AT,2024-06-22T07:53:28.500453,"{""ring_id"": ""RING-3""}"
R02414,transaction,T01124,account,A0121,INITIATED_BY,2024-02-06T14:53:06.769138,"{""ring_id"": ""RING-3""}"
R02415,transaction,T01124,merchant,M0013,PURCHASED_AT,2024-02-06T14:53:06.769138,"{""ring_id"": ""RING-3""}"
R02416,transaction,T01125,account,A0121,INITIATED_BY,2024-03-01T01:08:58.029895,"{""ring_id"": ""RING-3""}"
R02417,transaction,T01125,merchant,M0018,PURCHASED_AT,2024-03-01T01:08:58.029895,"{""ring_id"": ""RING-3""}"
R02418,transaction,T01126,account,A0121,INITIATED_BY,2024-04-23T13:47:54.763766,"{""ring_id"": ""RING-3""}"
R02419,transaction,T01126,merchant,M0018,PURCHASED_AT,2024-04-23T13:47:54.763766,"{""ring_id"": ""RING-3""}"
R02420,transaction,T01127,account,A0121,INITIATED_BY,2024-04-08T13:55:31.023816,"{""ring_id"": ""RING-3""}"
R02421,transaction,T01127,merchant,M0013,PURCHASED_AT,2024-04-08T13:55:31.023816,"{""ring_id"": ""RING-3""}"
R02422,transaction,T01128,account,A0126,INITIATED_BY,2024-03-10T18:06:14.378448,"{""ring_id"": ""RING-3""}"
R02423,transaction,T01128,merchant,M0021,PURCHASED_AT,2024-03-10T18:06:14.378448,"{""ring_id"": ""RING-3""}"
R02424,transaction,T01129,account,A0126,INITIATED_BY,2024-05-04T07:18:45.923138,"{""ring_id"": ""RING-3""}"
R02425,transaction,T01129,merchant,M0021,PURCHASED_AT,2024-05-04T07:18:45.923138,"{""ring_id"": ""RING-3""}"
R02426,transaction,T01130,account,A0126,INITIATED_BY,2024-02-10T15:19:31.996002,"{""ring_id"": ""RING-3""}"
R02427,transaction,T01130,merchant,M0013,PURCHASED_AT,2024-02-10T15:19:31.996002,"{""ring_id"": ""RING-3""}"
R02428,transaction,T01131,account,A0126,INITIATED_BY,2024-01-22T10:06:59.816297,"{""ring_id"": ""RING-3""}"
R02429,transaction,T01131,merchant,M0019,PURCHASED_AT,2024-01-22T10:06:59.816297,"{""ring_id"": ""RING-3""}"
R02430,transaction,T01132,account,A0126,INITIATED_BY,2024-03-18T13:57:42.431871,"{""ring_id"": ""RING-3""}"
R02431,transaction,T01132,merchant,M0016,PURCHASED_AT,2024-03-18T13:57:42.431871,"{""ring_id"": ""RING-3""}"
R02432,transaction,T01133,account,A0126,INITIATED_BY,2024-06-10T15:42:09.525303,"{""ring_id"": ""RING-3""}"
R02433,transaction,T01133,merchant,M0016,PURCHASED_AT,2024-06-10T15:42:09.525303,"{""ring_id"": ""RING-3""}"
R02434,transaction,T01134,account,A0126,INITIATED_BY,2024-02-19T01:37:45.126482,"{""ring_id"": ""RING-3""}"
R02435,transaction,T01134,merchant,M0013,PURCHASED_AT,2024-02-19T01:37:45.126482,"{""ring_id"": ""RING-3""}"
R02436,transaction,T01135,account,A0126,INITIATED_BY,2024-05-22T18:47:27.646848,"{""ring_id"": ""RING-3""}"
R02437,transaction,T01135,merchant,M0013,PURCHASED_AT,2024-05-22T18:47:27.646848,"{""ring_id"": ""RING-3""}"
R02438,transaction,T01136,account,A0017,INITIATED_BY,2024-03-21T20:53:41.229792,"{""ring_id"": ""RING-4""}"
R02439,transaction,T01136,merchant,M0022,PURCHASED_AT,2024-03-21T20:53:41.229792,"{""ring_id"": ""RING-4""}"
R02440,transaction,T01137,account,A0017,INITIATED_BY,2024-03-21T20:31:41.229792,"{""ring_id"": ""RING-4""}"
R02441,transaction,T01137,merchant,M0018,PURCHASED_AT,2024-03-21T20:31:41.229792,"{""ring_id"": ""RING-4""}"
R02442,transaction,T01138,account,A0017,INITIATED_BY,2024-03-21T20:38:41.229792,"{""ring_id"": ""RING-4""}"
R02443,transaction,T01138,merchant,M0021,PURCHASED_AT,2024-03-21T20:38:41.229792,"{""ring_id"": ""RING-4""}"
R02444,transaction,T01139,account,A0017,INITIATED_BY,2024-03-21T20:46:41.229792,"{""ring_id"": ""RING-4""}"
R02445,transaction,T01139,merchant,M0021,PURCHASED_AT,2024-03-21T20:46:41.229792,"{""ring_id"": ""RING-4""}"
R02446,transaction,T01140,account,A0017,INITIATED_BY,2024-03-21T20:39:41.229792,"{""ring_id"": ""RING-4""}"
R02447,transaction,T01140,merchant,M0017,PURCHASED_AT,2024-03-21T20:39:41.229792,"{""ring_id"": ""RING-4""}"
R02448,transaction,T01141,account,A0017,INITIATED_BY,2024-03-21T20:44:41.229792,"{""ring_id"": ""RING-4""}"
R02449,transaction,T01141,merchant,M0022,PURCHASED_AT,2024-03-21T20:44:41.229792,"{""ring_id"": ""RING-4""}"
R02450,transaction,T01142,account,A0017,INITIATED_BY,2024-03-21T20:49:41.229792,"{""ring_id"": ""RING-4""}"
R02451,transaction,T01142,merchant,M0027,PURCHASED_AT,2024-03-21T20:49:41.229792,"{""ring_id"": ""RING-4""}"
R02452,transaction,T01143,account,A0017,INITIATED_BY,2024-03-21T20:38:41.229792,"{""ring_id"": ""RING-4""}"
R02453,transaction,T01143,merchant,M0017,PURCHASED_AT,2024-03-21T20:38:41.229792,"{""ring_id"": ""RING-4""}"
R02454,transaction,T01144,account,A0017,INITIATED_BY,2024-03-21T20:31:41.229792,"{""ring_id"": ""RING-4""}"
R02455,transaction,T01144,merchant,M0022,PURCHASED_AT,2024-03-21T20:31:41.229792,"{""ring_id"": ""RING-4""}"
R02456,transaction,T01145,account,A0017,INITIATED_BY,2024-03-21T20:54:41.229792,"{""ring_id"": ""RING-4""}"
R02457,transaction,T01145,merchant,M0019,PURCHASED_AT,2024-03-21T20:54:41.229792,"{""ring_id"": ""RING-4""}"
R02458,transaction,T01146,account,A0017,INITIATED_BY,2024-03-21T20:53:41.229792,"{""ring_id"": ""RING-4""}"
R02459,transaction,T01146,merchant,M0016,PURCHASED_AT,2024-03-21T20:53:41.229792,"{""ring_id"": ""RING-4""}"
R02460,transaction,T01147,account,A0033,INITIATED_BY,2024-01-11T02:44:49.629225,"{""ring_id"": ""RING-4""}"
R02461,transaction,T01147,merchant,M0016,PURCHASED_AT,2024-01-11T02:44:49.629225,"{""ring_id"": ""RING-4""}"
R02462,transaction,T01148,account,A0033,INITIATED_BY,2024-01-11T03:03:49.629225,"{""ring_id"": ""RING-4""}"
R02463,transaction,T01148,merchant,M0005,PURCHASED_AT,2024-01-11T03:03:49.629225,"{""ring_id"": ""RING-4""}"
R02464,transaction,T01149,account,A0033,INITIATED_BY,2024-01-11T03:02:49.629225,"{""ring_id"": ""RING-4""}"
R02465,transaction,T01149,merchant,M0013,PURCHASED_AT,2024-01-11T03:02:49.629225,"{""ring_id"": ""RING-4""}"
R02466,transaction,T01150,account,A0033,INITIATED_BY,2024-01-11T02:41:49.629225,"{""ring_id"": ""RING-4""}"
R02467,transaction,T01150,merchant,M0016,PURCHASED_AT,2024-01-11T02:41:49.629225,"{""ring_id"": ""RING-4""}"
R02468,transaction,T01151,account,A0033,INITIATED_BY,2024-01-11T02:41:49.629225,"{""ring_id"": ""RING-4""}"
R02469,transaction,T01151,merchant,M0013,PURCHASED_AT,2024-01-11T02:41:49.629225,"{""ring_id"": ""RING-4""}"
R02470,transaction,T01152,account,A0033,INITIATED_BY,2024-01-11T02:56:49.629225,"{""ring_id"": ""RING-4""}"
R02471,transaction,T01152,merchant,M0016,PURCHASED_AT,2024-01-11T02:56:49.629225,"{""ring_id"": ""RING-4""}"
R02472,transaction,T01153,account,A0033,INITIATED_BY,2024-01-11T02:55:49.629225,"{""ring_id"": ""RING-4""}"
R02473,transaction,T01153,merchant,M0019,PURCHASED_AT,2024-01-11T02:55:49.629225,"{""ring_id"": ""RING-4""}"
R02474,transaction,T01154,account,A0033,INITIATED_BY,2024-01-11T02:42:49.629225,"{""ring_id"": ""RING-4""}"
R02475,transaction,T01154,merchant,M0016,PURCHASED_AT,2024-01-11T02:42:49.629225,"{""ring_id"": ""RING-4""}"
R02476,transaction,T01155,account,A0036,INITIATED_BY,2024-04-01T02:31:55.139838,"{""ring_id"": ""RING-4""}"
R02477,transaction,T01155,merchant,M0005,PURCHASED_AT,2024-04-01T02:31:55.139838,"{""ring_id"": ""RING-4""}"
R02478,transaction,T01156,account,A0036,INITIATED_BY,2024-04-01T02:48:55.139838,"{""ring_id"": ""RING-4""}"
R02479,transaction,T01156,merchant,M0018,PURCHASED_AT,2024-04-01T02:48:55.139838,"{""ring_id"": ""RING-4""}"
R02480,transaction,T01157,account,A0036,INITIATED_BY,2024-04-01T02:48:55.139838,"{""ring_id"": ""RING-4""}"
R02481,transaction,T01157,merchant,M0021,PURCHASED_AT,2024-04-01T02:48:55.139838,"{""ring_id"": ""RING-4""}"
R02482,transaction,T01158,account,A0036,INITIATED_BY,2024-04-01T02:42:55.139838,"{""ring_id"": ""RING-4""}"
R02483,transaction,T01158,merchant,M0016,PURCHASED_AT,2024-04-01T02:42:55.139838,"{""ring_id"": ""RING-4""}"
R02484,transaction,T01159,account,A0036,INITIATED_BY,2024-04-01T02:45:55.139838,"{""ring_id"": ""RING-4""}"
R02485,transaction,T01159,merchant,M0016,PURCHASED_AT,2024-04-01T02:45:55.139838,"{""ring_id"": ""RING-4""}"
R02486,transaction,T01160,account,A0036,INITIATED_BY,2024-04-01T02:34:55.139838,"{""ring_id"": ""RING-4""}"
R02487,transaction,T01160,merchant,M0022,PURCHASED_AT,2024-04-01T02:34:55.139838,"{""ring_id"": ""RING-4""}"
R02488,transaction,T01161,account,A0036,INITIATED_BY,2024-04-01T02:20:55.139838,"{""ring_id"": ""RING-4""}"
R02489,transaction,T01161,merchant,M0016,PURCHASED_AT,2024-04-01T02:20:55.139838,"{""ring_id"": ""RING-4""}"
R02490,transaction,T01162,account,A0070,INITIATED_BY,2024-01-19T21:50:49.924117,"{""ring_id"": ""RING-4""}"
R02491,transaction,T01162,merchant,M0019,PURCHASED_AT,2024-01-19T21:50:49.924117,"{""ring_id"": ""RING-4""}"
R02492,transaction,T01163,account,A0070,INITIATED_BY,2024-01-19T21:36:49.924117,"{""ring_id"": ""RING-4""}"
R02493,transaction,T01163,merchant,M0018,PURCHASED_AT,2024-01-19T21:36:49.924117,"{""ring_id"": ""RING-4""}"
R02494,transaction,T01164,account,A0070,INITIATED_BY,2024-01-19T21:55:49.924117,"{""ring_id"": ""RING-4""}"
R02495,transaction,T01164,merchant,M0005,PURCHASED_AT,2024-01-19T21:55:49.924117,"{""ring_id"": ""RING-4""}"
R02496,transaction,T01165,account,A0070,INITIATED_BY,2024-01-19T21:38:49.924117,"{""ring_id"": ""RING-4""}"
R02497,transaction,T01165,merchant,M0005,PURCHASED_AT,2024-01-19T21:38:49.924117,"{""ring_id"": ""RING-4""}"
R02498,transaction,T01166,account,A0070,INITIATED_BY,2024-01-19T21:32:49.924117,"{""ring_id"": ""RING-4""}"
R02499,transaction,T01166,merchant,M0022,PURCHASED_AT,2024-01-19T21:32:49.924117,"{""ring_id"": ""RING-4""}"
R02500,transaction,T01167,account,A0070,INITIATED_BY,2024-01-19T21:42:49.924117,"{""ring_id"": ""RING-4""}"
R02501,transaction,T01167,merchant,M0005,PURCHASED_AT,2024-01-19T21:42:49.924117,"{""ring_id"": ""RING-4""}"
R02502,transaction,T01168,account,A0091,INITIATED_BY,2024-05-16T02:05:10.166456,"{""ring_id"": ""RING-4""}"
R02503,transaction,T01168,merchant,M0019,PURCHASED_AT,2024-05-16T02:05:10.166456,"{""ring_id"": ""RING-4""}"
R02504,transaction,T01169,account,A0091,INITIATED_BY,2024-05-16T02:04:10.166456,"{""ring_id"": ""RING-4""}"
R02505,transaction,T01169,merchant,M0023,PURCHASED_AT,2024-05-16T02:04:10.166456,"{""ring_id"": ""RING-4""}"
R02506,transaction,T01170,account,A0091,INITIATED_BY,2024-05-16T02:16:10.166456,"{""ring_id"": ""RING-4""}"
R02507,transaction,T01170,merchant,M0021,PURCHASED_AT,2024-05-16T02:16:10.166456,"{""ring_id"": ""RING-4""}"
R02508,transaction,T01171,account,A0091,INITIATED_BY,2024-05-16T02:22:10.166456,"{""ring_id"": ""RING-4""}"
R02509,transaction,T01171,merchant,M0016,PURCHASED_AT,2024-05-16T02:22:10.166456,"{""ring_id"": ""RING-4""}"
R02510,transaction,T01172,account,A0091,INITIATED_BY,2024-05-16T02:29:10.166456,"{""ring_id"": ""RING-4""}"
R02511,transaction,T01172,merchant,M0017,PURCHASED_AT,2024-05-16T02:29:10.166456,"{""ring_id"": ""RING-4""}"
R02512,transaction,T01173,account,A0091,INITIATED_BY,2024-05-16T02:17:10.166456,"{""ring_id"": ""RING-4""}"
R02513,transaction,T01173,merchant,M0016,PURCHASED_AT,2024-05-16T02:17:10.166456,"{""ring_id"": ""RING-4""}"
R02514,transaction,T01174,account,A0091,INITIATED_BY,2024-05-16T02:11:10.166456,"{""ring_id"": ""RING-4""}"
R02515,transaction,T01174,merchant,M0016,PURCHASED_AT,2024-05-16T02:11:10.166456,"{""ring_id"": ""RING-4""}"
R02516,transaction,T01175,account,A0091,INITIATED_BY,2024-05-16T02:08:10.166456,"{""ring_id"": ""RING-4""}"
R02517,transaction,T01175,merchant,M0021,PURCHASED_AT,2024-05-16T02:08:10.166456,"{""ring_id"": ""RING-4""}"
R02518,transaction,T01176,account,A0091,INITIATED_BY,2024-05-16T02:21:10.166456,"{""ring_id"": ""RING-4""}"
R02519,transaction,T01176,merchant,M0027,PURCHASED_AT,2024-05-16T02:21:10.166456,"{""ring_id"": ""RING-4""}"
R02520,transaction,T01177,account,A0091,INITIATED_BY,2024-05-16T02:25:10.166456,"{""ring_id"": ""RING-4""}"
R02521,transaction,T01177,merchant,M0016,PURCHASED_AT,2024-05-16T02:25:10.166456,"{""ring_id"": ""RING-4""}"
R02522,transaction,T01178,account,A0109,INITIATED_BY,2024-02-26T18:53:38.520947,"{""ring_id"": ""RING-4""}"
R02523,transaction,T01178,merchant,M0018,PURCHASED_AT,2024-02-26T18:53:38.520947,"{""ring_id"": ""RING-4""}"
R02524,transaction,T01179,account,A0109,INITIATED_BY,2024-02-26T18:53:38.520947,"{""ring_id"": ""RING-4""}"
R02525,transaction,T01179,merchant,M0013,PURCHASED_AT,2024-02-26T18:53:38.520947,"{""ring_id"": ""RING-4""}"
R02526,transaction,T01180,account,A0109,INITIATED_BY,2024-02-26T18:56:38.520947,"{""ring_id"": ""RING-4""}"
R02527,transaction,T01180,merchant,M0022,PURCHASED_AT,2024-02-26T18:56:38.520947,"{""ring_id"": ""RING-4""}"
R02528,transaction,T01181,account,A0109,INITIATED_BY,2024-02-26T18:51:38.520947,"{""ring_id"": ""RING-4""}"
R02529,transaction,T01181,merchant,M0016,PURCHASED_AT,2024-02-26T18:51:38.520947,"{""ring_id"": ""RING-4""}"
R02530,transaction,T01182,account,A0109,INITIATED_BY,2024-02-26T19:00:38.520947,"{""ring_id"": ""RING-4""}"
R02531,transaction,T01182,merchant,M0018,PURCHASED_AT,2024-02-26T19:00:38.520947,"{""ring_id"": ""RING-4""}"
R02532,transaction,T01183,account,A0109,INITIATED_BY,2024-02-26T19:15:38.520947,"{""ring_id"": ""RING-4""}"
R02533,transaction,T01183,merchant,M0023,PURCHASED_AT,2024-02-26T19:15:38.520947,"{""ring_id"": ""RING-4""}"
R02534,transaction,T01184,account,A0109,INITIATED_BY,2024-02-26T19:04:38.520947,"{""ring_id"": ""RING-4""}"
R02535,transaction,T01184,merchant,M0021,PURCHASED_AT,2024-02-26T19:04:38.520947,"{""ring_id"": ""RING-4""}"
R02536,transaction,T01185,account,A0109,INITIATED_BY,2024-02-26T19:11:38.520947,"{""ring_id"": ""RING-4""}"
R02537,transaction,T01185,merchant,M0005,PURCHASED_AT,2024-02-26T19:11:38.520947,"{""ring_id"": ""RING-4""}"
R02538,transaction,T01186,account,A0109,INITIATED_BY,2024-02-26T18:57:38.520947,"{""ring_id"": ""RING-4""}"
R02539,transaction,T01186,merchant,M0013,PURCHASED_AT,2024-02-26T18:57:38.520947,"{""ring_id"": ""RING-4""}"
R02540,transaction,T01187,account,A0109,INITIATED_BY,2024-02-26T19:00:38.520947,"{""ring_id"": ""RING-4""}"
R02541,transaction,T01187,merchant,M0017,PURCHASED_AT,2024-02-26T19:00:38.520947,"{""ring_id"": ""RING-4""}"
R02542,transaction,T01188,account,A0109,INITIATED_BY,2024-02-26T19:08:38.520947,"{""ring_id"": ""RING-4""}"
R02543,transaction,T01188,merchant,M0022,PURCHASED_AT,2024-02-26T19:08:38.520947,"{""ring_id"": ""RING-4""}"
R02544,transaction,T01189,account,A0109,INITIATED_BY,2024-02-26T19:11:38.520947,"{""ring_id"": ""RING-4""}"
R02545,transaction,T01189,merchant,M0016,PURCHASED_AT,2024-02-26T19:11:38.520947,"{""ring_id"": ""RING-4""}"
R02546,transaction,T01190,account,A0004,INITIATED_BY,2024-03-14T13:12:17.729680,"{""ring_id"": ""RING-5""}"
R02547,transaction,T01190,merchant,M0013,PURCHASED_AT,2024-03-14T13:12:17.729680,"{""ring_id"": ""RING-5""}"
R02548,transaction,T01191,account,A0004,INITIATED_BY,2024-03-14T00:12:17.729680,"{""ring_id"": ""RING-5""}"
R02549,transaction,T01191,merchant,M0022,PURCHASED_AT,2024-03-14T00:12:17.729680,"{""ring_id"": ""RING-5""}"
R02550,transaction,T01192,account,A0004,INITIATED_BY,2024-03-14T02:12:17.729680,"{""ring_id"": ""RING-5""}"
R02551,transaction,T01192,merchant,M0022,PURCHASED_AT,2024-03-14T02:12:17.729680,"{""ring_id"": ""RING-5""}"
R02552,transaction,T01193,account,A0004,INITIATED_BY,2024-03-14T17:12:17.729680,"{""ring_id"": ""RING-5""}"
R02553,transaction,T01193,merchant,M0027,PURCHASED_AT,2024-03-14T17:12:17.729680,"{""ring_id"": ""RING-5""}"
R02554,transaction,T01194,account,A0004,INITIATED_BY,2024-03-14T06:12:17.729680,"{""ring_id"": ""RING-5""}"
R02555,transaction,T01194,merchant,M0022,PURCHASED_AT,2024-03-14T06:12:17.729680,"{""ring_id"": ""RING-5""}"
R02556,transaction,T01195,account,A0004,INITIATED_BY,2024-03-14T10:12:17.729680,"{""ring_id"": ""RING-5""}"
R02557,transaction,T01195,merchant,M0021,PURCHASED_AT,2024-03-14T10:12:17.729680,"{""ring_id"": ""RING-5""}"
R02558,transaction,T01196,account,A0004,INITIATED_BY,2024-03-14T10:12:17.729680,"{""ring_id"": ""RING-5""}"
R02559,transaction,T01196,merchant,M0013,PURCHASED_AT,2024-03-14T10:12:17.729680,"{""ring_id"": ""RING-5""}"
R02560,transaction,T01197,account,A0004,INITIATED_BY,2024-03-14T19:12:17.729680,"{""ring_id"": ""RING-5""}"
R02561,transaction,T01197,merchant,M0022,PURCHASED_AT,2024-03-14T19:12:17.729680,"{""ring_id"": ""RING-5""}"
R02562,transaction,T01198,account,A0015,INITIATED_BY,2024-01-18T15:33:53.400885,"{""ring_id"": ""RING-5""}"
R02563,transaction,T01198,merchant,M0021,PURCHASED_AT,2024-01-18T15:33:53.400885,"{""ring_id"": ""RING-5""}"
R02564,transaction,T01199,account,A0015,INITIATED_BY,2024-01-18T20:33:53.400885,"{""ring_id"": ""RING-5""}"
R02565,transaction,T01199,merchant,M0019,PURCHASED_AT,2024-01-18T20:33:53.400885,"{""ring_id"": ""RING-5""}"
R02566,transaction,T01200,account,A0015,INITIATED_BY,2024-01-18T16:33:53.400885,"{""ring_id"": ""RING-5""}"
R02567,transaction,T01200,merchant,M0021,PURCHASED_AT,2024-01-18T16:33:53.400885,"{""ring_id"": ""RING-5""}"
R02568,transaction,T01201,account,A0015,INITIATED_BY,2024-01-19T08:33:53.400885,"{""ring_id"": ""RING-5""}"
R02569,transaction,T01201,merchant,M0023,PURCHASED_AT,2024-01-19T08:33:53.400885,"{""ring_id"": ""RING-5""}"
R02570,transaction,T01202,account,A0015,INITIATED_BY,2024-01-17T18:33:53.400885,"{""ring_id"": ""RING-5""}"
R02571,transaction,T01202,merchant,M0019,PURCHASED_AT,2024-01-17T18:33:53.400885,"{""ring_id"": ""RING-5""}"
R02572,transaction,T01203,account,A0023,INITIATED_BY,2024-06-07T06:31:30.209944,"{""ring_id"": ""RING-5""}"
R02573,transaction,T01203,merchant,M0013,PURCHASED_AT,2024-06-07T06:31:30.209944,"{""ring_id"": ""RING-5""}"
R02574,transaction,T01204,account,A0023,INITIATED_BY,2024-06-07T03:31:30.209944,"{""ring_id"": ""RING-5""}"
R02575,transaction,T01204,merchant,M0016,PURCHASED_AT,2024-06-07T03:31:30.209944,"{""ring_id"": ""RING-5""}"
R02576,transaction,T01205,account,A0023,INITIATED_BY,2024-06-06T13:31:30.209944,"{""ring_id"": ""RING-5""}"
R02577,transaction,T01205,merchant,M0017,PURCHASED_AT,2024-06-06T13:31:30.209944,"{""ring_id"": ""RING-5""}"
R02578,transaction,T01206,account,A0023,INITIATED_BY,2024-06-06T09:31:30.209944,"{""ring_id"": ""RING-5""}"
R02579,transaction,T01206,merchant,M0017,PURCHASED_AT,2024-06-06T09:31:30.209944,"{""ring_id"": ""RING-5""}"
R02580,transaction,T01207,account,A0023,INITIATED_BY,2024-06-05T11:31:30.209944,"{""ring_id"": ""RING-5""}"
R02581,transaction,T01207,merchant,M0027,PURCHASED_AT,2024-06-05T11:31:30.209944,"{""ring_id"": ""RING-5""}"
R02582,transaction,T01208,account,A0023,INITIATED_BY,2024-06-06T19:31:30.209944,"{""ring_id"": ""RING-5""}"
R02583,transaction,T01208,merchant,M0018,PURCHASED_AT,2024-06-06T19:31:30.209944,"{""ring_id"": ""RING-5""}"
R02584,transaction,T01209,account,A0023,INITIATED_BY,2024-06-06T13:31:30.209944,"{""ring_id"": ""RING-5""}"
R02585,transaction,T01209,merchant,M0022,PURCHASED_AT,2024-06-06T13:31:30.209944,"{""ring_id"": ""RING-5""}"
R02586,transaction,T01210,account,A0023,INITIATED_BY,2024-06-06T20:31:30.209944,"{""ring_id"": ""RING-5""}"
R02587,transaction,T01210,merchant,M0021,PURCHASED_AT,2024-06-06T20:31:30.209944,"{""ring_id"": ""RING-5""}"
R02588,transaction,T01211,account,A0023,INITIATED_BY,2024-06-06T16:31:30.209944,"{""ring_id"": ""RING-5""}"
R02589,transaction,T01211,merchant,M0016,PURCHASED_AT,2024-06-06T16:31:30.209944,"{""ring_id"": ""RING-5""}"
R02590,transaction,T01212,account,A0023,INITIATED_BY,2024-06-06T21:31:30.209944,"{""ring_id"": ""RING-5""}"
R02591,transaction,T01212,merchant,M0016,PURCHASED_AT,2024-06-06T21:31:30.209944,"{""ring_id"": ""RING-5""}"
R02592,transaction,T01213,account,A0023,INITIATED_BY,2024-06-07T03:31:30.209944,"{""ring_id"": ""RING-5""}"
R02593,transaction,T01213,merchant,M0021,PURCHASED_AT,2024-06-07T03:31:30.209944,"{""ring_id"": ""RING-5""}"
R02594,transaction,T01214,account,A0023,INITIATED_BY,2024-06-05T16:31:30.209944,"{""ring_id"": ""RING-5""}"
R02595,transaction,T01214,merchant,M0013,PURCHASED_AT,2024-06-05T16:31:30.209944,"{""ring_id"": ""RING-5""}"
R02596,transaction,T01215,account,A0086,INITIATED_BY,2024-06-18T12:52:56.575497,"{""ring_id"": ""RING-5""}"
R02597,transaction,T01215,merchant,M0013,PURCHASED_AT,2024-06-18T12:52:56.575497,"{""ring_id"": ""RING-5""}"
R02598,transaction,T01216,account,A0086,INITIATED_BY,2024-06-17T09:52:56.575497,"{""ring_id"": ""RING-5""}"
R02599,transaction,T01216,merchant,M0021,PURCHASED_AT,2024-06-17T09:52:56.575497,"{""ring_id"": ""RING-5""}"
R02600,transaction,T01217,account,A0086,INITIATED_BY,2024-06-17T08:52:56.575497,"{""ring_id"": ""RING-5""}"
R02601,transaction,T01217,merchant,M0013,PURCHASED_AT,2024-06-17T08:52:56.575497,"{""ring_id"": ""RING-5""}"
R02602,transaction,T01218,account,A0086,INITIATED_BY,2024-06-17T22:52:56.575497,"{""ring_id"": ""RING-5""}"
R02603,transaction,T01218,merchant,M0022,PURCHASED_AT,2024-06-17T22:52:56.575497,"{""ring_id"": ""RING-5""}"
R02604,transaction,T01219,account,A0086,INITIATED_BY,2024-06-17T10:52:56.575497,"{""ring_id"": ""RING-5""}"
R02605,transaction,T01219,merchant,M0019,PURCHASED_AT,2024-06-17T10:52:56.575497,"{""ring_id"": ""RING-5""}"
R02606,transaction,T01220,account,A0086,INITIATED_BY,2024-06-17T15:52:56.575497,"{""ring_id"": ""RING-5""}"
R02607,transaction,T01220,merchant,M0018,PURCHASED_AT,2024-06-17T15:52:56.575497,"{""ring_id"": ""RING-5""}"
R02608,transaction,T01221,account,A0086,INITIATED_BY,2024-06-17T22:52:56.575497,"{""ring_id"": ""RING-5""}"
R02609,transaction,T01221,merchant,M0005,PURCHASED_AT,2024-06-17T22:52:56.575497,"{""ring_id"": ""RING-5""}"
R02610,transaction,T01222,account,A0086,INITIATED_BY,2024-06-18T05:52:56.575497,"{""ring_id"": ""RING-5""}"
R02611,transaction,T01222,merchant,M0019,PURCHASED_AT,2024-06-18T05:52:56.575497,"{""ring_id"": ""RING-5""}"
R02612,transaction,T01223,account,A0086,INITIATED_BY,2024-06-17T23:52:56.575497,"{""ring_id"": ""RING-5""}"
R02613,transaction,T01223,merchant,M0027,PURCHASED_AT,2024-06-17T23:52:56.575497,"{""ring_id"": ""RING-5""}"
R02614,transaction,T01224,account,A0086,INITIATED_BY,2024-06-16T23:52:56.575497,"{""ring_id"": ""RING-5""}"
R02615,transaction,T01224,merchant,M0021,PURCHASED_AT,2024-06-16T23:52:56.575497,"{""ring_id"": ""RING-5""}"
R02616,transaction,T01225,account,A0086,INITIATED_BY,2024-06-18T18:52:56.575497,"{""ring_id"": ""RING-5""}"
R02617,transaction,T01225,merchant,M0021,PURCHASED_AT,2024-06-18T18:52:56.575497,"{""ring_id"": ""RING-5""}"
R02618,transaction,T01226,account,A0086,INITIATED_BY,2024-06-17T10:52:56.575497,"{""ring_id"": ""RING-5""}"
R02619,transaction,T01226,merchant,M0021,PURCHASED_AT,2024-06-17T10:52:56.575497,"{""ring_id"": ""RING-5""}"
R02620,transaction,T01227,account,A0086,INITIATED_BY,2024-06-17T21:52:56.575497,"{""ring_id"": ""RING-5""}"
R02621,transaction,T01227,merchant,M0027,PURCHASED_AT,2024-06-17T21:52:56.575497,"{""ring_id"": ""RING-5""}"
R02622,transaction,T01228,account,A0086,INITIATED_BY,2024-06-17T16:52:56.575497,"{""ring_id"": ""RING-5""}"
R02623,transaction,T01228,merchant,M0016,PURCHASED_AT,2024-06-17T16:52:56.575497,"{""ring_id"": ""RING-5""}"
R02624,transaction,T01229,account,A0105,INITIATED_BY,2024-04-24T05:54:57.903041,"{""ring_id"": ""RING-5""}"
R02625,transaction,T01229,merchant,M0027,PURCHASED_AT,2024-04-24T05:54:57.903041,"{""ring_id"": ""RING-5""}"
R02626,transaction,T01230,account,A0105,INITIATED_BY,2024-04-25T19:54:57.903041,"{""ring_id"": ""RING-5""}"
R02627,transaction,T01230,merchant,M0005,PURCHASED_AT,2024-04-25T19:54:57.903041,"{""ring_id"": ""RING-5""}"
R02628,transaction,T01231,account,A0105,INITIATED_BY,2024-04-24T07:54:57.903041,"{""ring_id"": ""RING-5""}"
R02629,transaction,T01231,merchant,M0019,PURCHASED_AT,2024-04-24T07:54:57.903041,"{""ring_id"": ""RING-5""}"
R02630,transaction,T01232,account,A0105,INITIATED_BY,2024-04-24T11:54:57.903041,"{""ring_id"": ""RING-5""}"
R02631,transaction,T01232,merchant,M0023,PURCHASED_AT,2024-04-24T11:54:57.903041,"{""ring_id"": ""RING-5""}"
R02632,transaction,T01233,account,A0105,INITIATED_BY,2024-04-24T13:54:57.903041,"{""ring_id"": ""RING-5""}"
R02633,transaction,T01233,merchant,M0005,PURCHASED_AT,2024-04-24T13:54:57.903041,"{""ring_id"": ""RING-5""}"
R02634,transaction,T01234,account,A0111,INITIATED_BY,2024-06-27T13:57:42.535842,"{""ring_id"": ""RING-5""}"
R02635,transaction,T01234,merchant,M0013,PURCHASED_AT,2024-06-27T13:57:42.535842,"{""ring_id"": ""RING-5""}"
R02636,transaction,T01235,account,A0111,INITIATED_BY,2024-06-27T22:57:42.535842,"{""ring_id"": ""RING-5""}"
R02637,transaction,T01235,merchant,M0018,PURCHASED_AT,2024-06-27T22:57:42.535842,"{""ring_id"": ""RING-5""}"
R02638,transaction,T01236,account,A0111,INITIATED_BY,2024-06-27T19:57:42.535842,"{""ring_id"": ""RING-5""}"
R02639,transaction,T01236,merchant,M0019,PURCHASED_AT,2024-06-27T19:57:42.535842,"{""ring_id"": ""RING-5""}"
R02640,transaction,T01237,account,A0111,INITIATED_BY,2024-06-27T10:57:42.535842,"{""ring_id"": ""RING-5""}"
R02641,transaction,T01237,merchant,M0021,PURCHASED_AT,2024-06-27T10:57:42.535842,"{""ring_id"": ""RING-5""}"
R02642,transaction,T01238,account,A0111,INITIATED_BY,2024-06-28T06:57:42.535842,"{""ring_id"": ""RING-5""}"
R02643,transaction,T01238,merchant,M0021,PURCHASED_AT,2024-06-28T06:57:42.535842,"{""ring_id"": ""RING-5""}"
R02644,transaction,T01239,account,A0111,INITIATED_BY,2024-06-28T01:57:42.535842,"{""ring_id"": ""RING-5""}"
R02645,transaction,T01239,merchant,M0016,PURCHASED_AT,2024-06-28T01:57:42.535842,"{""ring_id"": ""RING-5""}"
R02646,transaction,T01240,account,A0111,INITIATED_BY,2024-06-27T08:57:42.535842,"{""ring_id"": ""RING-5""}"
R02647,transaction,T01240,merchant,M0027,PURCHASED_AT,2024-06-27T08:57:42.535842,"{""ring_id"": ""RING-5""}"
R02648,transaction,T01241,account,A0111,INITIATED_BY,2024-06-28T21:57:42.535842,"{""ring_id"": ""RING-5""}"
R02649,transaction,T01241,merchant,M0022,PURCHASED_AT,2024-06-28T21:57:42.535842,"{""ring_id"": ""RING-5""}"
R02650,transaction,T01242,account,A0111,INITIATED_BY,2024-06-27T13:57:42.535842,"{""ring_id"": ""RING-5""}"
R02651,transaction,T01242,merchant,M0018,PURCHASED_AT,2024-06-27T13:57:42.535842,"{""ring_id"": ""RING-5""}"
R02652,transaction,T01243,account,A0111,INITIATED_BY,2024-06-28T14:57:42.535842,"{""ring_id"": ""RING-5""}"
R02653,transaction,T01243,merchant,M0023,PURCHASED_AT,2024-06-28T14:57:42.535842,"{""ring_id"": ""RING-5""}"
R02654,transaction,T01244,account,A0111,INITIATED_BY,2024-06-27T19:57:42.535842,"{""ring_id"": ""RING-5""}"
R02655,transaction,T01244,merchant,M0013,PURCHASED_AT,2024-06-27T19:57:42.535842,"{""ring_id"": ""RING-5""}"
R02656,transaction,T01245,account,A0111,INITIATED_BY,2024-06-27T23:57:42.535842,"{""ring_id"": ""RING-5""}"
R02657,transaction,T01245,merchant,M0016,PURCHASED_AT,2024-06-27T23:57:42.535842,"{""ring_id"": ""RING-5""}"
R02658,transaction,T01246,account,A0111,INITIATED_BY,2024-06-29T03:57:42.535842,"{""ring_id"": ""RING-5""}"
R02659,transaction,T01246,merchant,M0019,PURCHASED_AT,2024-06-29T03:57:42.535842,"{""ring_id"": ""RING-5""}"
R02660,transaction,T01247,account,A0111,INITIATED_BY,2024-06-28T09:57:42.535842,"{""ring_id"": ""RING-5""}"
R02661,transaction,T01247,merchant,M0022,PURCHASED_AT,2024-06-28T09:57:42.535842,"{""ring_id"": ""RING-5""}"
R02662,transaction,T01248,account,A0111,INITIATED_BY,2024-06-27T17:57:42.535842,"{""ring_id"": ""RING-5""}"
R02663,transaction,T01248,merchant,M0018,PURCHASED_AT,2024-06-27T17:57:42.535842,"{""ring_id"": ""RING-5""}"
R02664,transaction,T01249,account,A0020,INITIATED_BY,2024-02-26T09:44:32.889823,{}
R02665,transaction,T01249,merchant,M0026,PURCHASED_AT,2024-02-26T09:44:32.889823,{}
R02666,transaction,T01250,account,A0020,INITIATED_BY,2024-02-26T10:02:32.889823,{}
R02667,transaction,T01250,merchant,M0026,PURCHASED_AT,2024-02-26T10:02:32.889823,{}
R02668,transaction,T01251,account,A0020,INITIATED_BY,2024-02-26T09:59:32.889823,{}
R02669,transaction,T01251,merchant,M0026,PURCHASED_AT,2024-02-26T09:59:32.889823,{}
R02670,transaction,T01252,account,A0020,INITIATED_BY,2024-02-26T10:18:32.889823,{}
R02671,transaction,T01252,merchant,M0026,PURCHASED_AT,2024-02-26T10:18:32.889823,{}
R02672,transaction,T01253,account,A0020,INITIATED_BY,2024-02-26T09:51:32.889823,{}
R02673,transaction,T01253,merchant,M0026,PURCHASED_AT,2024-02-26T09:51:32.889823,{}
R02674,transaction,T01254,account,A0020,INITIATED_BY,2024-02-26T10:09:32.889823,{}
R02675,transaction,T01254,merchant,M0026,PURCHASED_AT,2024-02-26T10:09:32.889823,{}
R02676,transaction,T01255,account,A0020,INITIATED_BY,2024-02-26T09:43:32.889823,{}
R02677,transaction,T01255,merchant,M0026,PURCHASED_AT,2024-02-26T09:43:32.889823,{}
R02678,transaction,T01256,account,A0020,INITIATED_BY,2024-02-26T09:54:32.889823,{}
R02679,transaction,T01256,merchant,M0026,PURCHASED_AT,2024-02-26T09:54:32.889823,{}
R02680,transaction,T01257,account,A0020,INITIATED_BY,2024-02-26T10:23:32.889823,{}
R02681,transaction,T01257,merchant,M0026,PURCHASED_AT,2024-02-26T10:23:32.889823,{}
R02682,transaction,T01258,account,A0020,INITIATED_BY,2024-02-26T09:41:32.889823,{}
R02683,transaction,T01258,merchant,M0026,PURCHASED_AT,2024-02-26T09:41:32.889823,{}
R02684,transaction,T01259,account,A0020,INITIATED_BY,2024-02-26T10:03:32.889823,{}
R02685,transaction,T01259,merchant,M0026,PURCHASED_AT,2024-02-26T10:03:32.889823,{}
R02686,transaction,T01260,account,A0020,INITIATED_BY,2024-02-26T09:57:32.889823,{}
R02687,transaction,T01260,merchant,M0026,PURCHASED_AT,2024-02-26T09:57:32.889823,{}
R02688,transaction,T01261,account,A0020,INITIATED_BY,2024-02-26T10:23:32.889823,{}
R02689,transaction,T01261,merchant,M0026,PURCHASED_AT,2024-02-26T10:23:32.889823,{}
R02690,transaction,T01262,account,A0020,INITIATED_BY,2024-02-26T10:04:32.889823,{}
R02691,transaction,T01262,merchant,M0026,PURCHASED_AT,2024-02-26T10:04:32.889823,{}
R02692,transaction,T01263,account,A0020,INITIATED_BY,2024-02-26T09:32:32.889823,{}
R02693,transaction,T01263,merchant,M0026,PURCHASED_AT,2024-02-26T09:32:32.889823,{}
R02694,transaction,T01264,account,A0095,INITIATED_BY,2024-05-26T11:18:18.437022,{}
R02695,transaction,T01264,merchant,M0014,PURCHASED_AT,2024-05-26T11:18:18.437022,{}
R02696,transaction,T01265,account,A0095,INITIATED_BY,2024-05-26T10:43:18.437022,{}
R02697,transaction,T01265,merchant,M0014,PURCHASED_AT,2024-05-26T10:43:18.437022,{}
R02698,transaction,T01266,account,A0095,INITIATED_BY,2024-05-26T11:10:18.437022,{}
R02699,transaction,T01266,merchant,M0014,PURCHASED_AT,2024-05-26T11:10:18.437022,{}
R02700,transaction,T01267,account,A0095,INITIATED_BY,2024-05-26T10:37:18.437022,{}
R02701,transaction,T01267,merchant,M0014,PURCHASED_AT,2024-05-26T10:37:18.437022,{}
R02702,transaction,T01268,account,A0095,INITIATED_BY,2024-05-26T10:35:18.437022,{}
R02703,transaction,T01268,merchant,M0014,PURCHASED_AT,2024-05-26T10:35:18.437022,{}
R02704,transaction,T01269,account,A0095,INITIATED_BY,2024-05-26T11:12:18.437022,{}
R02705,transaction,T01269,merchant,M0014,PURCHASED_AT,2024-05-26T11:12:18.437022,{}
R02706,transaction,T01270,account,A0095,INITIATED_BY,2024-05-26T10:49:18.437022,{}
R02707,transaction,T01270,merchant,M0014,PURCHASED_AT,2024-05-26T10:49:18.437022,{}
R02708,transaction,T01271,account,A0095,INITIATED_BY,2024-05-26T11:04:18.437022,{}
R02709,transaction,T01271,merchant,M0014,PURCHASED_AT,2024-05-26T11:04:18.437022,{}
R02710,transaction,T01272,account,A0095,INITIATED_BY,2024-05-26T11:25:18.437022,{}
R02711,transaction,T01272,merchant,M0014,PURCHASED_AT,2024-05-26T11:25:18.437022,{}
R02712,transaction,T01273,account,A0095,INITIATED_BY,2024-05-26T10:32:18.437022,{}
R02713,transaction,T01273,merchant,M0014,PURCHASED_AT,2024-05-26T10:32:18.437022,{}
R02714,transaction,T01274,account,A0095,INITIATED_BY,2024-05-26T11:06:18.437022,{}
R02715,transaction,T01274,merchant,M0014,PURCHASED_AT,2024-05-26T11:06:18.437022,{}
R02716,transaction,T01275,account,A0095,INITIATED_BY,2024-05-26T10:41:18.437022,{}
R02717,transaction,T01275,merchant,M0014,PURCHASED_AT,2024-05-26T10:41:18.437022,{}
R02718,transaction,T01276,account,A0095,INITIATED_BY,2024-05-26T10:45:18.437022,{}
R02719,transaction,T01276,merchant,M0014,PURCHASED_AT,2024-05-26T10:45:18.437022,{}
R02720,transaction,T01277,account,A0095,INITIATED_BY,2024-05-26T11:24:18.437022,{}
R02721,transaction,T01277,merchant,M0014,PURCHASED_AT,2024-05-26T11:24:18.437022,{}
R02722,transaction,T01278,account,A0095,INITIATED_BY,2024-05-26T11:10:18.437022,{}
R02723,transaction,T01278,merchant,M0014,PURCHASED_AT,2024-05-26T11:10:18.437022,{}
R02724,transaction,T01279,account,A0130,INITIATED_BY,2024-06-10T14:26:57.012060,{}
R02725,transaction,T01279,merchant,M0014,PURCHASED_AT,2024-06-10T14:26:57.012060,{}
R02726,transaction,T01280,account,A0130,INITIATED_BY,2024-06-10T14:03:57.012060,{}
R02727,transaction,T01280,merchant,M0014,PURCHASED_AT,2024-06-10T14:03:57.012060,{}
R02728,transaction,T01281,account,A0130,INITIATED_BY,2024-06-10T13:55:57.012060,{}
R02729,transaction,T01281,merchant,M0014,PURCHASED_AT,2024-06-10T13:55:57.012060,{}
R02730,transaction,T01282,account,A0130,INITIATED_BY,2024-06-10T14:34:57.012060,{}
R02731,transaction,T01282,merchant,M0014,PURCHASED_AT,2024-06-10T14:34:57.012060,{}
R02732,transaction,T01283,account,A0130,INITIATED_BY,2024-06-10T13:45:57.012060,{}
R02733,transaction,T01283,merchant,M0014,PURCHASED_AT,2024-06-10T13:45:57.012060,{}
R02734,transaction,T01284,account,A0130,INITIATED_BY,2024-06-10T14:09:57.012060,{}
R02735,transaction,T01284,merchant,M0014,PURCHASED_AT,2024-06-10T14:09:57.012060,{}
R02736,transaction,T01285,account,A0130,INITIATED_BY,2024-06-10T14:11:57.012060,{}
R02737,transaction,T01285,merchant,M0014,PURCHASED_AT,2024-06-10T14:11:57.012060,{}
R02738,transaction,T01286,account,A0130,INITIATED_BY,2024-06-10T14:03:57.012060,{}
R02739,transaction,T01286,merchant,M0014,PURCHASED_AT,2024-06-10T14:03:57.012060,{}
R02740,transaction,T01287,account,A0130,INITIATED_BY,2024-06-10T13:58:57.012060,{}
R02741,transaction,T01287,merchant,M0014,PURCHASED_AT,2024-06-10T13:58:57.012060,{}
R02742,transaction,T01288,account,A0130,INITIATED_BY,2024-06-10T14:01:57.012060,{}
R02743,transaction,T01288,merchant,M0014,PURCHASED_AT,2024-06-10T14:01:57.012060,{}
R02744,transaction,T01289,account,A0130,INITIATED_BY,2024-06-10T14:33:57.012060,{}
R02745,transaction,T01289,merchant,M0014,PURCHASED_AT,2024-06-10T14:33:57.012060,{}
R02746,transaction,T01290,account,A0130,INITIATED_BY,2024-06-10T13:43:57.012060,{}
R02747,transaction,T01290,merchant,M0014,PURCHASED_AT,2024-06-10T13:43:57.012060,{}
R02748,transaction,T01291,account,A0130,INITIATED_BY,2024-06-10T14:01:57.012060,{}
R02749,transaction,T01291,merchant,M0014,PURCHASED_AT,2024-06-10T14:01:57.012060,{}
R02750,transaction,T01292,account,A0130,INITIATED_BY,2024-06-10T14:08:57.012060,{}
R02751,transaction,T01292,merchant,M0014,PURCHASED_AT,2024-06-10T14:08:57.012060,{}
R02752,transaction,T01293,account,A0130,INITIATED_BY,2024-06-10T14:17:57.012060,{}
R02753,transaction,T01293,merchant,M0014,PURCHASED_AT,2024-06-10T14:17:57.012060,{}
R02754,transaction,T01294,account,A0127,INITIATED_BY,2024-01-08T01:57:18.031798,{}
R02755,transaction,T01294,merchant,M0021,PURCHASED_AT,2024-01-08T01:57:18.031798,{}
R02756,transaction,T01295,account,A0127,INITIATED_BY,2024-01-08T02:02:18.031798,{}
R02757,transaction,T01295,merchant,M0021,PURCHASED_AT,2024-01-08T02:02:18.031798,{}
R02758,transaction,T01296,account,A0127,INITIATED_BY,2024-01-08T02:22:18.031798,{}
R02759,transaction,T01296,merchant,M0021,PURCHASED_AT,2024-01-08T02:22:18.031798,{}
R02760,transaction,T01297,account,A0127,INITIATED_BY,2024-01-08T02:13:18.031798,{}
R02761,transaction,T01297,merchant,M0021,PURCHASED_AT,2024-01-08T02:13:18.031798,{}
R02762,transaction,T01298,account,A0127,INITIATED_BY,2024-01-08T02:18:18.031798,{}
R02763,transaction,T01298,merchant,M0021,PURCHASED_AT,2024-01-08T02:18:18.031798,{}
R02764,transaction,T01299,account,A0127,INITIATED_BY,2024-01-08T02:31:18.031798,{}
R02765,transaction,T01299,merchant,M0021,PURCHASED_AT,2024-01-08T02:31:18.031798,{}
R02766,transaction,T01300,account,A0127,INITIATED_BY,2024-01-08T02:27:18.031798,{}
R02767,transaction,T01300,merchant,M0021,PURCHASED_AT,2024-01-08T02:27:18.031798,{}
R02768,transaction,T01301,account,A0127,INITIATED_BY,2024-01-08T02:21:18.031798,{}
R02769,transaction,T01301,merchant,M0021,PURCHASED_AT,2024-01-08T02:21:18.031798,{}
R02770,transaction,T01302,account,A0127,INITIATED_BY,2024-01-08T02:25:18.031798,{}
R02771,transaction,T01302,merchant,M0021,PURCHASED_AT,2024-01-08T02:25:18.031798,{}
R02772,transaction,T01303,account,A0127,INITIATED_BY,2024-01-08T02:37:18.031798,{}
R02773,transaction,T01303,merchant,M0021,PURCHASED_AT,2024-01-08T02:37:18.031798,{}
R02774,transaction,T01304,account,A0127,INITIATED_BY,2024-01-08T02:03:18.031798,{}
R02775,transaction,T01304,merchant,M0021,PURCHASED_AT,2024-01-08T02:03:18.031798,{}
R02776,transaction,T01305,account,A0127,INITIATED_BY,2024-01-08T02:35:18.031798,{}
R02777,transaction,T01305,merchant,M0021,PURCHASED_AT,2024-01-08T02:35:18.031798,{}
R02778,transaction,T01306,account,A0127,INITIATED_BY,2024-01-08T02:10:18.031798,{}
R02779,transaction,T01306,merchant,M0021,PURCHASED_AT,2024-01-08T02:10:18.031798,{}
R02780,transaction,T01307,account,A0127,INITIATED_BY,2024-01-08T01:56:18.031798,{}
R02781,transaction,T01307,merchant,M0021,PURCHASED_AT,2024-01-08T01:56:18.031798,{}
R02782,transaction,T01308,account,A0127,INITIATED_BY,2024-01-08T02:16:18.031798,{}
R02783,transaction,T01308,merchant,M0021,PURCHASED_AT,2024-01-08T02:16:18.031798,{}
R02784,transaction,T01309,account,A0096,INITIATED_BY,2024-05-11T02:19:23.740377,{}
R02785,transaction,T01309,merchant,M0008,PURCHASED_AT,2024-05-11T02:19:23.740377,{}
R02786,transaction,T01310,account,A0096,INITIATED_BY,2024-05-11T02:55:23.740377,{}
R02787,transaction,T01310,merchant,M0008,PURCHASED_AT,2024-05-11T02:55:23.740377,{}
R02788,transaction,T01311,account,A0096,INITIATED_BY,2024-05-11T02:32:23.740377,{}
R02789,transaction,T01311,merchant,M0008,PURCHASED_AT,2024-05-11T02:32:23.740377,{}
R02790,transaction,T01312,account,A0096,INITIATED_BY,2024-05-11T02:43:23.740377,{}
R02791,transaction,T01312,merchant,M0008,PURCHASED_AT,2024-05-11T02:43:23.740377,{}
R02792,transaction,T01313,account,A0096,INITIATED_BY,2024-05-11T03:08:23.740377,{}
R02793,transaction,T01313,merchant,M0008,PURCHASED_AT,2024-05-11T03:08:23.740377,{}
R02794,transaction,T01314,account,A0096,INITIATED_BY,2024-05-11T02:12:23.740377,{}
R02795,transaction,T01314,merchant,M0008,PURCHASED_AT,2024-05-11T02:12:23.740377,{}
R02796,transaction,T01315,account,A0096,INITIATED_BY,2024-05-11T02:59:23.740377,{}
R02797,transaction,T01315,merchant,M0008,PURCHASED_AT,2024-05-11T02:59:23.740377,{}
R02798,transaction,T01316,account,A0096,INITIATED_BY,2024-05-11T02:12:23.740377,{}
R02799,transaction,T01316,merchant,M0008,PURCHASED_AT,2024-05-11T02:12:23.740377,{}
R02800,transaction,T01317,account,A0096,INITIATED_BY,2024-05-11T02:13:23.740377,{}
R02801,transaction,T01317,merchant,M0008,PURCHASED_AT,2024-05-11T02:13:23.740377,{}
R02802,transaction,T01318,account,A0096,INITIATED_BY,2024-05-11T02:53:23.740377,{}
R02803,transaction,T01318,merchant,M0008,PURCHASED_AT,2024-05-11T02:53:23.740377,{}
R02804,transaction,T01319,account,A0096,INITIATED_BY,2024-05-11T03:00:23.740377,{}
R02805,transaction,T01319,merchant,M0008,PURCHASED_AT,2024-05-11T03:00:23.740377,{}
R02806,transaction,T01320,account,A0096,INITIATED_BY,2024-05-11T02:53:23.740377,{}
R02807,transaction,T01320,merchant,M0008,PURCHASED_AT,2024-05-11T02:53:23.740377,{}
R02808,transaction,T01321,account,A0096,INITIATED_BY,2024-05-11T02:17:23.740377,{}
R02809,transaction,T01321,merchant,M0008,PURCHASED_AT,2024-05-11T02:17:23.740377,{}
R02810,transaction,T01322,account,A0096,INITIATED_BY,2024-05-11T02:16:23.740377,{}
R02811,transaction,T01322,merchant,M0008,PURCHASED_AT,2024-05-11T02:16:23.740377,{}
R02812,transaction,T01323,account,A0096,INITIATED_BY,2024-05-11T03:04:23.740377,{}
R02813,transaction,T01323,merchant,M0008,PURCHASED_AT,2024-05-11T03:04:23.740377,{}
R02814,transaction,T01324,account,A0098,INITIATED_BY,2024-04-25T04:07:00,{}
R02815,transaction,T01324,merchant,M0017,PURCHASED_AT,2024-04-25T04:07:00,{}
R02816,transaction,T01325,account,A0098,INITIATED_BY,2024-04-29T03:20:00,{}
R02817,transaction,T01325,merchant,M0025,PURCHASED_AT,2024-04-29T03:20:00,{}
R02818,transaction,T01326,account,A0098,INITIATED_BY,2024-01-17T03:45:00,{}
R02819,transaction,T01326,merchant,M0003,PURCHASED_AT,2024-01-17T03:45:00,{}
R02820,transaction,T01327,account,A0098,INITIATED_BY,2024-04-29T04:54:00,{}
R02821,transaction,T01327,merchant,M0007,PURCHASED_AT,2024-04-29T04:54:00,{}
R02822,transaction,T01328,account,A0098,INITIATED_BY,2024-06-24T02:13:00,{}
R02823,transaction,T01328,merchant,M0001,PURCHASED_AT,2024-06-24T02:13:00,{}
R02824,transaction,T01329,account,A0098,INITIATED_BY,2024-05-28T02:31:00,{}
R02825,transaction,T01329,merchant,M0004,PURCHASED_AT,2024-05-28T02:31:00,{}
R02826,transaction,T01330,account,A0149,INITIATED_BY,2024-05-08T04:09:00,{}
R02827,transaction,T01330,merchant,M0028,PURCHASED_AT,2024-05-08T04:09:00,{}
R02828,transaction,T01331,account,A0149,INITIATED_BY,2024-02-09T03:24:00,{}
R02829,transaction,T01331,merchant,M0015,PURCHASED_AT,2024-02-09T03:24:00,{}
R02830,transaction,T01332,account,A0149,INITIATED_BY,2024-05-21T02:04:00,{}
R02831,transaction,T01332,merchant,M0009,PURCHASED_AT,2024-05-21T02:04:00,{}
R02832,transaction,T01333,account,A0149,INITIATED_BY,2024-06-21T04:41:00,{}
R02833,transaction,T01333,merchant,M0004,PURCHASED_AT,2024-06-21T04:41:00,{}
R02834,transaction,T01334,account,A0149,INITIATED_BY,2024-05-14T02:01:00,{}
R02835,transaction,T01334,merchant,M0029,PURCHASED_AT,2024-05-14T02:01:00,{}
R02836,transaction,T01335,account,A0144,INITIATED_BY,2024-03-27T04:28:00,{}
R02837,transaction,T01335,merchant,M0012,PURCHASED_AT,2024-03-27T04:28:00,{}
R02838,transaction,T01336,account,A0144,INITIATED_BY,2024-03-05T02:09:00,{}
R02839,transaction,T01336,merchant,M0013,PURCHASED_AT,2024-03-05T02:09:00,{}
R02840,transaction,T01337,account,A0144,INITIATED_BY,2024-01-10T03:23:00,{}
R02841,transaction,T01337,merchant,M0004,PURCHASED_AT,2024-01-10T03:23:00,{}
R02842,transaction,T01338,account,A0150,INITIATED_BY,2024-06-16T02:18:00,{}
R02843,transaction,T01338,merchant,M0007,PURCHASED_AT,2024-06-16T02:18:00,{}
R02844,transaction,T01339,account,A0150,INITIATED_BY,2024-04-05T03:33:00,{}
R02845,transaction,T01339,merchant,M0014,PURCHASED_AT,2024-04-05T03:33:00,{}
R02846,transaction,T01340,account,A0150,INITIATED_BY,2024-04-26T02:14:00,{}
R02847,transaction,T01340,merchant,M0004,PURCHASED_AT,2024-04-26T02:14:00,{}
R02848,transaction,T01341,account,A0150,INITIATED_BY,2024-04-14T02:04:00,{}
R02849,transaction,T01341,merchant,M0018,PURCHASED_AT,2024-04-14T02:04:00,{}
R02850,transaction,T01342,account,A0150,INITIATED_BY,2024-06-08T04:45:00,{}
R02851,transaction,T01342,merchant,M0013,PURCHASED_AT,2024-06-08T04:45:00,{}
R02852,transaction,T01343,account,A0150,INITIATED_BY,2024-02-09T04:17:00,{}
R02853,transaction,T01343,merchant,M0016,PURCHASED_AT,2024-02-09T04:17:00,{}
R02854,transaction,T01344,account,A0150,INITIATED_BY,2024-03-03T03:45:00,{}
R02855,transaction,T01344,merchant,M0020,PURCHASED_AT,2024-03-03T03:45:00,{}
R02856,transaction,T01345,account,A0150,INITIATED_BY,2024-01-18T04:58:00,{}
R02857,transaction,T01345,merchant,M0023,PURCHASED_AT,2024-01-18T04:58:00,{}
R02858,transaction,T01346,account,A0147,INITIATED_BY,2024-01-31T19:29:25.085386,{}
R02859,transaction,T01346,merchant,M0022,PURCHASED_AT,2024-01-31T19:29:25.085386,{}
R02860,transaction,T01347,account,A0147,INITIATED_BY,2024-01-31T19:31:25.085386,{}
R02861,transaction,T01347,merchant,M0022,PURCHASED_AT,2024-01-31T19:31:25.085386,{}
R02862,transaction,T01348,account,A0147,INITIATED_BY,2024-01-31T19:33:25.085386,{}
R02863,transaction,T01348,merchant,M0022,PURCHASED_AT,2024-01-31T19:33:25.085386,{}
R02864,transaction,T01349,account,A0147,INITIATED_BY,2024-01-31T19:43:25.085386,{}
R02865,transaction,T01349,merchant,M0022,PURCHASED_AT,2024-01-31T19:43:25.085386,{}
R02866,transaction,T01350,account,A0118,INITIATED_BY,2024-01-04T18:28:18.574818,{}
R02867,transaction,T01350,merchant,M0009,PURCHASED_AT,2024-01-04T18:28:18.574818,{}
R02868,transaction,T01351,account,A0118,INITIATED_BY,2024-01-04T18:30:18.574818,{}
R02869,transaction,T01351,merchant,M0009,PURCHASED_AT,2024-01-04T18:30:18.574818,{}
R02870,transaction,T01352,account,A0118,INITIATED_BY,2024-01-04T18:32:18.574818,{}
R02871,transaction,T01352,merchant,M0009,PURCHASED_AT,2024-01-04T18:32:18.574818,{}
R02872,transaction,T01353,account,A0118,INITIATED_BY,2024-01-04T18:42:18.574818,{}
R02873,transaction,T01353,merchant,M0009,PURCHASED_AT,2024-01-04T18:42:18.574818,{}
R02874,transaction,T01354,account,A0118,INITIATED_BY,2024-01-04T18:47:18.574818,{}
R02875,transaction,T01354,merchant,M0009,PURCHASED_AT,2024-01-04T18:47:18.574818,{}
R02876,transaction,T01355,account,A0045,INITIATED_BY,2024-03-26T12:50:11.235680,{}
R02877,transaction,T01355,merchant,M0002,PURCHASED_AT,2024-03-26T12:50:11.235680,{}
R02878,transaction,T01356,account,A0045,INITIATED_BY,2024-03-26T12:52:11.235680,{}
R02879,transaction,T01356,merchant,M0002,PURCHASED_AT,2024-03-26T12:52:11.235680,{}
R02880,transaction,T01357,account,A0045,INITIATED_BY,2024-03-26T12:54:11.235680,{}
R02881,transaction,T01357,merchant,M0002,PURCHASED_AT,2024-03-26T12:54:11.235680,{}
R02882,transaction,T01358,account,A0045,INITIATED_BY,2024-03-26T12:59:11.235680,{}
R02883,transaction,T01358,merchant,M0002,PURCHASED_AT,2024-03-26T12:59:11.235680,{}
R02884,transaction,T01359,account,A0018,INITIATED_BY,2024-05-13T09:28:00,{}
R02885,transaction,T01359,merchant,M0020,PURCHASED_AT,2024-05-13T09:28:00,{}
R02886,transaction,T01360,account,A0018,INITIATED_BY,2024-05-13T14:31:00,{}
R02887,transaction,T01360,merchant,M0022,PURCHASED_AT,2024-05-13T14:31:00,{}
R02888,transaction,T01361,account,A0052,INITIATED_BY,2024-02-15T09:29:00,{}
R02889,transaction,T01361,merchant,M0008,PURCHASED_AT,2024-02-15T09:29:00,{}
R02890,transaction,T01362,account,A0052,INITIATED_BY,2024-02-15T14:00:00,{}
R02891,transaction,T01362,merchant,M0016,PURCHASED_AT,2024-02-15T14:00:00,{}
R02892,transaction,T01363,account,A0131,INITIATED_BY,2024-05-20T09:54:00,{}
R02893,transaction,T01363,merchant,M0028,PURCHASED_AT,2024-05-20T09:54:00,{}
R02894,transaction,T01364,account,A0131,INITIATED_BY,2024-05-20T14:55:00,{}
R02895,transaction,T01364,merchant,M0015,PURCHASED_AT,2024-05-20T14:55:00,{}
R02896,customer,C0001,account,A0001,OWNS,2020-07-09,{}
R02897,customer,C0002,account,A0002,OWNS,2022-11-18,{}
R02898,customer,C0003,account,A0003,OWNS,2021-08-13,{}
R02899,customer,C0004,account,A0004,OWNS,2023-06-26,{}
R02900,customer,C0005,account,A0005,OWNS,2023-04-16,{}
R02901,customer,C0006,account,A0006,OWNS,2021-03-28,{}
R02902,customer,C0007,account,A0007,OWNS,2021-03-23,{}
R02903,customer,C0008,account,A0008,OWNS,2020-05-03,{}
R02904,customer,C0009,account,A0009,OWNS,2023-12-07,{}
R02905,customer,C0010,account,A0010,OWNS,2022-10-17,{}
R02906,customer,C0011,account,A0011,OWNS,2023-03-07,{}
R02907,customer,C0012,account,A0012,OWNS,2020-11-29,{}
R02908,customer,C0013,account,A0013,OWNS,2023-07-11,{}
R02909,customer,C0014,account,A0014,OWNS,2021-02-26,{}
R02910,customer,C0015,account,A0015,OWNS,2022-12-18,{}
R02911,customer,C0016,account,A0016,OWNS,2020-08-02,{}
R02912,customer,C0017,account,A0017,OWNS,2022-08-15,{}
R02913,customer,C0018,account,A0018,OWNS,2022-07-01,{}
R02914,customer,C0019,account,A0019,OWNS,2021-01-12,{}
R02915,customer,C0020,account,A0020,OWNS,2022-11-07,{}
R02916,customer,C0021,account,A0021,OWNS,2020-12-17,{}
R02917,customer,C0022,account,A0022,OWNS,2020-12-28,{}
R02918,customer,C0023,account,A0023,OWNS,2020-06-05,{}
R02919,customer,C0024,account,A0024,OWNS,2021-05-29,{}
R02920,customer,C0025,account,A0025,OWNS,2022-01-04,{}
R02921,customer,C0026,account,A0026,OWNS,2022-11-25,{}
R02922,customer,C0027,account,A0027,OWNS,2020-01-10,{}
R02923,customer,C0028,account,A0028,OWNS,2023-12-15,{}
R02924,customer,C0029,account,A0029,OWNS,2021-09-25,{}
R02925,customer,C0030,account,A0030,OWNS,2023-12-24,{}
R02926,customer,C0031,account,A0031,OWNS,2022-01-12,{}
R02927,customer,C0032,account,A0032,OWNS,2020-11-06,{}
R02928,customer,C0033,account,A0033,OWNS,2021-05-14,{}
R02929,customer,C0034,account,A0034,OWNS,2022-10-01,{}
R02930,customer,C0035,account,A0035,OWNS,2023-11-12,{}
R02931,customer,C0036,account,A0036,OWNS,2022-10-11,{}
R02932,customer,C0037,account,A0037,OWNS,2020-12-27,{}
R02933,customer,C0038,account,A0038,OWNS,2023-02-22,{}
R02934,customer,C0039,account,A0039,OWNS,2023-08-14,{}
R02935,customer,C0040,account,A0040,OWNS,2023-11-20,{}
R02936,customer,C0041,account,A0041,OWNS,2021-10-12,{}
R02937,customer,C0042,account,A0042,OWNS,2023-12-22,{}
R02938,customer,C0043,account,A0043,OWNS,2023-07-23,{}
R02939,customer,C0044,account,A0044,OWNS,2023-05-10,{}
R02940,customer,C0045,account,A0045,OWNS,2020-10-17,{}
R02941,customer,C0046,account,A0046,OWNS,2023-09-18,{}
R02942,customer,C0047,account,A0047,OWNS,2023-09-24,{}
R02943,customer,C0048,account,A0048,OWNS,2020-01-16,{}
R02944,customer,C0049,account,A0049,OWNS,2022-06-02,{}
R02945,customer,C0050,account,A0050,OWNS,2020-06-16,{}
R02946,customer,C0051,account,A0051,OWNS,2021-03-19,{}
R02947,customer,C0052,account,A0052,OWNS,2022-09-24,{}
R02948,customer,C0053,account,A0053,OWNS,2022-03-26,{}
R02949,customer,C0054,account,A0054,OWNS,2023-10-14,{}
R02950,customer,C0055,account,A0055,OWNS,2023-08-16,{}
R02951,customer,C0056,account,A0056,OWNS,2021-12-29,{}
R02952,customer,C0057,account,A0057,OWNS,2020-10-27,{}
R02953,customer,C0058,account,A0058,OWNS,2021-05-29,{}
R02954,customer,C0059,account,A0059,OWNS,2023-02-10,{}
R02955,customer,C0060,account,A0060,OWNS,2022-10-05,{}
R02956,customer,C0061,account,A0061,OWNS,2023-01-22,{}
R02957,customer,C0062,account,A0062,OWNS,2020-01-23,{}
R02958,customer,C0063,account,A0063,OWNS,2021-06-08,{}
R02959,customer,C0064,account,A0064,OWNS,2022-06-02,{}
R02960,customer,C0065,account,A0065,OWNS,2023-03-23,{}
R02961,customer,C0066,account,A0066,OWNS,2020-09-30,{}
R02962,customer,C0067,account,A0067,OWNS,2023-08-23,{}
R02963,customer,C0068,account,A0068,OWNS,2023-10-26,{}
R02964,customer,C0069,account,A0069,OWNS,2023-07-09,{}
R02965,customer,C0070,account,A0070,OWNS,2022-03-12,{}
R02966,customer,C0071,account,A0071,OWNS,2020-05-15,{}
R02967,customer,C0072,account,A0072,OWNS,2022-11-06,{}
R02968,customer,C0073,account,A0073,OWNS,2020-10-15,{}
R02969,customer,C0074,account,A0074,OWNS,2022-01-12,{}
R02970,customer,C0075,account,A0075,OWNS,2023-12-25,{}
R02971,customer,C0076,account,A0076,OWNS,2020-01-12,{}
R02972,customer,C0077,account,A0077,OWNS,2021-08-19,{}
R02973,customer,C0078,account,A0078,OWNS,2021-11-25,{}
R02974,customer,C0079,account,A0079,OWNS,2021-05-28,{}
R02975,customer,C0080,account,A0080,OWNS,2022-06-24,{}
R02976,customer,C0081,account,A0081,OWNS,2022-06-09,{}
R02977,customer,C0082,account,A0082,OWNS,2021-02-11,{}
R02978,customer,C0083,account,A0083,OWNS,2021-07-13,{}
R02979,customer,C0084,account,A0084,OWNS,2021-01-03,{}
R02980,customer,C0085,account,A0085,OWNS,2022-11-04,{}
R02981,customer,C0086,account,A0086,OWNS,2021-12-24,{}
R02982,customer,C0087,account,A0087,OWNS,2020-09-06,{}
R02983,customer,C0088,account,A0088,OWNS,2022-12-02,{}
R02984,customer,C0089,account,A0089,OWNS,2023-12-05,{}
R02985,customer,C0090,account,A0090,OWNS,2023-04-11,{}
R02986,customer,C0091,account,A0091,OWNS,2022-12-09,{}
R02987,customer,C0092,account,A0092,OWNS,2022-09-20,{}
R02988,customer,C0093,account,A0093,OWNS,2021-07-25,{}
R02989,customer,C0094,account,A0094,OWNS,2020-12-10,{}
R02990,customer,C0095,account,A0095,OWNS,2020-07-27,{}
R02991,customer,C0096,account,A0096,OWNS,2020-08-26,{}
R02992,customer,C0097,account,A0097,OWNS,2023-03-08,{}
R02993,customer,C0098,account,A0098,OWNS,2021-08-04,{}
R02994,customer,C0099,account,A0099,OWNS,2022-12-27,{}
R02995,customer,C0100,account,A0100,OWNS,2023-11-19,{}
R02996,customer,C0069,account,A0101,OWNS,2023-03-23,{}
R02997,customer,C0065,account,A0102,OWNS,2023-05-31,{}
R02998,customer,C0063,account,A0103,OWNS,2023-07-07,{}
R02999,customer,C0082,account,A0104,OWNS,2023-03-30,{}
R03000,customer,C0023,account,A0105,OWNS,2022-11-23,{}
R03001,customer,C0035,account,A0106,OWNS,2023-09-19,{}
R03002,customer,C0100,account,A0107,OWNS,2022-03-28,{}
R03003,customer,C0035,account,A0108,OWNS,2022-04-01,{}
R03004,customer,C0036,account,A0109,OWNS,2021-07-17,{}
R03005,customer,C0073,account,A0110,OWNS,2023-11-26,{}
R03006,customer,C0004,account,A0111,OWNS,2020-06-24,{}
R03007,customer,C0063,account,A0112,OWNS,2023-07-12,{}
R03008,customer,C0044,account,A0113,OWNS,2023-11-04,{}
R03009,customer,C0072,account,A0114,OWNS,2020-11-11,{}
R03010,customer,C0011,account,A0115,OWNS,2022-04-14,{}
R03011,customer,C0072,account,A0116,OWNS,2020-09-13,{}
R03012,customer,C0092,account,A0117,OWNS,2023-08-21,{}
R03013,customer,C0012,account,A0118,OWNS,2021-11-18,{}
R03014,customer,C0040,account,A0119,OWNS,2022-11-23,{}
R03015,customer,C0071,account,A0120,OWNS,2023-01-19,{}
R03016,customer,C0043,account,A0121,OWNS,2022-01-30,{}
R03017,customer,C0040,account,A0122,OWNS,2023-10-29,{}
R03018,customer,C0041,account,A0123,OWNS,2021-11-24,{}
R03019,customer,C0025,account,A0124,OWNS,2021-12-06,{}
R03020,customer,C0093,account,A0125,OWNS,2022-03-09,{}
R03021,customer,C0077,account,A0126,OWNS,2021-12-11,{}
R03022,customer,C0038,account,A0127,OWNS,2020-03-31,{}
R03023,customer,C0002,account,A0128,OWNS,2021-12-20,{}
R03024,customer,C0006,account,A0129,OWNS,2023-06-08,{}
R03025,customer,C0082,account,A0130,OWNS,2023-01-29,{}
R03026,customer,C0074,account,A0131,OWNS,2021-09-08,{}
R03027,customer,C0044,account,A0132,OWNS,2023-06-23,{}
R03028,customer,C0062,account,A0133,OWNS,2023-03-05,{}
R03029,customer,C0063,account,A0134,OWNS,2022-06-18,{}
R03030,customer,C0007,account,A0135,OWNS,2020-03-12,{}
R03031,customer,C0039,account,A0136,OWNS,2021-06-20,{}
R03032,customer,C0072,account,A0137,OWNS,2020-04-10,{}
R03033,customer,C0029,account,A0138,OWNS,2020-04-04,{}
R03034,customer,C0039,account,A0139,OWNS,2023-12-22,{}
R03035,customer,C0073,account,A0140,OWNS,2020-02-20,{}
R03036,customer,C0098,account,A0141,OWNS,2021-09-28,{}
R03037,customer,C0085,account,A0142,OWNS,2023-04-10,{}
R03038,customer,C0071,account,A0143,OWNS,2023-04-05,{}
R03039,customer,C0058,account,A0144,OWNS,2023-02-07,{}
R03040,customer,C0005,account,A0145,OWNS,2021-10-16,{}
R03041,customer,C0090,account,A0146,OWNS,2023-10-17,{}
R03042,customer,C0034,account,A0147,OWNS,2021-11-28,{}
R03043,customer,C0055,account,A0148,OWNS,2021-08-07,{}
R03044,customer,C0020,account,A0149,OWNS,2022-11-27,{}
R03045,customer,C0008,account,A0150,OWNS,2023-09-21,{}
R03046,account,A0002,device,D0041,LOGGED_IN_FROM,2024-01-04T18:02:21.462774,{}
R03047,account,A0002,device,D0027,LOGGED_IN_FROM,2024-06-03T23:37:02.773347,{}
R03048,account,A0002,device,D0043,LOGGED_IN_FROM,2024-06-28T22:18:51.139020,{}
R03049,account,A0003,device,D0032,LOGGED_IN_FROM,2024-01-06T14:14:59.667340,{}
R03050,account,A0003,device,D0037,LOGGED_IN_FROM,2024-05-14T02:57:28.776159,{}
R03051,account,A0005,device,D0024,LOGGED_IN_FROM,2024-02-07T08:11:59.537156,{}
R03052,account,A0005,device,D0006,LOGGED_IN_FROM,2024-02-05T02:03:00.490975,{}
R03053,account,A0006,device,D0041,LOGGED_IN_FROM,2024-01-20T12:51:18.446225,{}
R03054,account,A0006,device,D0018,LOGGED_IN_FROM,2024-06-07T18:18:49.290977,{}
R03055,account,A0007,device,D0035,LOGGED_IN_FROM,2024-06-11T18:13:03.666250,{}
R03056,account,A0007,device,D0029,LOGGED_IN_FROM,2024-06-27T16:58:07.521535,{}
R03057,account,A0007,device,D0034,LOGGED_IN_FROM,2024-02-01T15:59:33.238649,{}
R03058,account,A0008,device,D0023,LOGGED_IN_FROM,2024-06-09T17:26:59.488157,{}
R03059,account,A0008,device,D0026,LOGGED_IN_FROM,2024-04-16T15:15:29.566653,{}
R03060,account,A0008,device,D0018,LOGGED_IN_FROM,2024-02-25T23:42:01.453603,{}
R03061,account,A0010,device,D0038,LOGGED_IN_FROM,2024-04-04T03:13:03.619186,{}
R03062,account,A0011,device,D0040,LOGGED_IN_FROM,2024-01-23T06:08:37.424806,{}
R03063,account,A0011,device,D0030,LOGGED_IN_FROM,2024-04-12T13:34:53.753537,{}
R03064,account,A0012,device,D0019,LOGGED_IN_FROM,2024-01-20T22:40:04.328389,{}
R03065,account,A0012,device,D0001,LOGGED_IN_FROM,2024-03-31T07:20:20.293841,{}
R03066,account,A0013,device,D0010,LOGGED_IN_FROM,2024-03-25T09:40:59.161393,{}
R03067,account,A0013,device,D0010,LOGGED_IN_FROM,2024-04-04T16:43:14.590238,{}
R03068,account,A0013,device,D0019,LOGGED_IN_FROM,2024-04-22T21:45:57.815996,{}
R03069,account,A0014,device,D0011,LOGGED_IN_FROM,2024-02-24T23:02:11.343773,{}
R03070,account,A0014,device,D0019,LOGGED_IN_FROM,2024-01-12T16:41:38.554577,{}
R03071,account,A0014,device,D0019,LOGGED_IN_FROM,2024-01-03T19:44:00.182543,{}
R03072,account,A0016,device,D0014,LOGGED_IN_FROM,2024-02-21T05:25:37.725069,{}
R03073,account,A0018,device,D0008,LOGGED_IN_FROM,2024-01-10T15:04:17.825128,{}
R03074,account,A0018,device,D0020,LOGGED_IN_FROM,2024-01-01T22:06:43.323698,{}
R03075,account,A0018,device,D0023,LOGGED_IN_FROM,2024-04-29T12:08:25.440171,{}
R03076,account,A0020,device,D0004,LOGGED_IN_FROM,2024-02-15T12:13:37.066694,{}
R03077,account,A0021,device,D0019,LOGGED_IN_FROM,2024-05-22T03:11:01.573386,{}
R03078,account,A0021,device,D0033,LOGGED_IN_FROM,2024-04-30T10:10:34.101994,{}
R03079,account,A0022,device,D0010,LOGGED_IN_FROM,2024-06-21T14:48:31.483963,{}
R03080,account,A0022,device,D0046,LOGGED_IN_FROM,2024-02-18T23:47:08.449371,{}
R03081,account,A0022,device,D0047,LOGGED_IN_FROM,2024-02-05T14:35:01.978241,{}
R03082,account,A0024,device,D0006,LOGGED_IN_FROM,2024-02-22T15:14:38.402389,{}
R03083,account,A0024,device,D0003,LOGGED_IN_FROM,2024-03-26T15:29:03.203813,{}
R03084,account,A0024,device,D0023,LOGGED_IN_FROM,2024-02-15T00:28:35.850468,{}
R03085,account,A0025,device,D0041,LOGGED_IN_FROM,2024-03-10T21:49:48.684322,{}
R03086,account,A0025,device,D0026,LOGGED_IN_FROM,2024-06-24T00:14:35.536529,{}
R03087,account,A0025,device,D0007,LOGGED_IN_FROM,2024-06-10T15:20:17.284269,{}
R03088,account,A0026,device,D0039,LOGGED_IN_FROM,2024-02-26T05:50:10.745094,{}
R03089,account,A0026,device,D0037,LOGGED_IN_FROM,2024-03-19T21:11:09.167731,{}
R03090,account,A0029,device,D0038,LOGGED_IN_FROM,2024-01-26T04:34:55.571074,{}
R03091,account,A0029,device,D0050,LOGGED_IN_FROM,2024-02-06T02:39:25.024444,{}
R03092,account,A0031,device,D0027,LOGGED_IN_FROM,2024-04-10T07:48:31.299779,{}
R03093,account,A0032,device,D0020,LOGGED_IN_FROM,2024-01-16T11:50:14.623215,{}
R03094,account,A0032,device,D0037,LOGGED_IN_FROM,2024-06-16T19:24:12.277388,{}
R03095,account,A0034,device,D0035,LOGGED_IN_FROM,2024-02-03T04:34:07.382959,{}
R03096,account,A0034,device,D0028,LOGGED_IN_FROM,2024-01-18T09:12:27.885761,{}
R03097,account,A0035,device,D0029,LOGGED_IN_FROM,2024-05-05T15:18:55.580371,{}
R03098,account,A0035,device,D0033,LOGGED_IN_FROM,2024-06-18T05:07:04.494562,{}
R03099,account,A0035,device,D0046,LOGGED_IN_FROM,2024-03-05T17:14:10.533055,{}
R03100,account,A0037,device,D0028,LOGGED_IN_FROM,2024-03-25T10:42:15.533881,{}
R03101,account,A0037,device,D0027,LOGGED_IN_FROM,2024-03-24T11:49:03.424207,{}
R03102,account,A0038,device,D0002,LOGGED_IN_FROM,2024-06-22T07:20:39.041810,{}
R03103,account,A0038,device,D0027,LOGGED_IN_FROM,2024-01-17T00:08:07.873956,{}
R03104,account,A0038,device,D0009,LOGGED_IN_FROM,2024-04-21T08:27:57.397603,{}
R03105,account,A0039,device,D0016,LOGGED_IN_FROM,2024-04-15T00:55:14.108733,{}
R03106,account,A0039,device,D0024,LOGGED_IN_FROM,2024-01-24T00:52:55.179965,{}
R03107,account,A0040,device,D0037,LOGGED_IN_FROM,2024-06-07T21:11:09.389953,{}
R03108,account,A0040,device,D0004,LOGGED_IN_FROM,2024-05-16T17:10:33.574868,{}
R03109,account,A0040,device,D0026,LOGGED_IN_FROM,2024-01-23T19:03:55.050086,{}
R03110,account,A0041,device,D0001,LOGGED_IN_FROM,2024-03-24T18:26:13.778085,{}
R03111,account,A0041,device,D0049,LOGGED_IN_FROM,2024-06-07T08:36:46.189501,{}
R03112,account,A0041,device,D0030,LOGGED_IN_FROM,2024-05-31T21:28:34.603510,{}
R03113,account,A0042,device,D0004,LOGGED_IN_FROM,2024-02-18T21:38:22.292697,{}
R03114,account,A0044,device,D0007,LOGGED_IN_FROM,2024-03-01T08:39:07.655524,{}
R03115,account,A0044,device,D0007,LOGGED_IN_FROM,2024-05-28T18:30:28.586079,{}
R03116,account,A0044,device,D0037,LOGGED_IN_FROM,2024-03-28T03:29:47.612913,{}
R03117,account,A0045,device,D0004,LOGGED_IN_FROM,2024-01-22T23:32:49.224231,{}
R03118,account,A0045,device,D0038,LOGGED_IN_FROM,2024-05-02T01:39:00.249548,{}
R03119,account,A0046,device,D0046,LOGGED_IN_FROM,2024-01-10T14:19:12.134933,{}
R03120,account,A0046,device,D0014,LOGGED_IN_FROM,2024-04-03T10:39:03.405520,{}
R03121,account,A0046,device,D0036,LOGGED_IN_FROM,2024-05-14T00:24:08.537757,{}
R03122,account,A0047,device,D0009,LOGGED_IN_FROM,2024-02-10T11:04:23.977221,{}
R03123,account,A0047,device,D0044,LOGGED_IN_FROM,2024-04-25T18:43:06.057352,{}
R03124,account,A0048,device,D0020,LOGGED_IN_FROM,2024-04-23T17:04:20.012014,{}
R03125,account,A0049,device,D0001,LOGGED_IN_FROM,2024-05-25T19:35:58.458423,{}
R03126,account,A0049,device,D0040,LOGGED_IN_FROM,2024-05-04T11:41:35.820804,{}
R03127,account,A0049,device,D0008,LOGGED_IN_FROM,2024-01-13T03:39:54.420652,{}
R03128,account,A0050,device,D0039,LOGGED_IN_FROM,2024-06-08T06:16:53.508665,{}
R03129,account,A0051,device,D0007,LOGGED_IN_FROM,2024-02-14T17:51:47.654557,{}
R03130,account,A0051,device,D0007,LOGGED_IN_FROM,2024-03-26T17:56:13.199355,{}
R03131,account,A0051,device,D0033,LOGGED_IN_FROM,2024-03-21T07:56:10.179353,{}
R03132,account,A0052,device,D0008,LOGGED_IN_FROM,2024-02-24T06:52:07.700903,{}
R03133,account,A0053,device,D0012,LOGGED_IN_FROM,2024-05-28T11:15:25.338843,{}
R03134,account,A0053,device,D0035,LOGGED_IN_FROM,2024-02-17T02:37:10.225076,{}
R03135,account,A0054,device,D0044,LOGGED_IN_FROM,2024-03-20T11:34:48.257348,{}
R03136,account,A0054,device,D0043,LOGGED_IN_FROM,2024-04-21T16:56:11.770383,{}
R03137,account,A0054,device,D0028,LOGGED_IN_FROM,2024-01-27T11:17:39.247353,{}
R03138,account,A0055,device,D0012,LOGGED_IN_FROM,2024-01-26T15:29:05.233041,{}
R03139,account,A0056,device,D0043,LOGGED_IN_FROM,2024-02-13T13:31:19.752960,{}
R03140,account,A0056,device,D0033,LOGGED_IN_FROM,2024-05-14T05:47:29.562313,{}
R03141,account,A0056,device,D0035,LOGGED_IN_FROM,2024-02-06T06:19:29.713831,{}
R03142,account,A0057,device,D0019,LOGGED_IN_FROM,2024-02-22T09:21:59.767743,{}
R03143,account,A0057,device,D0007,LOGGED_IN_FROM,2024-06-22T14:17:35.175383,{}
R03144,account,A0058,device,D0024,LOGGED_IN_FROM,2024-04-30T20:29:14.354043,{}
R03145,account,A0058,device,D0026,LOGGED_IN_FROM,2024-03-10T20:00:19.824706,{}
R03146,account,A0059,device,D0030,LOGGED_IN_FROM,2024-03-16T10:59:53.733014,{}
R03147,account,A0060,device,D0010,LOGGED_IN_FROM,2024-01-06T01:30:16.351583,{}
R03148,account,A0060,device,D0030,LOGGED_IN_FROM,2024-01-22T17:49:46.218173,{}
R03149,account,A0061,device,D0001,LOGGED_IN_FROM,2024-04-15T01:51:26.615624,{}
R03150,account,A0061,device,D0003,LOGGED_IN_FROM,2024-04-26T18:21:12.394290,{}
R03151,account,A0062,device,D0040,LOGGED_IN_FROM,2024-03-21T10:49:06.396335,{}
R03152,account,A0062,device,D0023,LOGGED_IN_FROM,2024-06-23T06:23:17.179765,{}
R03153,account,A0062,device,D0030,LOGGED_IN_FROM,2024-06-08T17:15:02.430645,{}
R03154,account,A0063,device,D0018,LOGGED_IN_FROM,2024-01-02T15:37:03.175355,{}
R03155,account,A0063,device,D0011,LOGGED_IN_FROM,2024-03-05T18:03:21.050201,{}
R03156,account,A0064,device,D0014,LOGGED_IN_FROM,2024-03-04T03:20:06.904167,{}
R03157,account,A0064,device,D0046,LOGGED_IN_FROM,2024-04-05T00:50:30.273938,{}
R03158,account,A0064,device,D0033,LOGGED_IN_FROM,2024-01-12T08:39:16.232590,{}
R03159,account,A0065,device,D0010,LOGGED_IN_FROM,2024-03-04T16:30:36.934484,{}
R03160,account,A0065,device,D0047,LOGGED_IN_FROM,2024-04-11T22:18:49.984024,{}
R03161,account,A0065,device,D0030,LOGGED_IN_FROM,2024-05-09T10:45:07.398445,{}
R03162,account,A0066,device,D0018,LOGGED_IN_FROM,2024-05-22T01:52:13.143946,{}
R03163,account,A0067,device,D0020,LOGGED_IN_FROM,2024-06-16T03:35:01.737335,{}
R03164,account,A0067,device,D0005,LOGGED_IN_FROM,2024-06-14T19:47:56.911587,{}
R03165,account,A0067,device,D0042,LOGGED_IN_FROM,2024-03-28T13:23:12.511822,{}
R03166,account,A0068,device,D0039,LOGGED_IN_FROM,2024-04-29T06:34:24.756548,{}
R03167,account,A0068,device,D0037,LOGGED_IN_FROM,2024-05-08T05:43:29.270865,{}
R03168,account,A0069,device,D0050,LOGGED_IN_FROM,2024-04-29T06:17:01.520014,{}
R03169,account,A0069,device,D0017,LOGGED_IN_FROM,2024-01-24T10:12:32.527618,{}
R03170,account,A0069,device,D0021,LOGGED_IN_FROM,2024-04-16T13:58:24.676581,{}
R03171,account,A0072,device,D0023,LOGGED_IN_FROM,2024-04-15T19:02:18.841286,{}
R03172,account,A0072,device,D0026,LOGGED_IN_FROM,2024-01-13T05:31:26.241044,{}
R03173,account,A0072,device,D0002,LOGGED_IN_FROM,2024-06-03T05:13:24.471506,{}
R03174,account,A0074,device,D0015,LOGGED_IN_FROM,2024-01-18T11:22:18.034180,{}
R03175,account,A0075,device,D0032,LOGGED_IN_FROM,2024-06-18T02:18:43.561665,{}
R03176,account,A0078,device,D0021,LOGGED_IN_FROM,2024-05-17T13:02:45.305770,{}
R03177,account,A0078,device,D0050,LOGGED_IN_FROM,2024-05-26T08:21:54.068501,{}
R03178,account,A0079,device,D0016,LOGGED_IN_FROM,2024-01-20T01:59:44.806163,{}
R03179,account,A0079,device,D0012,LOGGED_IN_FROM,2024-05-11T19:08:26.754816,{}
R03180,account,A0079,device,D0025,LOGGED_IN_FROM,2024-05-16T19:15:19.688812,{}
R03181,account,A0080,device,D0005,LOGGED_IN_FROM,2024-01-12T05:00:33.647188,{}
R03182,account,A0080,device,D0017,LOGGED_IN_FROM,2024-01-21T17:16:26.804291,{}
R03183,account,A0081,device,D0005,LOGGED_IN_FROM,2024-03-20T21:59:58.554075,{}
R03184,account,A0081,device,D0024,LOGGED_IN_FROM,2024-04-19T18:46:50.376075,{}
R03185,account,A0081,device,D0002,LOGGED_IN_FROM,2024-06-16T03:54:17.542102,{}
R03186,account,A0082,device,D0007,LOGGED_IN_FROM,2024-05-06T11:15:52.394718,{}
R03187,account,A0082,device,D0025,LOGGED_IN_FROM,2024-01-25T02:41:35.130506,{}
R03188,account,A0083,device,D0037,LOGGED_IN_FROM,2024-04-10T17:17:52.612479,{}
R03189,account,A0083,device,D0013,LOGGED_IN_FROM,2024-02-15T16:50:16.906143,{}
R03190,account,A0083,device,D0029,LOGGED_IN_FROM,2024-05-02T20:55:12.533787,{}
R03191,account,A0084,device,D0013,LOGGED_IN_FROM,2024-05-14T07:54:59.652031,{}
R03192,account,A0085,device,D0034,LOGGED_IN_FROM,2024-05-26T08:52:19.613193,{}
R03193,account,A0085,device,D0013,LOGGED_IN_FROM,2024-01-16T13:39:48.558215,{}
R03194,account,A0087,device,D0041,LOGGED_IN_FROM,2024-06-22T17:30:42.034739,{}
R03195,account,A0088,device,D0014,LOGGED_IN_FROM,2024-01-07T00:23:27.777751,{}
R03196,account,A0089,device,D0001,LOGGED_IN_FROM,2024-03-06T01:55:58.774672,{}
R03197,account,A0090,device,D0037,LOGGED_IN_FROM,2024-04-08T22:20:49.849195,{}
R03198,account,A0090,device,D0005,LOGGED_IN_FROM,2024-03-02T16:02:59.779806,{}
R03199,account,A0092,device,D0047,LOGGED_IN_FROM,2024-06-22T08:26:17.737069,{}
R03200,account,A0092,device,D0047,LOGGED_IN_FROM,2024-04-26T05:51:26.809041,{}
R03201,account,A0092,device,D0032,LOGGED_IN_FROM,2024-02-04T09:57:16.909245,{}
R03202,account,A0093,device,D0037,LOGGED_IN_FROM,2024-05-29T18:59:20.441116,{}
R03203,account,A0094,device,D0023,LOGGED_IN_FROM,2024-03-05T12:34:18.036196,{}
R03204,account,A0094,device,D0036,LOGGED_IN_FROM,2024-06-03T11:15:48.344750,{}
R03205,account,A0094,device,D0005,LOGGED_IN_FROM,2024-03-20T10:29:10.693732,{}
R03206,account,A0095,device,D0025,LOGGED_IN_FROM,2024-06-07T04:33:20.379570,{}
R03207,account,A0095,device,D0037,LOGGED_IN_FROM,2024-01-15T03:27:24.099083,{}
R03208,account,A0095,device,D0034,LOGGED_IN_FROM,2024-02-23T23:29:52.852620,{}
R03209,account,A0096,device,D0032,LOGGED_IN_FROM,2024-02-11T17:36:40.709142,{}
R03210,account,A0097,device,D0035,LOGGED_IN_FROM,2024-02-29T21:30:56.120662,{}
R03211,account,A0097,device,D0015,LOGGED_IN_FROM,2024-05-28T15:50:52.746911,{}
R03212,account,A0097,device,D0019,LOGGED_IN_FROM,2024-06-15T22:21:19.229955,{}
R03213,account,A0098,device,D0025,LOGGED_IN_FROM,2024-05-07T07:01:09.392469,{}
R03214,account,A0098,device,D0005,LOGGED_IN_FROM,2024-06-06T21:53:25.340883,{}
R03215,account,A0100,device,D0019,LOGGED_IN_FROM,2024-01-14T12:49:54.557875,{}
R03216,account,A0101,device,D0016,LOGGED_IN_FROM,2024-06-03T10:16:48.075888,{}
R03217,account,A0101,device,D0040,LOGGED_IN_FROM,2024-03-31T12:12:15.130523,{}
R03218,account,A0101,device,D0026,LOGGED_IN_FROM,2024-04-21T23:23:36.653486,{}
R03219,account,A0102,device,D0045,LOGGED_IN_FROM,2024-06-10T10:00:56.115719,{}
R03220,account,A0102,device,D0038,LOGGED_IN_FROM,2024-03-26T05:55:53.405375,{}
R03221,account,A0102,device,D0017,LOGGED_IN_FROM,2024-04-28T05:38:23.324306,{}
R03222,account,A0103,device,D0022,LOGGED_IN_FROM,2024-03-17T06:35:10.857008,{}
R03223,account,A0104,device,D0022,LOGGED_IN_FROM,2024-06-09T17:35:37.565071,{}
R03224,account,A0106,device,D0009,LOGGED_IN_FROM,2024-02-06T23:11:22.159796,{}
R03225,account,A0107,device,D0022,LOGGED_IN_FROM,2024-06-16T06:36:46.783012,{}
R03226,account,A0107,device,D0043,LOGGED_IN_FROM,2024-06-14T03:06:57.895439,{}
R03227,account,A0107,device,D0004,LOGGED_IN_FROM,2024-02-12T15:31:16.047492,{}
R03228,account,A0108,device,D0037,LOGGED_IN_FROM,2024-06-12T16:22:58.338983,{}
R03229,account,A0112,device,D0049,LOGGED_IN_FROM,2024-05-26T03:43:32.449737,{}
R03230,account,A0112,device,D0023,LOGGED_IN_FROM,2024-06-26T13:42:26.815701,{}
R03231,account,A0112,device,D0027,LOGGED_IN_FROM,2024-04-18T06:21:11.877430,{}
R03232,account,A0113,device,D0006,LOGGED_IN_FROM,2024-06-09T15:22:51.398754,{}
R03233,account,A0113,device,D0031,LOGGED_IN_FROM,2024-06-20T08:02:00.020120,{}
R03234,account,A0113,device,D0018,LOGGED_IN_FROM,2024-05-10T22:08:40.358777,{}
R03235,account,A0114,device,D0003,LOGGED_IN_FROM,2024-03-30T21:12:58.148023,{}
R03236,account,A0115,device,D0042,LOGGED_IN_FROM,2024-03-04T09:31:09.750376,{}
R03237,account,A0116,device,D0020,LOGGED_IN_FROM,2024-05-21T11:01:03.881305,{}
R03238,account,A0116,device,D0015,LOGGED_IN_FROM,2024-01-04T21:08:58.311338,{}
R03239,account,A0117,device,D0002,LOGGED_IN_FROM,2024-05-20T00:34:33.334164,{}
R03240,account,A0118,device,D0035,LOGGED_IN_FROM,2024-04-20T01:45:19.303137,{}
R03241,account,A0119,device,D0044,LOGGED_IN_FROM,2024-05-03T17:32:13.092647,{}
R03242,account,A0119,device,D0002,LOGGED_IN_FROM,2024-04-10T00:02:32.821073,{}
R03243,account,A0122,device,D0025,LOGGED_IN_FROM,2024-05-18T14:07:13.811438,{}
R03244,account,A0123,device,D0009,LOGGED_IN_FROM,2024-03-18T18:41:52.115084,{}
R03245,account,A0123,device,D0028,LOGGED_IN_FROM,2024-04-09T11:13:23.340013,{}
R03246,account,A0123,device,D0008,LOGGED_IN_FROM,2024-03-20T06:28:01.921664,{}
R03247,account,A0124,device,D0024,LOGGED_IN_FROM,2024-03-04T16:10:18.598112,{}
R03248,account,A0124,device,D0022,LOGGED_IN_FROM,2024-03-20T00:15:49.903789,{}
R03249,account,A0124,device,D0004,LOGGED_IN_FROM,2024-02-13T02:36:40.985097,{}
R03250,account,A0125,device,D0038,LOGGED_IN_FROM,2024-01-02T19:39:20.450863,{}
R03251,account,A0127,device,D0048,LOGGED_IN_FROM,2024-05-16T05:09:36.045234,{}
R03252,account,A0127,device,D0035,LOGGED_IN_FROM,2024-04-12T19:36:11.408027,{}
R03253,account,A0128,device,D0047,LOGGED_IN_FROM,2024-02-15T05:39:46.472780,{}
R03254,account,A0129,device,D0005,LOGGED_IN_FROM,2024-01-11T06:06:27.114173,{}
R03255,account,A0130,device,D0012,LOGGED_IN_FROM,2024-02-21T03:35:48.934738,{}
R03256,account,A0130,device,D0021,LOGGED_IN_FROM,2024-03-04T06:57:19.672375,{}
R03257,account,A0131,device,D0016,LOGGED_IN_FROM,2024-06-29T15:41:52.031389,{}
R03258,account,A0131,device,D0009,LOGGED_IN_FROM,2024-04-19T17:00:07.141760,{}
R03259,account,A0131,device,D0031,LOGGED_IN_FROM,2024-04-29T00:32:23.178130,{}
R03260,account,A0132,device,D0005,LOGGED_IN_FROM,2024-01-14T19:47:07.690285,{}
R03261,account,A0132,device,D0035,LOGGED_IN_FROM,2024-02-07T06:15:36.055487,{}
R03262,account,A0132,device,D0046,LOGGED_IN_FROM,2024-05-13T01:47:22.989783,{}
R03263,account,A0133,device,D0015,LOGGED_IN_FROM,2024-03-21T06:44:44.672835,{}
R03264,account,A0133,device,D0020,LOGGED_IN_FROM,2024-06-19T09:33:31.804443,{}
R03265,account,A0134,device,D0019,LOGGED_IN_FROM,2024-06-06T06:48:35.193399,{}
R03266,account,A0134,device,D0016,LOGGED_IN_FROM,2024-04-05T08:36:40.146079,{}
R03267,account,A0134,device,D0018,LOGGED_IN_FROM,2024-02-27T17:07:23.789268,{}
R03268,account,A0135,device,D0033,LOGGED_IN_FROM,2024-01-19T21:25:07.599804,{}
R03269,account,A0135,device,D0023,LOGGED_IN_FROM,2024-06-11T23:26:52.224573,{}
R03270,account,A0135,device,D0046,LOGGED_IN_FROM,2024-06-21T01:14:51.578009,{}
R03271,account,A0136,device,D0018,LOGGED_IN_FROM,2024-01-15T04:46:11.128005,{}
R03272,account,A0136,device,D0009,LOGGED_IN_FROM,2024-06-01T07:09:06.218763,{}
R03273,account,A0137,device,D0015,LOGGED_IN_FROM,2024-02-25T04:39:21.201565,{}
R03274,account,A0137,device,D0036,LOGGED_IN_FROM,2024-02-08T03:34:59.811241,{}
R03275,account,A0137,device,D0024,LOGGED_IN_FROM,2024-05-11T05:00:44.383327,{}
R03276,account,A0138,device,D0003,LOGGED_IN_FROM,2024-06-26T00:02:23.065523,{}
R03277,account,A0139,device,D0029,LOGGED_IN_FROM,2024-04-27T15:12:02.618213,{}
R03278,account,A0139,device,D0030,LOGGED_IN_FROM,2024-06-21T12:01:38.407466,{}
R03279,account,A0139,device,D0002,LOGGED_IN_FROM,2024-03-31T07:15:14.897016,{}
R03280,account,A0141,device,D0018,LOGGED_IN_FROM,2024-02-20T07:29:24.304822,{}
R03281,account,A0142,device,D0020,LOGGED_IN_FROM,2024-05-29T17:15:53.735815,{}
R03282,account,A0142,device,D0006,LOGGED_IN_FROM,2024-01-11T19:25:25.896166,{}
R03283,account,A0144,device,D0025,LOGGED_IN_FROM,2024-03-30T15:49:58.707154,{}
R03284,account,A0144,device,D0025,LOGGED_IN_FROM,2024-03-10T14:58:37.766927,{}
R03285,account,A0144,device,D0003,LOGGED_IN_FROM,2024-02-10T15:00:14.663038,{}
R03286,account,A0145,device,D0012,LOGGED_IN_FROM,2024-04-29T10:43:01.988614,{}
R03287,account,A0145,device,D0035,LOGGED_IN_FROM,2024-01-10T11:00:57.330522,{}
R03288,account,A0146,device,D0003,LOGGED_IN_FROM,2024-04-08T00:29:22.489480,{}
R03289,account,A0146,device,D0023,LOGGED_IN_FROM,2024-06-18T15:18:02.067729,{}
R03290,account,A0147,device,D0049,LOGGED_IN_FROM,2024-06-10T15:55:39.733150,{}
R03291,account,A0147,device,D0017,LOGGED_IN_FROM,2024-05-26T15:41:54.869868,{}
R03292,account,A0147,device,D0038,LOGGED_IN_FROM,2024-02-09T04:40:04.027502,{}
R03293,account,A0148,device,D0022,LOGGED_IN_FROM,2024-05-11T08:48:56.197746,{}
R03294,account,A0149,device,D0028,LOGGED_IN_FROM,2024-06-05T16:47:04.254762,{}
R03295,account,A0149,device,D0047,LOGGED_IN_FROM,2024-06-17T01:41:33.981742,{}
R03296,account,A0149,device,D0049,LOGGED_IN_FROM,2024-01-11T08:07:23.408078,{}
R03297,account,A0150,device,D0036,LOGGED_IN_FROM,2024-03-11T05:57:08.225368,{}
R03298,device,D0001,ip_address,IP0010,CONNECTED_VIA,2022-04-14,{}
R03299,device,D0002,ip_address,IP0015,CONNECTED_VIA,2023-10-31,{}
R03300,device,D0003,ip_address,IP0013,CONNECTED_VIA,2022-04-03,{}
R03301,device,D0004,ip_address,IP0018,CONNECTED_VIA,2023-02-22,{}
R03302,device,D0005,ip_address,IP0003,CONNECTED_VIA,2023-02-15,{}
R03303,device,D0006,ip_address,IP0014,CONNECTED_VIA,2023-07-20,{}
R03304,device,D0007,ip_address,IP0020,CONNECTED_VIA,2023-10-11,{}
R03305,device,D0008,ip_address,IP0003,CONNECTED_VIA,2023-08-11,{}
R03306,device,D0009,ip_address,IP0019,CONNECTED_VIA,2022-08-20,{}
R03307,device,D0010,ip_address,IP0019,CONNECTED_VIA,2023-06-08,{}
R03308,device,D0011,ip_address,IP0016,CONNECTED_VIA,2023-02-27,{}
R03309,device,D0012,ip_address,IP0009,CONNECTED_VIA,2023-02-18,{}
R03310,device,D0013,ip_address,IP0014,CONNECTED_VIA,2023-10-02,{}
R03311,device,D0014,ip_address,IP0003,CONNECTED_VIA,2022-07-12,{}
R03312,device,D0015,ip_address,IP0014,CONNECTED_VIA,2022-09-26,{}
R03313,device,D0016,ip_address,IP0004,CONNECTED_VIA,2022-08-03,{}
R03314,device,D0017,ip_address,IP0014,CONNECTED_VIA,2023-12-30,{}
R03315,device,D0018,ip_address,IP0010,CONNECTED_VIA,2023-08-18,{}
R03316,device,D0019,ip_address,IP0018,CONNECTED_VIA,2022-01-26,{}
R03317,device,D0020,ip_address,IP0003,CONNECTED_VIA,2022-11-22,{}
R03318,device,D0021,ip_address,IP0011,CONNECTED_VIA,2023-08-19,{}
R03319,device,D0022,ip_address,IP0017,CONNECTED_VIA,2022-07-06,{}
R03320,device,D0023,ip_address,IP0015,CONNECTED_VIA,2022-02-22,{}
R03321,device,D0024,ip_address,IP0007,CONNECTED_VIA,2023-04-07,{}
R03322,device,D0025,ip_address,IP0020,CONNECTED_VIA,2022-12-13,{}
R03323,device,D0026,ip_address,IP0002,CONNECTED_VIA,2023-06-06,{}
R03324,device,D0027,ip_address,IP0018,CONNECTED_VIA,2023-11-09,{}
R03325,device,D0028,ip_address,IP0015,CONNECTED_VIA,2022-07-10,{}
R03326,device,D0029,ip_address,IP0004,CONNECTED_VIA,2022-02-04,{}
R03327,device,D0030,ip_address,IP0008,CONNECTED_VIA,2022-12-07,{}
R03328,device,D0031,ip_address,IP0010,CONNECTED_VIA,2023-02-24,{}
R03329,device,D0032,ip_address,IP0018,CONNECTED_VIA,2023-08-09,{}
R03330,device,D0033,ip_address,IP0008,CONNECTED_VIA,2022-04-19,{}
R03331,device,D0034,ip_address,IP0009,CONNECTED_VIA,2022-08-13,{}
R03332,device,D0035,ip_address,IP0016,CONNECTED_VIA,2023-09-26,{}
R03333,device,D0036,ip_address,IP0017,CONNECTED_VIA,2023-03-24,{}
R03334,device,D0037,ip_address,IP0014,CONNECTED_VIA,2023-03-25,{}
R03335,device,D0038,ip_address,IP0008,CONNECTED_VIA,2023-08-24,{}
R03336,device,D0039,ip_address,IP0005,CONNECTED_VIA,2023-09-28,{}
R03337,device,D0040,ip_address,IP0020,CONNECTED_VIA,2022-07-04,{}
R03338,device,D0041,ip_address,IP0003,CONNECTED_VIA,2023-11-12,{}
R03339,device,D0042,ip_address,IP0011,CONNECTED_VIA,2023-05-28,{}
R03340,device,D0043,ip_address,IP0004,CONNECTED_VIA,2022-06-21,{}
R03341,device,D0044,ip_address,IP0019,CONNECTED_VIA,2022-08-22,{}
R03342,device,D0045,ip_address,IP0005,CONNECTED_VIA,2022-02-17,{}
R03343,device,D0046,ip_address,IP0016,CONNECTED_VIA,2023-04-05,{}
R03344,device,D0047,ip_address,IP0018,CONNECTED_VIA,2023-12-10,{}
R03345,device,D0048,ip_address,IP0015,CONNECTED_VIA,2023-05-02,{}
R03346,device,D0049,ip_address,IP0008,CONNECTED_VIA,2022-11-28,{}
R03347,device,D0050,ip_address,IP0008,CONNECTED_VIA,2023-01-20,{}
