transaction_id,account_id,merchant_id,amount,currency,timestamp,channel,status,location,country,is_fraud,fraud_pattern
T00001,A0080,M0021,64.84,AUD,2024-04-17T16:51:32.742326,online,completed,Sydney,AU,False,
T00002,A0097,M0021,256.6,AUD,2024-05-13T17:14:13.832630,wire,completed,Sydney,AU,False,
T00003,A0109,M0017,21.19,AUD,2024-02-02T15:03:43.693117,pos,completed,London,UK,False,
T00004,A0125,M0007,17.24,AUD,2024-01-14T23:12:18.454331,online,completed,Singapore,SG,False,
T00005,A0139,M0027,93.47,AUD,2024-04-29T19:25:14.185709,wire,completed,New York,US,False,
T00006,A0097,M0005,615.61,AUD,2024-01-30T23:06:07.689572,mobile,completed,Melbourne,AU,False,
T00007,A0094,M0022,83.05,AUD,2024-05-21T20:49:43.540986,pos,completed,London,UK,False,
T00008,A0080,M0026,4.67,AUD,2024-04-13T05:54:06.641182,mobile,completed,Singapore,SG,False,
T00009,A0073,M0025,19.79,AUD,2024-06-23T21:28:07.887096,pos,completed,New York,US,False,
T00010,A0036,M0028,7.89,AUD,2024-06-07T05:09:50.433505,wire,pending,Brisbane,AU,False,
T00011,A0133,M0028,9.3,AUD,2024-04-02T22:00:15.456822,mobile,completed,Brisbane,AU,False,
T00012,A0057,M0027,28.37,AUD,2024-01-05T19:51:19.111853,online,completed,New York,US,False,
T00013,A0096,M0008,25.66,AUD,2024-02-10T15:23:46.922602,atm,pending,Melbourne,AU,False,
T00014,A0086,M0026,168.81,AUD,2024-05-30T10:20:38.223202,mobile,completed,Singapore,SG,False,
T00015,A0002,M0029,10.34,AUD,2024-05-31T03:04:46.931818,wire,pending,New York,US,False,
T00016,A0136,M0014,10.76,AUD,2024-02-24T12:12:02.841417,online,completed,Lagos,NG,False,
T00017,A0118,M0003,40.55,AUD,2024-04-03T06:47:31.819307,pos,completed,New York,US,False,
T00018,A0075,M0014,39.61,AUD,2024-04-30T22:43:31.937818,wire,reversed,Lagos,NG,False,
T00019,A0018,M0017,50.65,AUD,2024-04-01T21:06:45.093149,online,completed,London,UK,False,
T00020,A0121,M0002,81.98,AUD,2024-05-12T15:53:44.869854,online,completed,Singapore,SG,False,
T00021,A0086,M0005,4.19,AUD,2024-05-27T05:52:57.043112,pos,completed,Melbourne,AU,False,
T00022,A0119,M0023,31.37,AUD,2024-01-25T09:47:58.605780,mobile,completed,Perth,AU,False,
T00023,A0052,M0002,19.1,AUD,2024-03-13T01:53:07.072440,wire,completed,Singapore,SG,False,
T00024,A0010,M0025,50.58,AUD,2024-06-05T01:07:47.194890,online,failed,New York,US,False,
T00025,A0085,M0009,9.74,AUD,2024-06-09T23:55:45.947645,mobile,failed,Singapore,SG,False,
T00026,A0099,M0011,229.46,AUD,2024-03-31T01:14:29.821172,wire,completed,New York,US,False,
T00027,A0022,M0024,25.2,AUD,2024-06-29T02:42:23.141098,pos,completed,Brisbane,AU,False,
T00028,A0083,M0004,12.15,AUD,2024-03-18T03:02:53.594174,mobile,completed,Sydney,AU,False,
T00029,A0011,M0024,107.4,AUD,2024-06-29T15:57:58.308214,atm,completed,Brisbane,AU,False,
T00030,A0015,M0003,59.95,AUD,2024-04-02T20:50:44.406794,pos,reversed,New York,US,False,
T00031,A0037,M0028,91.16,AUD,2024-01-07T07:10:00.146744,online,completed,Brisbane,AU,False,
T00032,A0094,M0012,18.97,AUD,2024-04-19T12:31:54.971563,mobile,pending,Brisbane,AU,False,
T00033,A0096,M0015,118.05,AUD,2024-04-05T19:58:25.411417,mobile,completed,Lagos,NG,False,
T00034,A0072,M0008,8.67,AUD,2024-06-14T08:25:43.122909,online,completed,Melbourne,AU,False,
T00035,A0067,M0023,32.44,AUD,2024-06-03T08:40:38.659546,mobile,completed,Perth,AU,False,
T00036,A0114,M0003,86.37,AUD,2024-02-22T13:20:01.522993,atm,failed,New York,US,False,
T00037,A0045,M0026,22.93,AUD,2024-06-27T07:24:56.818785,pos,completed,Singapore,SG,False,
T00038,A0127,M0001,16.95,AUD,2024-03-25T14:24:39.477179,wire,completed,Singapore,SG,False,
T00039,A0023,M0003,85.62,AUD,2024-05-19T05:15:02.904580,wire,completed,New York,US,False,
T00040,A0082,M0021,6.42,AUD,2024-04-03T15:24:42.808844,pos,failed,Sydney,AU,False,
T00041,A0142,M0021,72.11,AUD,2024-01-24T08:31:09.007211,wire,pending,Sydney,AU,False,
T00042,A0015,M0027,13.28,AUD,2024-01-30T19:16:13.278154,atm,pending,New York,US,False,
T00043,A0058,M0012,224.7,AUD,2024-02-21T09:54:21.095240,online,completed,Brisbane,AU,False,
T00044,A0142,M0009,10.95,AUD,2024-04-06T13:25:42.820730,wire,completed,Singapore,SG,False,
T00045,A0149,M0005,5.46,AUD,2024-06-12T06:17:30.775893,atm,completed,Melbourne,AU,False,
T00046,A0145,M0002,52.09,AUD,2024-05-18T19:40:11.639930,mobile,completed,Singapore,SG,False,
T00047,A0008,M0016,192.91,AUD,2024-04-26T04:26:42.953008,atm,completed,New York,US,False,
T00048,A0104,M0010,24.36,AUD,2024-01-29T14:42:05.262603,mobile,completed,Sydney,AU,False,
T00049,A0053,M0011,45.58,AUD,2024-05-10T00:34:06.142542,atm,reversed,New York,US,False,
T00050,A0034,M0025,18.03,AUD,2024-02-27T18:14:21.877927,mobile,completed,New York,US,False,
T00051,A0116,M0008,15.49,AUD,2024-06-29T06:29:28.038475,mobile,completed,Melbourne,AU,False,
T00052,A0079,M0016,46.36,AUD,2024-02-08T22:35:14.537234,atm,completed,New York,US,False,
T00053,A0073,M0016,118.8,AUD,2024-05-01T17:25:46.209926,atm,completed,New York,US,False,
T00054,A0028,M0014,11.89,AUD,2024-03-07T04:56:17.041864,mobile,completed,Lagos,NG,False,
T00055,A0103,M0002,39.63,AUD,2024-04-10T03:12:01.415672,online,completed,Singapore,SG,False,
T00056,A0116,M0025,59.59,AUD,2024-04-22T19:21:41.103428,wire,completed,New York,US,False,
T00057,A0025,M0013,39.95,AUD,2024-01-27T02:41:50.672755,wire,completed,Perth,AU,False,
T00058,A0129,M0002,17.23,AUD,2024-03-23T17:09:29.885489,wire,failed,Singapore,SG,False,
T00059,A0036,M0011,121.89,AUD,2024-03-12T02:59:41.026891,wire,completed,New York,US,False,
T00060,A0077,M0019,4.66,AUD,2024-04-06T08:29:03.195531,wire,completed,New York,US,False,
T00061,A0005,M0012,22.42,AUD,2024-03-16T09:27:03.349489,atm,completed,Brisbane,AU,False,
T00062,A0007,M0020,6.76,AUD,2024-05-21T16:56:05.779601,wire,completed,Sydney,AU,False,
T00063,A0014,M0019,30.43,AUD,2024-05-10T12:49:05.650760,mobile,completed,New York,US,False,
T00064,A0063,M0002,54.54,AUD,2024-02-04T12:46:01.632289,mobile,completed,Singapore,SG,False,
T00065,A0039,M0014,64.4,AUD,2024-05-20T06:28:46.844580,mobile,failed,Lagos,NG,False,
T00066,A0016,M0023,12.94,AUD,2024-02-28T20:00:54.639168,mobile,completed,Perth,AU,False,
T00067,A0081,M0006,27.72,AUD,2024-04-08T21:00:39.111838,atm,completed,Singapore,SG,False,
T00068,A0050,M0008,17.31,AUD,2024-06-19T09:48:47.567687,atm,completed,Melbourne,AU,False,
T00069,A0054,M0023,61.43,AUD,2024-03-04T03:12:03.559430,atm,completed,Perth,AU,False,
T00070,A0147,M0022,77.71,AUD,2024-03-12T09:50:56.354294,atm,reversed,London,UK,False,
T00071,A0038,M0010,118.02,AUD,2024-02-08T17:33:31.299431,wire,completed,Sydney,AU,False,
T00072,A0144,M0023,19.53,AUD,2024-05-14T02:25:49.449845,pos,completed,Perth,AU,False,
T00073,A0136,M0008,44.69,AUD,2024-03-15T19:22:52.082809,mobile,completed,Melbourne,AU,False,
T00074,A0036,M0001,4.35,AUD,2024-06-08T09:31:57.195147,mobile,completed,Singapore,SG,False,
T00075,A0052,M0025,135.22,AUD,2024-04-26T21:46:49.999135,online,completed,New York,US,False,
T00076,A0060,M0018,882.78,AUD,2024-01-07T18:01:24.899186,pos,completed,Singapore,SG,False,
T00077,A0046,M0030,21.75,AUD,2024-06-18T12:37:42.194333,atm,failed,Perth,AU,False,
T00078,A0003,M0010,38.73,AUD,2024-06-26T22:07:31.623901,atm,completed,Sydney,AU,False,
T00079,A0140,M0017,27.01,AUD,2024-06-03T01:00:12.615778,mobile,completed,London,UK,False,
T00080,A0029,M0011,9.17,AUD,2024-02-16T13:33:31.102981,pos,completed,New York,US,False,
T00081,A0087,M0026,9.06,AUD,2024-02-04T23:05:33.481899,wire,failed,Singapore,SG,False,
T00082,A0104,M0027,26.54,AUD,2024-03-13T13:13:10.644065,online,completed,New York,US,False,
T00083,A0036,M0016,20.43,AUD,2024-02-17T04:51:04.476860,pos,completed,New York,US,False,
T00084,A0069,M0011,7.6,AUD,2024-01-03T01:40:36.585622,atm,completed,New York,US,False,
T00085,A0016,M0022,10.66,AUD,2024-03-14T09:07:47.160245,wire,pending,London,UK,False,
T00086,A0080,M0023,11.08,AUD,2024-02-09T15:53:40.712867,pos,completed,Perth,AU,False,
T00087,A0117,M0024,165.11,AUD,2024-05-07T01:13:49.862859,mobile,completed,Brisbane,AU,False,
T00088,A0056,M0025,3.98,AUD,2024-06-07T00:53:55.298655,online,completed,New York,US,False,
T00089,A0136,M0023,1.06,AUD,2024-01-21T07:26:05.965576,wire,pending,Perth,AU,False,
T00090,A0052,M0019,36.25,AUD,2024-06-03T15:53:13.978045,mobile,completed,New York,US,False,
T00091,A0053,M0023,39.98,AUD,2024-04-02T09:04:13.936507,online,completed,Perth,AU,False,
T00092,A0132,M0014,30.13,AUD,2024-03-24T16:34:16.896468,atm,completed,Lagos,NG,False,
T00093,A0102,M0009,429.59,AUD,2024-04-14T16:11:02.887499,online,completed,Singapore,SG,False,
T00094,A0017,M0018,6.48,AUD,2024-05-19T04:24:52.703506,mobile,completed,Singapore,SG,False,
T00095,A0098,M0015,14.78,AUD,2024-04-29T18:49:36.428221,wire,completed,Lagos,NG,False,
T00096,A0090,M0004,7.92,AUD,2024-04-05T17:17:31.170405,pos,completed,Sydney,AU,False,
T00097,A0006,M0010,25.25,AUD,2024-03-17T18:24:43.780183,mobile,completed,Sydney,AU,False,
T00098,A0064,M0015,21.39,AUD,2024-06-18T16:06:38.191575,online,completed,Lagos,NG,False,
T00099,A0108,M0020,65.26,AUD,2024-01-09T19:26:59.782138,online,completed,Sydney,AU,False,
T00100,A0060,M0018,5.26,AUD,2024-02-22T08:33:37.557653,wire,completed,Singapore,SG,False,
T00101,A0083,M0008,20.57,AUD,2024-04-29T11:57:45.968522,pos,completed,Melbourne,AU,False,
T00102,A0071,M0002,44.08,AUD,2024-05-13T01:45:41.050455,pos,completed,Singapore,SG,False,
T00103,A0110,M0018,23.92,AUD,2024-06-19T10:15:04.911515,mobile,completed,Singapore,SG,False,
T00104,A0082,M0023,27.05,AUD,2024-03-09T03:20:35.011950,wire,completed,Perth,AU,False,
T00105,A0058,M0010,78.27,AUD,2024-03-24T19:22:52.654303,online,completed,Sydney,AU,False,
T00106,A0107,M0018,36.63,AUD,2024-02-16T03:42:03.904269,atm,completed,Singapore,SG,False,
T00107,A0116,M0028,18.7,AUD,2024-05-30T02:56:27.250707,online,completed,Brisbane,AU,False,
T00108,A0011,M0028,57.33,AUD,2024-02-09T06:43:11.172762,pos,failed,Brisbane,AU,False,
T00109,A0086,M0010,31.27,AUD,2024-04-19T09:31:12.950538,pos,completed,Sydney,AU,False,
T00110,A0062,M0018,19.84,AUD,2024-03-25T09:23:31.206888,atm,completed,Singapore,SG,False,
T00111,A0093,M0017,144.86,AUD,2024-05-25T07:26:07.458670,mobile,completed,London,UK,False,
T00112,A0082,M0030,13.61,AUD,2024-01-09T06:35:16.461708,pos,completed,Perth,AU,False,
T00113,A0005,M0009,43.11,AUD,2024-05-10T07:43:54.687297,atm,completed,Singapore,SG,False,
T00114,A0085,M0008,7.5,AUD,2024-03-31T08:57:56.301884,atm,completed,Melbourne,AU,False,
T00115,A0126,M0024,58.71,AUD,2024-01-31T10:48:25.048849,atm,completed,Brisbane,AU,False,
T00116,A0140,M0016,44.98,AUD,2024-01-14T10:53:28.706311,online,completed,New York,US,False,
T00117,A0106,M0005,82.89,AUD,2024-05-07T23:56:40.505020,online,completed,Melbourne,AU,False,
T00118,A0117,M0012,37.06,AUD,2024-01-04T00:39:30.186669,atm,completed,Brisbane,AU,False,
T00119,A0074,M0001,33.62,AUD,2024-03-18T22:24:36.066559,pos,completed,Singapore,SG,False,
T00120,A0025,M0017,13.54,AUD,2024-04-05T06:55:29.282083,atm,completed,London,UK,False,
T00121,A0102,M0003,21.33,AUD,2024-04-12T06:22:10.129994,pos,completed,New York,US,False,
T00122,A0021,M0021,6.55,AUD,2024-03-09T06:25:28.579785,mobile,completed,Sydney,AU,False,
T00123,A0003,M0023,8.56,AUD,2024-03-19T12:54:12.701394,atm,completed,Perth,AU,False,
T00124,A0025,M0029,35.18,AUD,2024-02-08T06:23:44.486745,wire,completed,New York,US,False,
T00125,A0012,M0030,217.74,AUD,2024-01-06T22:55:31.198752,atm,completed,Perth,AU,False,
T00126,A0054,M0019,12.84,AUD,2024-04-12T13:43:37.473625,mobile,completed,New York,US,False,
T00127,A0139,M0011,13.21,AUD,2024-05-23T01:55:25.256126,online,completed,New York,US,False,
T00128,A0089,M0002,11.26,AUD,2024-01-14T18:13:23.747093,wire,completed,Singapore,SG,False,
T00129,A0102,M0025,12.47,AUD,2024-05-21T19:43:59.216632,mobile,completed,New York,US,False,
T00130,A0092,M0018,163.76,AUD,2024-05-03T00:35:40.068726,mobile,completed,Singapore,SG,False,
T00131,A0076,M0026,18.85,AUD,2024-02-18T12:04:13.807942,mobile,completed,Singapore,SG,False,
T00132,A0040,M0024,23.21,AUD,2024-01-17T13:33:53.072123,atm,completed,Brisbane,AU,False,
T00133,A0070,M0004,13.05,AUD,2024-03-22T05:46:36.958732,wire,completed,Sydney,AU,False,
T00134,A0027,M0001,4.98,AUD,2024-04-18T01:02:24.965402,atm,failed,Singapore,SG,False,
T00135,A0004,M0010,14.83,AUD,2024-05-11T04:43:17.970554,wire,pending,Sydney,AU,False,
T00136,A0063,M0019,38.02,AUD,2024-01-31T16:18:56.092842,atm,completed,New York,US,False,
T00137,A0127,M0005,6.75,AUD,2024-03-17T05:16:06.830299,mobile,completed,Melbourne,AU,False,
T00138,A0093,M0009,32.38,AUD,2024-03-23T20:57:03.360032,pos,completed,Singapore,SG,False,
T00139,A0102,M0011,102.93,AUD,2024-06-05T01:23:22.059948,mobile,completed,New York,US,False,
T00140,A0035,M0010,13.49,AUD,2024-06-23T14:06:43.785806,atm,completed,Sydney,AU,False,
T00141,A0126,M0019,78.34,AUD,2024-02-20T17:37:25.810466,mobile,completed,New York,US,False,
T00142,A0145,M0007,50.29,AUD,2024-05-03T09:21:34.841942,wire,completed,Singapore,SG,False,
T00143,A0119,M0023,1.73,AUD,2024-05-30T11:05:17.437336,online,completed,Perth,AU,False,
T00144,A0105,M0022,32.99,AUD,2024-02-13T19:20:23.828503,pos,completed,London,UK,False,
T00145,A0097,M0003,25.51,AUD,2024-04-15T09:16:04.870113,wire,completed,New York,US,False,
T00146,A0108,M0018,302.3,AUD,2024-04-17T11:33:13.802161,online,completed,Singapore,SG,False,
T00147,A0064,M0022,49.73,AUD,2024-04-20T21:28:22.107536,wire,reversed,London,UK,False,
T00148,A0103,M0025,6.04,AUD,2024-01-20T04:13:23.275837,online,completed,New York,US,False,
T00149,A0131,M0024,36.32,AUD,2024-04-14T02:49:21.252312,mobile,completed,Brisbane,AU,False,
T00150,A0119,M0025,109.3,AUD,2024-01-28T06:50:09.552094,online,completed,New York,US,False,
T00151,A0076,M0014,414.7,AUD,2024-03-04T01:08:22.796464,atm,completed,Lagos,NG,False,
T00152,A0053,M0017,30.97,AUD,2024-03-20T07:23:34.209089,mobile,completed,London,UK,False,
T00153,A0077,M0002,68.14,AUD,2024-06-02T16:50:16.637841,online,completed,Singapore,SG,False,
T00154,A0043,M0030,14.91,AUD,2024-04-11T07:59:01.858617,mobile,completed,Perth,AU,False,
T00155,A0104,M0021,5.44,AUD,2024-03-19T05:11:31.420870,online,completed,Sydney,AU,False,
T00156,A0051,M0015,45.18,AUD,2024-05-07T13:22:17.456625,pos,completed,Lagos,NG,False,
T00157,A0017,M0019,12.73,AUD,2024-03-23T19:35:56.522629,atm,completed,New York,US,False,
T00158,A0126,M0017,133.88,AUD,2024-03-11T08:14:56.217858,mobile,completed,London,UK,False,
T00159,A0090,M0012,212.5,AUD,2024-05-27T06:52:44.315434,atm,pending,Brisbane,AU,False,
T00160,A0022,M0022,20.28,AUD,2024-05-05T12:17:18.013978,wire,completed,London,UK,False,
T00161,A0036,M0019,24.68,AUD,2024-04-25T00:37:08.879170,pos,completed,New York,US,False,
T00162,A0126,M0010,11.24,AUD,2024-03-22T15:08:53.580924,online,failed,Sydney,AU,False,
T00163,A0003,M0016,228.31,AUD,2024-03-30T14:08:56.468874,mobile,completed,New York,US,False,
T00164,A0114,M0016,6.85,AUD,2024-05-24T01:18:23.703959,pos,completed,New York,US,False,
T00165,A0071,M0008,36.35,AUD,2024-03-23T18:36:14.782737,mobile,completed,Melbourne,AU,False,
T00166,A0029,M0019,94.74,AUD,2024-05-28T21:25:18.733249,online,completed,New York,US,False,
T00167,A0113,M0018,12.09,AUD,2024-05-13T05:08:05.649074,pos,completed,Singapore,SG,False,
T00168,A0009,M0015,3.4,AUD,2024-05-04T17:35:46.688689,wire,completed,Lagos,NG,False,
T00169,A0043,M0020,12.99,AUD,2024-02-07T10:57:33.044204,online,completed,Sydney,AU,False,
T00170,A0137,M0009,42.09,AUD,2024-06-26T04:46:36.045892,atm,completed,Singapore,SG,False,
T00171,A0069,M0028,44.58,AUD,2024-05-27T13:08:45.078401,pos,reversed,Brisbane,AU,False,
T00172,A0106,M0030,9.44,AUD,2024-04-28T17:12:48.341067,pos,completed,Perth,AU,False,
T00173,A0083,M0027,25.6,AUD,2024-04-24T11:09:15.162530,mobile,completed,New York,US,False,
T00174,A0020,M0021,456.73,AUD,2024-03-13T21:59:01.533203,atm,completed,Sydney,AU,False,
T00175,A0095,M0015,131.35,AUD,2024-01-01T10:44:35.094684,online,completed,Lagos,NG,False,
T00176,A0118,M0021,56.07,AUD,2024-01-12T11:06:30.600883,wire,completed,Sydney,AU,False,
T00177,A0110,M0027,14.72,AUD,2024-05-29T22:19:28.820856,atm,completed,New York,US,False,
T00178,A0034,M0019,1.29,AUD,2024-06-07T15:55:43.830326,online,completed,New York,US,False,
T00179,A0065,M0003,2.13,AUD,2024-01-30T23:02:27.397925,mobile,completed,New York,US,False,
T00180,A0060,M0014,97.54,AUD,2024-01-01T04:43:08.051653,mobile,completed,Lagos,NG,False,
T00181,A0058,M0017,299.36,AUD,2024-06-27T20:32:41.736166,mobile,completed,London,UK,False,
T00182,A0123,M0003,17.94,AUD,2024-05-25T21:04:35.350131,online,completed,New York,US,False,
T00183,A0077,M0005,9.08,AUD,2024-06-07T06:48:58.504665,pos,completed,Melbourne,AU,False,
T00184,A0145,M0001,43.45,AUD,2024-03-04T13:33:34.022101,pos,completed,Singapore,SG,False,
T00185,A0039,M0030,18.54,AUD,2024-06-04T15:40:37.944738,online,failed,Perth,AU,False,
T00186,A0036,M0025,19.38,AUD,2024-05-23T04:26:13.258480,pos,completed,New York,US,False,
T00187,A0022,M0008,43.59,AUD,2024-04-19T23:23:03.918081,online,completed,Melbourne,AU,False,
T00188,A0078,M0007,35.68,AUD,2024-05-15T08:37:57.995121,atm,completed,Singapore,SG,False,
T00189,A0062,M0016,24.3,AUD,2024-04-25T11:49:46.707652,online,completed,New York,US,False,
T00190,A0004,M0012,185.1,AUD,2024-03-07T03:21:06.259004,pos,completed,Brisbane,AU,False,
T00191,A0019,M0001,39.74,AUD,2024-02-09T01:11:14.369708,online,pending,Singapore,SG,False,
T00192,A0102,M0017,7.17,AUD,2024-05-18T20:19:33.034411,mobile,completed,London,UK,False,
T00193,A0022,M0021,40.29,AUD,2024-02-20T05:19:11.438511,atm,completed,Sydney,AU,False,
T00194,A0053,M0026,11.54,AUD,2024-04-16T03:28:58.930054,online,completed,Singapore,SG,False,
T00195,A0112,M0024,112.84,AUD,2024-02-14T06:01:12.180565,mobile,completed,Brisbane,AU,False,
T00196,A0015,M0010,90.0,AUD,2024-02-01T19:00:20.899528,online,completed,Sydney,AU,False,
T00197,A0003,M0006,32.74,AUD,2024-04-03T14:48:57.699329,atm,completed,Singapore,SG,False,
T00198,A0033,M0024,73.07,AUD,2024-06-09T10:35:08.578728,online,completed,Brisbane,AU,False,
T00199,A0110,M0009,35.4,AUD,2024-06-25T11:37:11.111910,online,completed,Singapore,SG,False,
T00200,A0131,M0012,14.68,AUD,2024-05-19T23:20:27.502630,wire,completed,Brisbane,AU,False,
T00201,A0030,M0008,7.62,AUD,2024-06-15T13:27:50.805394,pos,pending,Melbourne,AU,False,
T00202,A0010,M0018,293.53,AUD,2024-04-28T16:22:30.399481,pos,completed,Singapore,SG,False,
T00203,A0107,M0030,61.7,AUD,2024-01-15T02:20:29.154971,atm,completed,Perth,AU,False,
T00204,A0014,M0006,10.21,AUD,2024-01-09T07:30:49.773016,mobile,completed,Singapore,SG,False,
T00205,A0120,M0028,1.84,AUD,2024-02-29T05:47:42.734322,wire,completed,Brisbane,AU,False,
T00206,A0095,M0007,4.52,AUD,2024-05-13T20:43:05.110932,pos,completed,Singapore,SG,False,
T00207,A0127,M0025,276.68,AUD,2024-04-08T22:15:12.059628,pos,completed,New York,US,False,
T00208,A0105,M0001,14.28,AUD,2024-05-31T23:06:34.149445,online,reversed,Singapore,SG,False,
T00209,A0001,M0025,282.78,AUD,2024-05-11T15:01:19.666538,online,completed,New York,US,False,
T00210,A0061,M0014,32.54,AUD,2024-06-29T10:47:27.849650,atm,completed,Lagos,NG,False,
T00211,A0060,M0029,111.25,AUD,2024-06-11T02:23:26.059083,mobile,reversed,New York,US,False,
T00212,A0022,M0019,42.4,AUD,2024-06-23T12:33:51.067580,pos,completed,New York,US,False,
T00213,A0081,M0030,262.24,AUD,2024-05-13T02:22:22.303166,atm,completed,Perth,AU,False,
T00214,A0060,M0003,61.82,AUD,2024-01-20T02:58:38.159206,mobile,completed,New York,US,False,
T00215,A0105,M0004,268.05,AUD,2024-02-07T13:58:18.350585,atm,completed,Sydney,AU,False,
T00216,A0031,M0003,3.51,AUD,2024-05-29T13:49:25.580675,wire,completed,New York,US,False,
T00217,A0084,M0005,10.81,AUD,2024-03-05T09:20:47.507678,wire,completed,Melbourne,AU,False,
T00218,A0077,M0009,73.53,AUD,2024-06-21T07:54:27.576152,mobile,completed,Singapore,SG,False,
T00219,A0141,M0008,65.92,AUD,2024-01-12T03:53:27.374788,pos,completed,Melbourne,AU,False,
T00220,A0103,M0012,4.18,AUD,2024-06-15T01:18:35.129111,online,completed,Brisbane,AU,False,
T00221,A0017,M0007,146.75,AUD,2024-01-24T07:28:13.759835,atm,completed,Singapore,SG,False,
T00222,A0119,M0002,6.66,AUD,2024-05-28T17:24:04.983322,mobile,completed,Singapore,SG,False,
T00223,A0098,M0022,26.21,AUD,2024-06-13T09:40:24.649491,atm,completed,London,UK,False,
T00224,A0039,M0002,61.15,AUD,2024-04-27T03:46:38.537974,mobile,completed,Singapore,SG,False,
T00225,A0141,M0016,9.44,AUD,2024-01-25T20:09:11.730318,pos,completed,New York,US,False,
T00226,A0135,M0008,129.11,AUD,2024-05-23T20:48:43.506890,mobile,completed,Melbourne,AU,False,
T00227,A0092,M0016,39.56,AUD,2024-06-14T04:40:08.256372,wire,completed,New York,US,False,
T00228,A0070,M0006,3.14,AUD,2024-03-26T08:59:49.091237,atm,completed,Singapore,SG,False,
T00229,A0060,M0006,3.01,AUD,2024-02-18T05:47:35.853466,online,completed,Singapore,SG,False,
T00230,A0057,M0019,5.16,AUD,2024-06-01T23:38:22.559565,pos,completed,New York,US,False,
T00231,A0082,M0026,71.12,AUD,2024-04-17T01:44:50.919396,atm,pending,Singapore,SG,False,
T00232,A0145,M0005,38.86,AUD,2024-06-27T19:53:56.320792,mobile,completed,Melbourne,AU,False,
T00233,A0045,M0016,41.0,AUD,2024-03-27T12:23:02.992538,atm,pending,New York,US,False,
T00234,A0052,M0026,2.25,AUD,2024-06-15T07:11:01.464225,atm,completed,Singapore,SG,False,
T00235,A0038,M0019,54.11,AUD,2024-01-21T01:50:20.585913,wire,failed,New York,US,False,
T00236,A0019,M0012,115.16,AUD,2024-04-16T01:39:22.985343,atm,completed,Brisbane,AU,False,
T00237,A0035,M0006,77.43,AUD,2024-04-25T16:58:17.280759,mobile,completed,Singapore,SG,False,
T00238,A0045,M0023,8.28,AUD,2024-02-01T17:43:38.930439,atm,completed,Perth,AU,False,
T00239,A0076,M0005,87.67,AUD,2024-06-02T23:41:17.729823,wire,completed,Melbourne,AU,False,
T00240,A0082,M0030,170.01,AUD,2024-04-25T18:37:32.091499,online,pending,Perth,AU,False,
T00241,A0037,M0011,64.25,AUD,2024-06-26T19:27:25.995819,pos,completed,New York,US,False,
T00242,A0023,M0027,109.07,AUD,2024-06-09T11:37:22.332382,mobile,completed,New York,US,False,
T00243,A0054,M0008,61.09,AUD,2024-05-22T10:48:53.663248,online,completed,Melbourne,AU,False,
T00244,A0113,M0024,27.16,AUD,2024-03-15T22:29:57.288768,mobile,completed,Brisbane,AU,False,
T00245,A0097,M0004,64.37,AUD,2024-02-10T19:55:52.925918,mobile,completed,Sydney,AU,False,
T00246,A0009,M0010,9.62,AUD,2024-06-09T17:10:24.337336,pos,completed,Sydney,AU,False,
T00247,A0141,M0029,146.42,AUD,2024-06-27T08:02:21.764447,mobile,completed,New York,US,False,
T00248,A0111,M0021,15.67,AUD,2024-05-06T04:37:20.932821,wire,completed,Sydney,AU,False,
T00249,A0073,M0010,83.31,AUD,2024-01-28T19:11:40.831946,atm,completed,Sydney,AU,False,
T00250,A0023,M0010,196.08,AUD,2024-03-27T22:32:47.610688,online,completed,Sydney,AU,False,
T00251,A0044,M0021,20.76,AUD,2024-06-01T17:19:58.292267,atm,completed,Sydney,AU,False,
T00252,A0121,M0016,100.08,AUD,2024-04-26T04:16:03.236717,mobile,completed,New York,US,False,
T00253,A0098,M0012,27.98,AUD,2024-05-31T12:16:12.357379,wire,completed,Brisbane,AU,False,
T00254,A0025,M0003,201.24,AUD,2024-03-15T22:21:28.872262,wire,completed,New York,US,False,
T00255,A0016,M0027,20.35,AUD,2024-06-23T18:41:12.287489,mobile,completed,New York,US,False,
T00256,A0061,M0016,16.71,AUD,2024-06-03T13:30:52.507325,online,completed,New York,US,False,
T00257,A0133,M0026,4.22,AUD,2024-01-31T06:09:49.811944,pos,completed,Singapore,SG,False,
T00258,A0033,M0002,160.58,AUD,2024-02-16T16:15:30.052033,online,completed,Singapore,SG,False,
T00259,A0143,M0013,69.92,AUD,2024-04-04T01:31:31.595674,online,completed,Perth,AU,False,
T00260,A0134,M0026,24.96,AUD,2024-01-27T19:46:46.834243,wire,completed,Singapore,SG,False,
T00261,A0026,M0030,8.11,AUD,2024-04-13T12:52:08.233266,mobile,completed,Perth,AU,False,
T00262,A0071,M0013,5.09,AUD,2024-05-05T13:15:52.141528,online,completed,Perth,AU,False,
T00263,A0085,M0023,3.96,AUD,2024-06-15T16:06:25.796680,atm,completed,Perth,AU,False,
T00264,A0078,M0010,13.61,AUD,2024-05-06T00:13:05.798165,online,reversed,Sydney,AU,False,
T00265,A0059,M0005,6.67,AUD,2024-05-20T02:23:24.829593,atm,completed,Melbourne,AU,False,
T00266,A0107,M0020,47.89,AUD,2024-02-08T06:16:49.228133,mobile,completed,Sydney,AU,False,
T00267,A0133,M0028,25.15,AUD,2024-05-23T06:14:03.347523,online,completed,Brisbane,AU,False,
T00268,A0130,M0013,83.46,AUD,2024-03-23T14:48:46.836016,atm,completed,Perth,AU,False,
T00269,A0071,M0012,127.2,AUD,2024-04-25T00:13:12.758252,online,completed,Brisbane,AU,False,
T00270,A0062,M0012,31.76,AUD,2024-06-22T20:30:01.883698,mobile,completed,Brisbane,AU,False,
T00271,A0090,M0012,171.95,AUD,2024-02-21T14:20:28.936437,mobile,completed,Brisbane,AU,False,
T00272,A0147,M0025,84.89,AUD,2024-02-18T16:53:56.646040,mobile,completed,New York,US,False,
T00273,A0003,M0016,365.92,AUD,2024-04-18T19:21:38.278614,online,completed,New York,US,False,
T00274,A0079,M0023,25.75,AUD,2024-03-04T02:47:33.941897,atm,completed,Perth,AU,False,
T00275,A0078,M0022,37.07,AUD,2024-04-15T19:00:43.937922,online,completed,London,UK,False,
T00276,A0096,M0018,71.94,AUD,2024-02-24T00:34:45.925120,online,completed,Singapore,SG,False,
T00277,A0087,M0009,267.64,AUD,2024-02-17T06:25:19.804918,atm,completed,Singapore,SG,False,
T00278,A0133,M0025,18.79,AUD,2024-06-04T04:10:40.526251,wire,completed,New York,US,False,
T00279,A0082,M0022,32.86,AUD,2024-06-13T03:37:25.779336,mobile,completed,London,UK,False,
T00280,A0010,M0019,90.1,AUD,2024-02-04T08:59:29.244577,pos,completed,New York,US,False,
T00281,A0122,M0030,136.2,AUD,2024-02-24T08:02:46.806807,pos,completed,Perth,AU,False,
T00282,A0143,M0006,14.85,AUD,2024-05-14T02:33:05.993911,wire,completed,Singapore,SG,False,
T00283,A0047,M0022,357.98,AUD,2024-02-10T05:28:09.314443,pos,completed,London,UK,False,
T00284,A0079,M0014,80.39,AUD,2024-02-17T03:52:09.546969,atm,completed,Lagos,NG,False,
T00285,A0031,M0016,51.21,AUD,2024-03-26T11:19:20.281339,pos,completed,New York,US,False,
T00286,A0098,M0017,21.35,AUD,2024-06-03T14:49:03.225476,pos,reversed,London,UK,False,
T00287,A0088,M0014,82.29,AUD,2024-01-15T15:02:42.044425,atm,completed,Lagos,NG,False,
T00288,A0046,M0011,4.7,AUD,2024-01-31T12:25:24.263746,pos,completed,New York,US,False,
T00289,A0023,M0005,62.99,AUD,2024-03-14T00:20:28.603855,mobile,completed,Melbourne,AU,False,
T00290,A0010,M0018,12.34,AUD,2024-01-03T13:09:03.613463,atm,completed,Singapore,SG,False,
T00291,A0136,M0007,61.65,AUD,2024-06-07T17:37:24.339248,atm,completed,Singapore,SG,False,
T00292,A0099,M0017,41.23,AUD,2024-05-29T02:46:39.345980,atm,pending,London,UK,False,
T00293,A0117,M0024,36.15,AUD,2024-03-19T11:50:30.333389,pos,completed,Brisbane,AU,False,
T00294,A0126,M0012,61.35,AUD,2024-06-13T03:32:54.823291,mobile,completed,Brisbane,AU,False,
T00295,A0058,M0024,4.54,AUD,2024-01-23T07:00:56.335414,online,completed,Brisbane,AU,False,
T00296,A0066,M0025,35.7,AUD,2024-06-29T00:53:27.366023,online,completed,New York,US,False,
T00297,A0006,M0002,64.7,AUD,2024-03-09T19:49:20.446167,wire,completed,Singapore,SG,False,
T00298,A0040,M0007,98.19,AUD,2024-02-24T12:02:59.566069,online,completed,Singapore,SG,False,
T00299,A0070,M0020,42.61,AUD,2024-05-30T08:21:19.503812,online,completed,Sydney,AU,False,
T00300,A0031,M0010,15.25,AUD,2024-02-17T14:26:44.049934,wire,reversed,Sydney,AU,False,
T00301,A0092,M0023,26.54,AUD,2024-04-09T05:06:53.242690,pos,completed,Perth,AU,False,
T00302,A0124,M0011,44.78,AUD,2024-06-20T20:23:36.572409,wire,completed,New York,US,False,
T00303,A0026,M0029,17.23,AUD,2024-06-27T22:45:53.291560,atm,completed,New York,US,False,
T00304,A0013,M0004,102.87,AUD,2024-05-02T11:52:25.734172,mobile,completed,Sydney,AU,False,
T00305,A0025,M0028,285.01,AUD,2024-01-31T20:42:19.182572,atm,failed,Brisbane,AU,False,
T00306,A0069,M0029,71.15,AUD,2024-03-03T00:47:15.027616,online,completed,New York,US,False,
T00307,A0117,M0009,307.56,AUD,2024-03-27T13:29:46.779573,mobile,completed,Singapore,SG,False,
T00308,A0043,M0004,30.49,AUD,2024-03-20T07:22:45.209718,wire,completed,Sydney,AU,False,
T00309,A0092,M0020,8.55,AUD,2024-01-09T07:42:13.613217,atm,completed,Sydney,AU,False,
T00310,A0004,M0023,163.32,AUD,2024-05-14T14:18:06.626627,wire,completed,Perth,AU,False,
T00311,A0087,M0017,38.82,AUD,2024-01-18T05:43:54.657963,pos,completed,London,UK,False,
T00312,A0099,M0005,160.82,AUD,2024-06-27T18:58:00.544670,online,completed,Melbourne,AU,False,
T00313,A0041,M0017,32.37,AUD,2024-06-24T14:18:36.330894,online,completed,London,UK,False,
T00314,A0141,M0021,8.45,AUD,2024-01-15T06:26:24.388652,mobile,completed,Sydney,AU,False,
T00315,A0115,M0003,124.91,AUD,2024-01-22T11:39:45.235156,mobile,completed,New York,US,False,
T00316,A0005,M0004,26.95,AUD,2024-04-09T09:17:06.512738,online,completed,Sydney,AU,False,
T00317,A0078,M0029,33.84,AUD,2024-05-01T12:53:04.799993,atm,completed,New York,US,False,
T00318,A0014,M0027,11.64,AUD,2024-04-11T09:17:42.976107,wire,completed,New York,US,False,
T00319,A0094,M0023,29.72,AUD,2024-04-29T06:18:22.113120,online,completed,Perth,AU,False,
T00320,A0075,M0018,38.55,AUD,2024-01-09T06:51:36.393157,pos,completed,Singapore,SG,False,
T00321,A0105,M0004,17.65,AUD,2024-01-22T20:31:11.233915,mobile,completed,Sydney,AU,False,
T00322,A0049,M0023,8.38,AUD,2024-01-09T09:59:51.259680,wire,completed,Perth,AU,False,
T00323,A0116,M0015,7.38,AUD,2024-04-05T23:54:09.812242,online,completed,Lagos,NG,False,
T00324,A0111,M0027,335.96,AUD,2024-05-21T09:01:04.883965,pos,completed,New York,US,False,
T00325,A0045,M0024,68.3,AUD,2024-04-29T00:16:29.091202,wire,failed,Brisbane,AU,False,
T00326,A0130,M0029,194.45,AUD,2024-01-25T03:22:02.042162,mobile,completed,New York,US,False,
T00327,A0132,M0010,157.88,AUD,2024-02-26T19:37:42.577961,wire,completed,Sydney,AU,False,
T00328,A0052,M0007,47.48,AUD,2024-03-03T11:57:19.135524,pos,reversed,Singapore,SG,False,
T00329,A0046,M0017,42.14,AUD,2024-05-08T13:46:20.088114,atm,completed,London,UK,False,
T00330,A0150,M0019,972.36,AUD,2024-04-06T15:16:25.605438,mobile,completed,New York,US,False,
T00331,A0134,M0004,51.32,AUD,2024-05-15T18:48:13.395970,pos,reversed,Sydney,AU,False,
T00332,A0065,M0005,316.74,AUD,2024-02-23T10:05:26.226734,wire,completed,Melbourne,AU,False,
T00333,A0116,M0004,69.18,AUD,2024-04-11T16:49:42.123887,pos,completed,Sydney,AU,False,
T00334,A0144,M0013,2.71,AUD,2024-05-24T14:04:54.094133,atm,completed,Perth,AU,False,
T00335,A0013,M0030,21.81,AUD,2024-05-22T15:33:23.351756,atm,reversed,Perth,AU,False,
T00336,A0014,M0001,62.14,AUD,2024-06-06T06:17:03.235068,mobile,completed,Singapore,SG,False,
T00337,A0095,M0025,66.4,AUD,2024-02-05T13:27:42.088204,pos,completed,New York,US,False,
T00338,A0046,M0022,57.37,AUD,2024-01-08T08:30:54.388907,atm,completed,London,UK,False,
T00339,A0034,M0006,41.77,AUD,2024-02-29T19:57:53.115467,pos,completed,Singapore,SG,False,
T00340,A0083,M0020,66.95,AUD,2024-03-29T18:57:11.838138,wire,completed,Sydney,AU,False,
T00341,A0019,M0026,81.52,AUD,2024-06-22T05:09:16.723346,wire,completed,Singapore,SG,False,
T00342,A0130,M0006,22.79,AUD,2024-01-17T15:24:41.350721,pos,failed,Singapore,SG,False,
T00343,A0085,M0011,22.95,AUD,2024-05-16T05:32:10.735529,wire,completed,New York,US,False,
T00344,A0144,M0027,145.48,AUD,2024-01-21T18:21:07.764809,atm,completed,New York,US,False,
T00345,A0063,M0002,57.59,AUD,2024-06-14T18:48:37.717983,online,completed,Singapore,SG,False,
T00346,A0139,M0024,95.67,AUD,2024-05-25T07:26:09.267850,mobile,completed,Brisbane,AU,False,
T00347,A0076,M0029,52.4,AUD,2024-01-15T21:42:31.054762,online,completed,New York,US,False,
T00348,A0138,M0018,155.82,AUD,2024-06-05T13:20:47.461976,mobile,completed,Singapore,SG,False,
T00349,A0053,M0018,79.83,AUD,2024-05-27T19:58:51.197752,online,completed,Singapore,SG,False,
T00350,A0040,M0001,29.21,AUD,2024-01-16T20:11:26.810254,online,completed,Singapore,SG,False,
T00351,A0065,M0018,138.14,AUD,2024-03-22T15:41:23.579895,mobile,completed,Singapore,SG,False,
T00352,A0005,M0013,71.3,AUD,2024-04-26T02:20:25.478578,wire,completed,Perth,AU,False,
T00353,A0150,M0002,51.72,AUD,2024-06-16T23:26:21.936201,online,completed,Singapore,SG,False,
T00354,A0078,M0020,26.79,AUD,2024-04-29T14:10:53.142085,mobile,completed,Sydney,AU,False,
T00355,A0057,M0005,403.23,AUD,2024-06-02T18:05:11.583280,atm,reversed,Melbourne,AU,False,
T00356,A0037,M0010,312.24,AUD,2024-03-08T12:52:44.244217,online,completed,Sydney,AU,False,
T00357,A0143,M0005,50.9,AUD,2024-06-20T09:40:42.480517,atm,completed,Melbourne,AU,False,
T00358,A0089,M0007,19.93,AUD,2024-04-02T18:31:44.058413,pos,completed,Singapore,SG,False,
T00359,A0065,M0007,2.97,AUD,2024-04-12T16:19:09.291323,online,failed,Singapore,SG,False,
T00360,A0141,M0015,45.67,AUD,2024-05-01T13:48:02.599764,atm,completed,Lagos,NG,False,
T00361,A0149,M0016,140.61,AUD,2024-05-01T12:06:28.575895,pos,completed,New York,US,False,
T00362,A0018,M0029,9.71,AUD,2024-02-29T10:20:07.309629,atm,completed,New York,US,False,
T00363,A0040,M0019,67.75,AUD,2024-06-22T12:24:51.684702,pos,completed,New York,US,False,
T00364,A0064,M0026,3.66,AUD,2024-03-19T22:31:22.595137,atm,completed,Singapore,SG,False,
T00365,A0085,M0029,30.74,AUD,2024-05-20T05:35:15.651127,mobile,completed,New York,US,False,
T00366,A0045,M0021,132.62,AUD,2024-06-04T10:15:07.628151,pos,failed,Sydney,AU,False,
T00367,A0051,M0009,120.02,AUD,2024-05-11T15:56:08.862450,online,completed,Singapore,SG,False,
T00368,A0008,M0027,43.97,AUD,2024-04-16T19:07:03.859090,online,completed,New York,US,False,
T00369,A0140,M0029,80.91,AUD,2024-02-10T10:02:38.678209,wire,completed,New York,US,False,
T00370,A0075,M0005,28.55,AUD,2024-03-12T19:38:05.009389,wire,completed,Melbourne,AU,False,
T00371,A0062,M0028,157.83,AUD,2024-01-26T09:46:13.040049,pos,completed,Brisbane,AU,False,
T00372,A0145,M0022,81.24,AUD,2024-05-12T11:49:38.777549,atm,completed,London,UK,False,
T00373,A0125,M0008,7.95,AUD,2024-01-08T17:57:35.521211,pos,completed,Melbourne,AU,False,
T00374,A0093,M0013,29.53,AUD,2024-01-09T09:43:27.535386,atm,completed,Perth,AU,False,
T00375,A0134,M0021,11.37,AUD,2024-02-01T11:12:12.969516,mobile,completed,Sydney,AU,False,
T00376,A0020,M0017,12.68,AUD,2024-05-27T22:04:35.429429,atm,completed,London,UK,False,
T00377,A0124,M0029,50.94,AUD,2024-01-26T03:40:41.973395,pos,completed,New York,US,False,
T00378,A0132,M0021,19.47,AUD,2024-01-29T11:33:37.224316,wire,completed,Sydney,AU,False,
T00379,A0031,M0022,1.75,AUD,2024-05-10T08:47:26.095750,mobile,completed,London,UK,False,
T00380,A0123,M0007,56.25,AUD,2024-03-15T08:56:46.161301,pos,completed,Singapore,SG,False,
T00381,A0147,M0019,5.04,AUD,2024-01-08T02:14:42.426961,wire,completed,New York,US,False,
T00382,A0043,M0009,200.18,AUD,2024-03-14T09:18:08.059427,wire,completed,Singapore,SG,False,
T00383,A0073,M0003,7.52,AUD,2024-03-26T07:49:12.173340,mobile,completed,New York,US,False,
T00384,A0106,M0020,5.68,AUD,2024-05-18T21:58:37.377612,wire,completed,Sydney,AU,False,
T00385,A0068,M0006,66.83,AUD,2024-03-23T01:52:27.517759,wire,completed,Singapore,SG,False,
T00386,A0097,M0013,55.46,AUD,2024-05-03T20:53:37.891420,pos,completed,Perth,AU,False,
T00387,A0046,M0016,261.37,AUD,2024-06-07T20:57:26.850080,wire,completed,New York,US,False,
T00388,A0031,M0003,31.75,AUD,2024-04-19T05:29:37.979457,online,failed,New York,US,False,
T00389,A0111,M0017,8.99,AUD,2024-05-06T06:33:37.275172,mobile,completed,London,UK,False,
T00390,A0124,M0026,77.6,AUD,2024-05-25T15:16:25.654645,wire,completed,Singapore,SG,False,
T00391,A0035,M0009,31.15,AUD,2024-06-04T11:43:38.302598,atm,completed,Singapore,SG,False,
T00392,A0140,M0014,36.47,AUD,2024-03-08T21:07:47.302055,pos,completed,Lagos,NG,False,
T00393,A0081,M0014,23.68,AUD,2024-04-27T22:26:45.098431,atm,completed,Lagos,NG,False,
T00394,A0138,M0014,46.67,AUD,2024-06-28T12:22:24.386151,mobile,completed,Lagos,NG,False,
T00395,A0106,M0018,102.4,AUD,2024-03-08T00:12:18.492520,wire,completed,Singapore,SG,False,
T00396,A0079,M0019,11.16,AUD,2024-05-13T04:14:19.962767,online,completed,New York,US,False,
T00397,A0115,M0026,54.03,AUD,2024-02-08T19:36:22.200629,mobile,completed,Singapore,SG,False,
T00398,A0141,M0020,132.1,AUD,2024-01-30T02:14:45.282029,online,completed,Sydney,AU,False,
T00399,A0038,M0016,156.45,AUD,2024-01-12T14:21:55.808886,pos,completed,New York,US,False,
T00400,A0010,M0024,54.04,AUD,2024-05-08T19:12:56.638598,wire,completed,Brisbane,AU,False,
T00401,A0045,M0021,32.73,AUD,2024-06-02T22:51:56.923790,wire,completed,Sydney,AU,False,
T00402,A0009,M0026,50.56,AUD,2024-02-11T22:22:43.341318,pos,completed,Singapore,SG,False,
T00403,A0093,M0008,10.23,AUD,2024-03-13T07:08:23.817075,mobile,completed,Melbourne,AU,False,
T00404,A0052,M0017,224.95,AUD,2024-05-11T10:20:47.597887,wire,pending,London,UK,False,
T00405,A0090,M0012,123.75,AUD,2024-04-19T18:02:33.519546,pos,completed,Brisbane,AU,False,
T00406,A0104,M0019,34.09,AUD,2024-04-01T01:46:00.689545,atm,pending,New York,US,False,
T00407,A0132,M0009,54.83,AUD,2024-06-23T20:32:41.637373,wire,completed,Singapore,SG,False,
T00408,A0063,M0025,7.61,AUD,2024-05-03T08:50:50.138176,wire,failed,New York,US,False,
T00409,A0124,M0004,14.77,AUD,2024-05-22T17:55:18.281761,pos,completed,Sydney,AU,False,
T00410,A0059,M0026,34.27,AUD,2024-05-30T14:58:37.499327,pos,completed,Singapore,SG,False,
T00411,A0103,M0022,72.12,AUD,2024-04-10T08:58:18.240798,pos,completed,London,UK,False,
T00412,A0091,M0007,100.54,AUD,2024-06-20T10:16:51.836778,pos,completed,Singapore,SG,False,
T00413,A0052,M0008,15.53,AUD,2024-02-15T04:40:37.074236,wire,completed,Melbourne,AU,False,
T00414,A0028,M0004,79.14,AUD,2024-05-18T07:52:36.694879,wire,reversed,Sydney,AU,False,
T00415,A0124,M0012,54.02,AUD,2024-06-27T08:24:34.612507,wire,failed,Brisbane,AU,False,
T00416,A0126,M0006,18.51,AUD,2024-04-14T09:02:00.850175,online,completed,Singapore,SG,False,
T00417,A0109,M0016,3.48,AUD,2024-05-20T10:31:36.548349,mobile,reversed,New York,US,False,
T00418,A0133,M0015,59.0,AUD,2024-01-19T05:38:54.804306,atm,completed,Lagos,NG,False,
T00419,A0067,M0006,37.75,AUD,2024-03-26T07:31:27.351926,wire,completed,Singapore,SG,False,
T00420,A0048,M0016,25.29,AUD,2024-05-16T03:32:18.226067,atm,failed,New York,US,False,
T00421,A0072,M0015,15.51,AUD,2024-04-14T05:40:40.856446,pos,completed,Lagos,NG,False,
T00422,A0070,M0026,12.71,AUD,2024-03-09T22:33:26.684689,pos,completed,Singapore,SG,False,
T00423,A0039,M0016,71.11,AUD,2024-03-31T10:15:10.643868,wire,completed,New York,US,False,
T00424,A0081,M0026,31.92,AUD,2024-06-04T09:19:57.402334,online,completed,Singapore,SG,False,
T00425,A0042,M0002,15.1,AUD,2024-05-31T20:29:35.173047,online,completed,Singapore,SG,False,
T00426,A0086,M0009,17.27,AUD,2024-06-17T15:55:58.213843,atm,completed,Singapore,SG,False,
T00427,A0106,M0004,12.72,AUD,2024-04-19T14:37:20.224965,wire,completed,Sydney,AU,False,
T00428,A0138,M0006,131.56,AUD,2024-02-28T20:11:31.939232,wire,completed,Singapore,SG,False,
T00429,A0115,M0029,3.5,AUD,2024-03-24T22:32:20.539388,pos,failed,New York,US,False,
T00430,A0087,M0014,62.23,AUD,2024-06-02T15:37:29.831888,online,completed,Lagos,NG,False,
T00431,A0088,M0008,10.95,AUD,2024-05-08T14:07:23.013647,wire,completed,Melbourne,AU,False,
T00432,A0070,M0029,14.49,AUD,2024-03-06T17:35:17.037772,wire,completed,New York,US,False,
T00433,A0116,M0014,12.08,AUD,2024-02-15T13:09:16.601212,online,completed,Lagos,NG,False,
T00434,A0102,M0004,31.24,AUD,2024-05-19T12:56:09.660811,wire,completed,Sydney,AU,False,
T00435,A0022,M0004,18.56,AUD,2024-04-28T12:35:35.313217,mobile,completed,Sydney,AU,False,
T00436,A0064,M0024,10.08,AUD,2024-01-24T18:16:03.966827,pos,completed,Brisbane,AU,False,
T00437,A0092,M0028,19.63,AUD,2024-06-18T05:01:16.648719,wire,completed,Brisbane,AU,False,
T00438,A0139,M0006,46.72,AUD,2024-05-15T13:16:19.190025,wire,completed,Singapore,SG,False,
T00439,A0137,M0010,168.01,AUD,2024-02-11T02:38:45.468769,online,completed,Sydney,AU,False,
T00440,A0094,M0014,16.28,AUD,2024-01-01T00:24:04.149862,pos,completed,Lagos,NG,False,
T00441,A0121,M0018,192.39,AUD,2024-01-02T15:40:19.245215,mobile,completed,Singapore,SG,False,
T00442,A0060,M0026,6.56,AUD,2024-03-15T12:34:50.214804,wire,completed,Singapore,SG,False,
T00443,A0064,M0006,115.57,AUD,2024-05-29T22:41:10.539261,pos,completed,Singapore,SG,False,
T00444,A0109,M0021,3.4,AUD,2024-06-13T16:50:30.942745,atm,completed,Sydney,AU,False,
T00445,A0137,M0026,18.43,AUD,2024-01-13T09:24:26.678033,pos,completed,Singapore,SG,False,
T00446,A0117,M0020,23.94,AUD,2024-03-30T01:13:50.465763,atm,completed,Sydney,AU,False,
T00447,A0013,M0018,19.83,AUD,2024-03-20T08:28:54.711775,online,completed,Singapore,SG,False,
T00448,A0039,M0001,32.46,AUD,2024-02-26T09:29:20.833879,mobile,reversed,Singapore,SG,False,
T00449,A0119,M0023,81.11,AUD,2024-06-01T16:21:54.446474,pos,completed,Perth,AU,False,
T00450,A0101,M0003,36.92,AUD,2024-06-11T02:54:58.902502,atm,completed,New York,US,False,
T00451,A0004,M0004,3.19,AUD,2024-01-18T00:09:48.817616,pos,completed,Sydney,AU,False,
T00452,A0080,M0030,12.4,AUD,2024-01-08T15:15:20.222437,wire,completed,Perth,AU,False,
T00453,A0065,M0016,47.27,AUD,2024-06-09T15:23:06.137999,pos,reversed,New York,US,False,
T00454,A0061,M0021,28.86,AUD,2024-05-23T18:49:54.789774,wire,completed,Sydney,AU,False,
T00455,A0063,M0001,116.78,AUD,2024-01-29T01:17:05.992513,online,completed,Singapore,SG,False,
T00456,A0128,M0003,59.06,AUD,2024-06-24T12:10:01.246839,online,completed,New York,US,False,
T00457,A0040,M0023,36.01,AUD,2024-03-29T07:11:22.124664,atm,reversed,Perth,AU,False,
T00458,A0089,M0026,6.8,AUD,2024-05-11T02:47:23.790470,atm,failed,Singapore,SG,False,
T00459,A0125,M0023,27.59,AUD,2024-05-06T03:55:55.540492,pos,completed,Perth,AU,False,
T00460,A0140,M0012,16.73,AUD,2024-06-06T01:07:22.917986,wire,pending,Brisbane,AU,False,
T00461,A0142,M0006,18.71,AUD,2024-03-07T10:44:15.357220,online,completed,Singapore,SG,False,
T00462,A0130,M0013,48.79,AUD,2024-04-22T06:08:13.656849,atm,completed,Perth,AU,False,
T00463,A0138,M0027,20.36,AUD,2024-03-31T01:21:12.777012,wire,completed,New York,US,False,
T00464,A0073,M0011,25.18,AUD,2024-01-18T10:08:14.478986,online,completed,New York,US,False,
T00465,A0034,M0006,86.8,AUD,2024-03-28T20:26:54.699922,online,completed,Singapore,SG,False,
T00466,A0100,M0022,31.34,AUD,2024-04-16T20:16:01.783499,online,completed,London,UK,False,
T00467,A0019,M0001,101.42,AUD,2024-03-29T22:39:55.793536,online,completed,Singapore,SG,False,
T00468,A0016,M0012,229.08,AUD,2024-03-16T06:54:02.565256,atm,completed,Brisbane,AU,False,
T00469,A0015,M0027,55.21,AUD,2024-05-12T21:48:02.409787,atm,completed,New York,US,False,
T00470,A0056,M0017,35.89,AUD,2024-04-05T05:46:41.313619,pos,completed,London,UK,False,
T00471,A0046,M0018,79.61,AUD,2024-01-20T02:21:12.982212,wire,completed,Singapore,SG,False,
T00472,A0118,M0023,603.71,AUD,2024-01-31T04:37:10.852741,pos,completed,Perth,AU,False,
T00473,A0130,M0011,66.41,AUD,2024-04-18T14:02:02.171950,atm,pending,New York,US,False,
T00474,A0141,M0011,110.84,AUD,2024-04-24T14:47:53.273666,atm,completed,New York,US,False,
T00475,A0145,M0018,2.68,AUD,2024-06-16T15:10:56.034273,atm,completed,Singapore,SG,False,
T00476,A0116,M0015,8.68,AUD,2024-01-03T22:49:04.201197,pos,reversed,Lagos,NG,False,
T00477,A0078,M0001,19.53,AUD,2024-06-03T21:14:58.302268,online,completed,Singapore,SG,False,
T00478,A0071,M0030,42.48,AUD,2024-06-16T14:12:25.645391,pos,completed,Perth,AU,False,
T00479,A0118,M0012,12.64,AUD,2024-06-10T00:31:57.112350,pos,completed,Brisbane,AU,False,
T00480,A0077,M0003,46.37,AUD,2024-02-09T08:32:51.163067,online,completed,New York,US,False,
T00481,A0124,M0006,26.08,AUD,2024-05-07T05:10:16.518809,online,completed,Singapore,SG,False,
T00482,A0077,M0002,101.63,AUD,2024-01-15T04:54:20.908400,online,pending,Singapore,SG,False,
T00483,A0086,M0012,131.91,AUD,2024-06-17T08:59:20.359146,online,failed,Brisbane,AU,False,
T00484,A0059,M0024,73.03,AUD,2024-01-03T01:40:15.423246,mobile,completed,Brisbane,AU,False,
T00485,A0135,M0002,14.08,AUD,2024-02-29T03:45:23.725921,pos,completed,Singapore,SG,False,
T00486,A0101,M0015,112.78,AUD,2024-01-17T07:19:13.245076,mobile,completed,Lagos,NG,False,
T00487,A0101,M0005,38.66,AUD,2024-03-13T06:05:13.218835,online,completed,Melbourne,AU,False,
T00488,A0112,M0025,183.42,AUD,2024-03-28T01:07:38.454902,pos,completed,New York,US,False,
T00489,A0147,M0007,35.37,AUD,2024-02-18T04:37:14.887101,mobile,completed,Singapore,SG,False,
T00490,A0148,M0003,8.5,AUD,2024-03-07T02:43:21.530771,pos,completed,New York,US,False,
T00491,A0007,M0025,28.81,AUD,2024-01-09T02:56:53.092485,pos,completed,New York,US,False,
T00492,A0096,M0005,7.73,AUD,2024-01-05T02:49:04.123981,pos,completed,Melbourne,AU,False,
T00493,A0055,M0007,48.56,AUD,2024-04-09T07:59:14.777158,wire,completed,Singapore,SG,False,
T00494,A0037,M0023,55.03,AUD,2024-01-08T20:53:09.026080,pos,completed,Perth,AU,False,
T00495,A0052,M0026,57.7,AUD,2024-03-25T03:47:23.262477,online,completed,Singapore,SG,False,
T00496,A0070,M0022,279.34,AUD,2024-06-05T10:26:31.906840,online,completed,London,UK,False,
T00497,A0099,M0008,247.09,AUD,2024-05-08T10:53:17.303886,atm,completed,Melbourne,AU,False,
T00498,A0137,M0003,9.09,AUD,2024-03-23T21:29:32.361972,online,completed,New York,US,False,
T00499,A0136,M0010,18.82,AUD,2024-01-29T10:01:50.910840,atm,completed,Sydney,AU,False,
T00500,A0091,M0021,129.1,AUD,2024-01-12T05:22:12.443291,atm,failed,Sydney,AU,False,
T00501,A0008,M0018,109.28,AUD,2024-03-02T20:43:08.572705,mobile,completed,Singapore,SG,False,
T00502,A0023,M0024,61.45,AUD,2024-02-11T03:56:49.682596,pos,completed,Brisbane,AU,False,
T00503,A0110,M0010,116.47,AUD,2024-04-08T03:27:48.294858,pos,completed,Sydney,AU,False,
T00504,A0149,M0018,53.25,AUD,2024-01-25T23:56:53.819029,wire,pending,Singapore,SG,False,
T00505,A0111,M0030,14.17,AUD,2024-06-20T16:43:30.701034,online,completed,Perth,AU,False,
T00506,A0038,M0024,7.99,AUD,2024-06-25T02:15:37.355624,mobile,completed,Brisbane,AU,False,
T00507,A0071,M0005,63.01,AUD,2024-02-03T10:32:19.612032,wire,completed,Melbourne,AU,False,
T00508,A0146,M0020,16.1,AUD,2024-05-04T09:58:10.319573,atm,completed,Sydney,AU,False,
T00509,A0123,M0005,33.52,AUD,2024-05-08T21:00:39.930950,atm,completed,Melbourne,AU,False,
T00510,A0100,M0016,31.05,AUD,2024-02-10T22:55:48.622835,mobile,completed,New York,US,False,
T00511,A0004,M0030,14.77,AUD,2024-05-14T08:50:26.801749,pos,completed,Perth,AU,False,
T00512,A0017,M0006,145.73,AUD,2024-02-28T19:20:47.770212,mobile,failed,Singapore,SG,False,
T00513,A0110,M0013,141.22,AUD,2024-05-29T04:52:59.045651,atm,completed,Perth,AU,False,
T00514,A0147,M0020,40.75,AUD,2024-05-07T10:39:53.710033,online,completed,Sydney,AU,False,
T00515,A0116,M0015,14.71,AUD,2024-04-10T22:39:10.533562,wire,completed,Lagos,NG,False,
T00516,A0013,M0007,16.21,AUD,2024-02-25T02:58:59.585303,atm,completed,Singapore,SG,False,
T00517,A0109,M0010,42.37,AUD,2024-04-03T13:42:58.178722,pos,completed,Sydney,AU,False,
T00518,A0116,M0003,55.53,AUD,2024-05-20T22:48:29.089114,wire,completed,New York,US,False,
T00519,A0106,M0011,29.28,AUD,2024-04-16T20:19:49.528770,pos,failed,New York,US,False,
T00520,A0024,M0009,11.82,AUD,2024-05-08T18:37:28.469744,pos,completed,Singapore,SG,False,
T00521,A0032,M0003,7.83,AUD,2024-03-06T16:37:33.896997,wire,completed,New York,US,False,
T00522,A0131,M0020,146.96,AUD,2024-03-09T21:21:24.653630,pos,pending,Sydney,AU,False,
T00523,A0145,M0028,48.74,AUD,2024-06-06T06:08:51.816499,pos,completed,Brisbane,AU,False,
T00524,A0014,M0014,7.66,AUD,2024-06-22T22:26:12.470209,atm,completed,Lagos,NG,False,
T00525,A0031,M0029,12.79,AUD,2024-04-22T16:24:07.433197,atm,completed,New York,US,False,
T00526,A0128,M0028,32.64,AUD,2024-04-20T01:04:55.906944,mobile,completed,Brisbane,AU,False,
T00527,A0122,M0015,27.09,AUD,2024-04-18T14:50:36.747816,pos,failed,Lagos,NG,False,
T00528,A0072,M0020,144.34,AUD,2024-02-07T13:58:39.858934,pos,completed,Sydney,AU,False,
T00529,A0090,M0002,49.66,AUD,2024-02-29T22:20:47.635482,online,completed,Singapore,SG,False,
T00530,A0107,M0006,12.5,AUD,2024-04-29T15:03:23.439437,wire,completed,Singapore,SG,False,
T00531,A0144,M0006,24.57,AUD,2024-05-19T02:24:57.794977,atm,completed,Singapore,SG,False,
T00532,A0098,M0027,7.0,AUD,2024-04-09T15:14:46.981470,atm,completed,New York,US,False,
T00533,A0032,M0023,99.78,AUD,2024-03-15T21:21:51.688374,pos,completed,Perth,AU,False,
T00534,A0015,M0004,35.35,AUD,2024-05-11T01:22:40.997688,wire,pending,Sydney,AU,False,
T00535,A0074,M0014,45.96,AUD,2024-04-05T02:17:58.138226,wire,completed,Lagos,NG,False,
T00536,A0034,M0020,43.31,AUD,2024-04-24T08:47:22.009079,mobile,completed,Sydney,AU,False,
T00537,A0060,M0023,19.4,AUD,2024-01-22T09:29:30.451933,mobile,completed,Perth,AU,False,
T00538,A0031,M0024,191.15,AUD,2024-03-01T09:59:36.830834,wire,completed,Brisbane,AU,False,
T00539,A0055,M0001,84.26,AUD,2024-02-16T01:11:22.978837,online,completed,Singapore,SG,False,
T00540,A0130,M0018,59.2,AUD,2024-05-11T02:46:44.458936,wire,reversed,Singapore,SG,False,
T00541,A0045,M0007,19.55,AUD,2024-05-01T17:13:21.096473,mobile,completed,Singapore,SG,False,
T00542,A0035,M0016,8.89,AUD,2024-06-05T14:32:04.483160,atm,completed,New York,US,False,
T00543,A0106,M0030,684.41,AUD,2024-02-24T04:20:57.247445,atm,completed,Perth,AU,False,
T00544,A0005,M0007,42.03,AUD,2024-06-14T19:54:50.196533,atm,completed,Singapore,SG,False,
T00545,A0039,M0009,95.72,AUD,2024-03-08T22:02:45.376896,wire,completed,Singapore,SG,False,
T00546,A0147,M0020,18.89,AUD,2024-06-05T11:47:41.969550,atm,completed,Sydney,AU,False,
T00547,A0081,M0023,6.39,AUD,2024-03-30T23:12:16.066869,pos,completed,Perth,AU,False,
T00548,A0078,M0007,35.26,AUD,2024-03-08T17:35:34.657121,online,completed,Singapore,SG,False,
T00549,A0024,M0015,35.21,AUD,2024-06-12T19:07:40.792464,pos,completed,Lagos,NG,False,
T00550,A0124,M0024,101.09,AUD,2024-02-29T05:57:21.821296,online,completed,Brisbane,AU,False,
T00551,A0133,M0022,6.97,AUD,2024-06-05T12:44:07.869794,online,completed,London,UK,False,
T00552,A0012,M0022,1.5,AUD,2024-01-19T15:52:43.288237,atm,completed,London,UK,False,
T00553,A0080,M0021,108.71,AUD,2024-02-04T20:25:05.730687,atm,completed,Sydney,AU,False,
T00554,A0113,M0022,13.13,AUD,2024-02-19T12:40:43.075523,online,reversed,London,UK,False,
T00555,A0144,M0017,5.53,AUD,2024-04-09T10:26:39.889813,atm,completed,London,UK,False,
T00556,A0073,M0019,18.81,AUD,2024-04-21T00:00:50.277576,atm,completed,New York,US,False,
T00557,A0013,M0005,7.38,AUD,2024-01-16T14:06:12.447160,mobile,completed,Melbourne,AU,False,
T00558,A0115,M0020,21.22,AUD,2024-02-05T20:45:04.207657,wire,completed,Sydney,AU,False,
T00559,A0120,M0019,168.15,AUD,2024-03-23T11:03:27.495806,mobile,completed,New York,US,False,
T00560,A0058,M0005,230.58,AUD,2024-06-14T05:28:15.012407,mobile,completed,Melbourne,AU,False,
T00561,A0085,M0026,99.48,AUD,2024-03-29T05:43:45.286624,online,completed,Singapore,SG,False,
T00562,A0090,M0016,30.08,AUD,2024-05-18T23:56:16.584498,wire,completed,New York,US,False,
T00563,A0131,M0004,16.78,AUD,2024-01-20T08:43:36.280521,wire,completed,Sydney,AU,False,
T00564,A0078,M0018,27.22,AUD,2024-02-13T04:22:15.843115,pos,completed,Singapore,SG,False,
T00565,A0124,M0013,10.72,AUD,2024-05-05T14:59:45.724618,mobile,completed,Perth,AU,False,
T00566,A0112,M0019,121.35,AUD,2024-02-12T17:51:15.704524,online,completed,New York,US,False,
T00567,A0147,M0027,30.95,AUD,2024-03-24T18:52:27.259143,wire,completed,New York,US,False,
T00568,A0114,M0006,17.03,AUD,2024-04-18T06:50:16.385446,wire,completed,Singapore,SG,False,
T00569,A0098,M0011,31.99,AUD,2024-01-17T09:16:31.342770,pos,failed,New York,US,False,
T00570,A0001,M0025,14.09,AUD,2024-04-06T03:46:31.032304,mobile,completed,New York,US,False,
T00571,A0115,M0007,4.46,AUD,2024-05-03T00:00:14.333375,mobile,completed,Singapore,SG,False,
T00572,A0089,M0003,51.33,AUD,2024-04-02T09:16:52.794931,pos,failed,New York,US,False,
T00573,A0016,M0012,23.5,AUD,2024-04-23T03:55:51.362602,mobile,completed,Brisbane,AU,False,
T00574,A0112,M0018,16.13,AUD,2024-01-26T04:06:54.549181,wire,completed,Singapore,SG,False,
T00575,A0093,M0027,26.06,AUD,2024-06-06T23:09:49.839402,pos,completed,New York,US,False,
T00576,A0019,M0021,31.54,AUD,2024-06-28T05:30:19.572771,online,completed,Sydney,AU,False,
T00577,A0107,M0028,21.57,AUD,2024-04-19T09:38:30.491358,mobile,completed,Brisbane,AU,False,
T00578,A0117,M0017,13.9,AUD,2024-03-10T15:12:02.643313,pos,completed,London,UK,False,
T00579,A0002,M0019,32.65,AUD,2024-05-08T21:29:33.775815,atm,completed,New York,US,False,
T00580,A0140,M0019,53.27,AUD,2024-01-21T11:35:09.677786,mobile,reversed,New York,US,False,
T00581,A0021,M0005,90.07,AUD,2024-06-04T13:01:09.343071,atm,completed,Melbourne,AU,False,
T00582,A0021,M0017,26.59,AUD,2024-06-22T20:01:32.116738,online,completed,London,UK,False,
T00583,A0139,M0026,50.58,AUD,2024-06-12T13:10:27.927134,wire,completed,Singapore,SG,False,
T00584,A0121,M0015,34.78,AUD,2024-05-12T19:41:25.418775,mobile,completed,Lagos,NG,False,
T00585,A0076,M0010,3.51,AUD,2024-04-18T04:07:58.938662,atm,completed,Sydney,AU,False,
T00586,A0145,M0009,5.97,AUD,2024-01-31T14:28:48.801741,online,completed,Singapore,SG,False,
T00587,A0075,M0026,31.95,AUD,2024-01-14T21:53:22.760411,atm,completed,Singapore,SG,False,
T00588,A0072,M0009,12.57,AUD,2024-04-17T02:38:57.930163,pos,completed,Singapore,SG,False,
T00589,A0095,M0026,17.07,AUD,2024-04-05T10:58:37.866699,online,completed,Singapore,SG,False,
T00590,A0022,M0005,99.81,AUD,2024-05-31T14:35:46.211879,mobile,completed,Melbourne,AU,False,
T00591,A0061,M0022,23.58,AUD,2024-02-08T03:57:42.159503,atm,completed,London,UK,False,
T00592,A0068,M0025,28.75,AUD,2024-03-27T04:54:01.978131,wire,completed,New York,US,False,
T00593,A0100,M0016,11.7,AUD,2024-03-19T16:29:09.341106,atm,pending,New York,US,False,
T00594,A0115,M0013,49.04,AUD,2024-06-15T02:32:29.546777,atm,reversed,Perth,AU,False,
T00595,A0111,M0020,20.83,AUD,2024-01-18T18:54:51.727850,wire,completed,Sydney,AU,False,
T00596,A0062,M0024,154.76,AUD,2024-04-04T02:40:22.393558,pos,completed,Brisbane,AU,False,
T00597,A0003,M0022,22.54,AUD,2024-05-04T01:48:36.197665,atm,completed,London,UK,False,
T00598,A0073,M0009,234.94,AUD,2024-06-21T00:55:26.540308,online,completed,Singapore,SG,False,
T00599,A0031,M0003,76.96,AUD,2024-04-28T19:22:41.764764,wire,completed,New York,US,False,
T00600,A0048,M0029,12.4,AUD,2024-02-23T07:36:21.854630,online,completed,New York,US,False,
T00601,A0071,M0025,6.99,AUD,2024-05-19T08:21:39.354352,atm,completed,New York,US,False,
T00602,A0019,M0009,83.45,AUD,2024-03-01T05:03:07.837630,online,completed,Singapore,SG,False,
T00603,A0068,M0006,26.03,AUD,2024-06-17T01:46:43.966276,wire,completed,Singapore,SG,False,
T00604,A0126,M0004,6.52,AUD,2024-06-14T04:22:28.070479,atm,completed,Sydney,AU,False,
T00605,A0019,M0003,40.29,AUD,2024-03-21T16:54:41.887047,mobile,completed,New York,US,False,
T00606,A0001,M0030,6.95,AUD,2024-01-28T10:34:58.320464,atm,pending,Perth,AU,False,
T00607,A0148,M0001,56.09,AUD,2024-03-29T19:30:41.571800,mobile,completed,Singapore,SG,False,
T00608,A0018,M0018,13.24,AUD,2024-05-04T18:09:04.046007,mobile,completed,Singapore,SG,False,
T00609,A0138,M0030,151.15,AUD,2024-02-24T19:29:06.591325,online,completed,Perth,AU,False,
T00610,A0024,M0012,205.26,AUD,2024-01-15T13:30:15.381452,mobile,completed,Brisbane,AU,False,
T00611,A0075,M0021,8.4,AUD,2024-06-24T02:52:34.683266,pos,completed,Sydney,AU,False,
T00612,A0100,M0029,26.0,AUD,2024-03-20T06:36:05.065444,pos,completed,New York,US,False,
T00613,A0050,M0001,100.62,AUD,2024-03-29T13:13:34.317391,online,completed,Singapore,SG,False,
T00614,A0079,M0016,50.48,AUD,2024-03-22T07:47:26.929232,online,completed,New York,US,False,
T00615,A0015,M0011,62.55,AUD,2024-05-02T17:34:12.234189,wire,completed,New York,US,False,
T00616,A0149,M0008,3.93,AUD,2024-03-26T06:58:41.152625,wire,completed,Melbourne,AU,False,
T00617,A0034,M0001,4.84,AUD,2024-03-23T13:39:57.138025,pos,completed,Singapore,SG,False,
T00618,A0017,M0027,69.26,AUD,2024-04-17T16:34:54.683995,wire,completed,New York,US,False,
T00619,A0052,M0014,4.3,AUD,2024-05-13T13:33:39.537600,mobile,completed,Lagos,NG,False,
T00620,A0148,M0018,428.03,AUD,2024-04-17T08:21:44.421154,atm,completed,Singapore,SG,False,
T00621,A0071,M0005,62.63,AUD,2024-03-07T22:57:51.766698,pos,completed,Melbourne,AU,False,
T00622,A0149,M0002,51.22,AUD,2024-01-29T13:16:54.858303,mobile,completed,Singapore,SG,False,
T00623,A0002,M0006,43.35,AUD,2024-05-05T12:34:45.562869,mobile,completed,Singapore,SG,False,
T00624,A0053,M0005,60.56,AUD,2024-03-15T13:51:50.665065,pos,completed,Melbourne,AU,False,
T00625,A0010,M0020,8.87,AUD,2024-06-21T00:05:41.245822,atm,completed,Sydney,AU,False,
T00626,A0002,M0018,17.87,AUD,2024-04-05T23:11:04.368882,online,completed,Singapore,SG,False,
T00627,A0139,M0017,2.67,AUD,2024-04-29T08:07:01.833802,atm,completed,London,UK,False,
T00628,A0029,M0026,178.72,AUD,2024-01-29T21:59:44.427499,online,completed,Singapore,SG,False,
T00629,A0094,M0010,14.9,AUD,2024-04-21T15:27:47.730231,mobile,completed,Sydney,AU,False,
T00630,A0014,M0030,36.28,AUD,2024-01-06T06:15:33.617175,wire,completed,Perth,AU,False,
T00631,A0061,M0024,25.27,AUD,2024-03-16T20:25:26.021774,atm,completed,Brisbane,AU,False,
T00632,A0029,M0011,15.89,AUD,2024-03-15T16:18:52.800368,pos,completed,New York,US,False,
T00633,A0057,M0003,29.49,AUD,2024-06-10T04:17:00.736243,pos,completed,New York,US,False,
T00634,A0117,M0006,25.32,AUD,2024-05-10T06:54:12.106210,atm,reversed,Singapore,SG,False,
T00635,A0052,M0011,2.74,AUD,2024-01-11T19:07:37.452329,pos,completed,New York,US,False,
T00636,A0120,M0015,16.4,AUD,2024-02-09T19:02:37.979176,atm,completed,Lagos,NG,False,
T00637,A0044,M0019,0.2,AUD,2024-04-17T01:49:38.297661,mobile,completed,New York,US,False,
T00638,A0110,M0024,91.82,AUD,2024-03-19T14:22:35.182167,pos,failed,Brisbane,AU,False,
T00639,A0039,M0030,38.57,AUD,2024-06-26T09:55:10.111359,online,reversed,Perth,AU,False,
T00640,A0130,M0002,25.72,AUD,2024-05-26T13:24:30.844958,online,completed,Singapore,SG,False,
T00641,A0062,M0003,37.41,AUD,2024-05-12T10:52:46.622141,pos,completed,New York,US,False,
T00642,A0076,M0008,46.26,AUD,2024-03-27T20:10:37.707056,atm,completed,Melbourne,AU,False,
T00643,A0118,M0028,46.9,AUD,2024-06-25T17:34:18.701630,mobile,completed,Brisbane,AU,False,
T00644,A0104,M0006,85.44,AUD,2024-03-25T00:54:03.241572,online,failed,Singapore,SG,False,
T00645,A0019,M0013,111.51,AUD,2024-01-06T22:06:37.360693,mobile,completed,Perth,AU,False,
T00646,A0139,M0019,575.59,AUD,2024-01-15T15:41:09.875673,atm,completed,New York,US,False,
T00647,A0015,M0017,16.01,AUD,2024-03-07T04:02:27.777909,pos,completed,London,UK,False,
T00648,A0018,M0018,56.93,AUD,2024-06-26T14:33:25.369420,pos,completed,Singapore,SG,False,
T00649,A0123,M0024,285.17,AUD,2024-06-22T14:20:47.788234,pos,completed,Brisbane,AU,False,
T00650,A0058,M0011,21.89,AUD,2024-05-03T02:54:17.833954,atm,completed,New York,US,False,
T00651,A0096,M0012,27.21,AUD,2024-05-30T03:36:28.387219,mobile,completed,Brisbane,AU,False,
T00652,A0137,M0029,10.72,AUD,2024-05-24T18:46:56.636740,online,completed,New York,US,False,
T00653,A0118,M0003,10.91,AUD,2024-05-06T04:07:28.882343,mobile,completed,New York,US,False,
T00654,A0053,M0017,19.28,AUD,2024-06-17T15:23:53.071380,mobile,completed,London,UK,False,
T00655,A0114,M0024,50.42,AUD,2024-01-12T09:27:09.595177,pos,completed,Brisbane,AU,False,
T00656,A0134,M0021,14.85,AUD,2024-04-28T16:37:25.029289,atm,completed,Sydney,AU,False,
T00657,A0136,M0027,39.81,AUD,2024-04-12T16:08:28.374020,atm,completed,New York,US,False,
T00658,A0067,M0008,10.94,AUD,2024-05-19T07:47:34.289055,online,completed,Melbourne,AU,False,
T00659,A0073,M0015,7.37,AUD,2024-02-02T23:49:35.534846,pos,completed,Lagos,NG,False,
T00660,A0040,M0006,21.5,AUD,2024-02-17T03:12:31.913466,pos,completed,Singapore,SG,False,
T00661,A0009,M0022,18.65,AUD,2024-03-08T11:56:32.935287,wire,reversed,London,UK,False,
T00662,A0137,M0010,40.16,AUD,2024-04-27T03:37:39.819687,atm,completed,Sydney,AU,False,
T00663,A0075,M0025,6.23,AUD,2024-06-13T03:29:24.513904,mobile,completed,New York,US,False,
T00664,A0029,M0024,31.66,AUD,2024-05-02T17:16:05.576614,online,completed,Brisbane,AU,False,
T00665,A0103,M0020,117.52,AUD,2024-01-17T17:44:16.923770,online,completed,Sydney,AU,False,
T00666,A0050,M0019,42.47,AUD,2024-05-18T20:15:40.337616,pos,completed,New York,US,False,
T00667,A0138,M0028,23.53,AUD,2024-01-16T19:33:55.492991,wire,completed,Brisbane,AU,False,
T00668,A0126,M0011,51.15,AUD,2024-01-11T03:28:15.064749,atm,completed,New York,US,False,
T00669,A0110,M0012,26.12,AUD,2024-03-03T10:20:00.261452,atm,reversed,Brisbane,AU,False,
T00670,A0144,M0003,77.54,AUD,2024-03-21T02:14:20.236944,pos,completed,New York,US,False,
T00671,A0109,M0024,40.3,AUD,2024-02-07T14:36:46.032512,mobile,reversed,Brisbane,AU,False,
T00672,A0135,M0011,59.05,AUD,2024-03-15T02:41:49.253069,atm,completed,New York,US,False,
T00673,A0143,M0015,194.1,AUD,2024-01-25T18:48:39.821018,pos,completed,Lagos,NG,False,
T00674,A0075,M0018,29.68,AUD,2024-02-24T15:51:25.758558,wire,completed,Singapore,SG,False,
T00675,A0144,M0024,30.65,AUD,2024-01-01T10:37:42.081664,atm,completed,Brisbane,AU,False,
T00676,A0121,M0004,633.11,AUD,2024-03-16T12:07:44.465775,mobile,pending,Sydney,AU,False,
T00677,A0063,M0001,11.2,AUD,2024-06-28T23:22:56.468907,online,completed,Singapore,SG,False,
T00678,A0093,M0019,30.84,AUD,2024-02-16T16:22:03.792673,mobile,reversed,New York,US,False,
T00679,A0031,M0012,35.19,AUD,2024-06-01T23:53:47.816447,pos,completed,Brisbane,AU,False,
T00680,A0038,M0011,25.5,AUD,2024-03-05T16:28:56.859443,online,completed,New York,US,False,
T00681,A0108,M0021,123.63,AUD,2024-02-22T11:08:07.160906,wire,completed,Sydney,AU,False,
T00682,A0020,M0017,6.08,AUD,2024-05-18T09:48:38.386814,wire,completed,London,UK,False,
T00683,A0140,M0011,57.1,AUD,2024-05-04T01:34:03.062424,atm,completed,New York,US,False,
T00684,A0149,M0012,35.15,AUD,2024-03-28T18:24:04.908724,atm,pending,Brisbane,AU,False,
T00685,A0042,M0004,10.28,AUD,2024-05-30T12:21:19.879184,wire,completed,Sydney,AU,False,
T00686,A0135,M0028,38.37,AUD,2024-05-16T21:23:47.379756,online,completed,Brisbane,AU,False,
T00687,A0020,M0004,31.15,AUD,2024-03-06T14:59:52.258605,mobile,failed,Sydney,AU,False,
T00688,A0134,M0025,6.87,AUD,2024-01-22T11:11:05.616075,pos,failed,New York,US,False,
T00689,A0037,M0023,17.4,AUD,2024-01-24T13:40:05.118315,online,completed,Perth,AU,False,
T00690,A0029,M0003,4.85,AUD,2024-03-19T01:20:20.483012,pos,completed,New York,US,False,
T00691,A0132,M0019,19.21,AUD,2024-04-30T19:59:43.525782,online,completed,New York,US,False,
T00692,A0053,M0019,91.2,AUD,2024-03-04T15:03:44.089741,online,completed,New York,US,False,
T00693,A0072,M0019,22.8,AUD,2024-03-31T14:45:21.240301,wire,completed,New York,US,False,
T00694,A0146,M0003,4.68,AUD,2024-01-03T12:44:52.258321,pos,completed,New York,US,False,
T00695,A0073,M0006,197.63,AUD,2024-06-25T05:13:51.968851,online,pending,Singapore,SG,False,
T00696,A0130,M0028,65.05,AUD,2024-04-16T16:16:09.123643,mobile,completed,Brisbane,AU,False,
T00697,A0028,M0006,24.01,AUD,2024-03-14T18:31:07.325651,atm,completed,Singapore,SG,False,
T00698,A0029,M0017,85.77,AUD,2024-01-08T08:24:12.953838,atm,completed,London,UK,False,
T00699,A0099,M0010,23.67,AUD,2024-05-04T08:31:48.884611,mobile,completed,Sydney,AU,False,
T00700,A0105,M0010,189.67,AUD,2024-06-04T01:49:30.604376,mobile,pending,Sydney,AU,False,
T00701,A0095,M0006,59.56,AUD,2024-04-04T14:26:43.305586,online,completed,Singapore,SG,False,
T00702,A0102,M0013,11.34,AUD,2024-02-06T00:49:52.531130,pos,completed,Perth,AU,False,
T00703,A0104,M0004,12.73,AUD,2024-03-31T08:08:03.578303,wire,completed,Sydney,AU,False,
T00704,A0103,M0012,29.21,AUD,2024-03-14T04:54:10.781584,mobile,completed,Brisbane,AU,False,
T00705,A0038,M0025,29.77,AUD,2024-03-29T13:41:56.266970,pos,completed,New York,US,False,
T00706,A0035,M0001,159.84,AUD,2024-05-02T22:27:49.496055,pos,completed,Singapore,SG,False,
T00707,A0025,M0025,472.28,AUD,2024-02-06T13:11:29.548818,mobile,completed,New York,US,False,
T00708,A0067,M0018,3.34,AUD,2024-04-08T22:31:02.736782,online,reversed,Singapore,SG,False,
T00709,A0031,M0013,16.48,AUD,2024-03-21T02:27:50.037230,online,completed,Perth,AU,False,
T00710,A0143,M0022,96.01,AUD,2024-05-07T19:07:16.252312,mobile,completed,London,UK,False,
T00711,A0080,M0023,12.58,AUD,2024-04-12T23:06:25.529038,mobile,completed,Perth,AU,False,
T00712,A0139,M0019,28.73,AUD,2024-01-29T07:00:53.269557,online,completed,New York,US,False,
T00713,A0127,M0019,22.64,AUD,2024-01-09T03:59:40.400908,atm,completed,New York,US,False,
T00714,A0150,M0001,142.09,AUD,2024-03-09T21:12:38.710426,mobile,completed,Singapore,SG,False,
T00715,A0092,M0014,13.41,AUD,2024-02-14T19:38:05.697927,atm,completed,Lagos,NG,False,
T00716,A0017,M0028,18.06,AUD,2024-01-04T13:37:43.987475,atm,completed,Brisbane,AU,False,
T00717,A0109,M0019,34.9,AUD,2024-01-04T16:37:38.902339,mobile,completed,New York,US,False,
T00718,A0082,M0013,41.01,AUD,2024-01-18T16:31:13.165924,mobile,completed,Perth,AU,False,
T00719,A0053,M0011,31.95,AUD,2024-04-30T19:07:53.541506,pos,completed,New York,US,False,
T00720,A0094,M0014,6.15,AUD,2024-06-25T07:31:19.035563,online,completed,Lagos,NG,False,
T00721,A0138,M0007,20.91,AUD,2024-06-29T07:36:47.159848,mobile,completed,Singapore,SG,False,
T00722,A0024,M0023,23.1,AUD,2024-05-25T00:21:02.004740,mobile,completed,Perth,AU,False,
T00723,A0089,M0026,33.57,AUD,2024-04-30T02:03:21.215284,atm,completed,Singapore,SG,False,
T00724,A0103,M0009,53.01,AUD,2024-05-18T04:23:34.734004,pos,failed,Singapore,SG,False,
T00725,A0133,M0028,9.13,AUD,2024-04-29T14:32:31.928565,mobile,completed,Brisbane,AU,False,
T00726,A0137,M0026,91.86,AUD,2024-03-19T12:05:56.983890,wire,completed,Singapore,SG,False,
T00727,A0016,M0017,10.52,AUD,2024-02-13T12:11:03.946017,atm,completed,London,UK,False,
T00728,A0106,M0011,198.33,AUD,2024-02-18T07:33:52.528912,atm,completed,New York,US,False,
T00729,A0066,M0022,47.03,AUD,2024-01-21T13:17:54.444744,pos,completed,London,UK,False,
T00730,A0080,M0015,1.04,AUD,2024-03-17T09:15:03.944624,online,completed,Lagos,NG,False,
T00731,A0070,M0005,11.96,AUD,2024-04-26T14:48:44.494225,online,reversed,Melbourne,AU,False,
T00732,A0125,M0026,3.86,AUD,2024-06-05T22:59:39.160421,mobile,failed,Singapore,SG,False,
T00733,A0024,M0013,43.13,AUD,2024-06-20T21:23:09.706111,wire,completed,Perth,AU,False,
T00734,A0024,M0008,81.94,AUD,2024-02-26T17:27:16.093598,wire,completed,Melbourne,AU,False,
T00735,A0061,M0030,27.51,AUD,2024-02-01T16:52:12.308205,atm,completed,Perth,AU,False,
T00736,A0066,M0028,47.53,AUD,2024-03-08T19:43:06.430741,online,completed,Brisbane,AU,False,
T00737,A0109,M0016,12.28,AUD,2024-05-28T16:00:40.142656,online,completed,New York,US,False,
T00738,A0009,M0027,384.41,AUD,2024-01-10T21:29:47.972125,pos,completed,New York,US,False,
T00739,A0099,M0010,86.09,AUD,2024-06-12T11:18:51.972038,online,completed,Sydney,AU,False,
T00740,A0061,M0028,29.39,AUD,2024-06-22T21:29:21.016642,atm,completed,Brisbane,AU,False,
T00741,A0061,M0010,337.8,AUD,2024-06-08T04:24:20.603582,mobile,completed,Sydney,AU,False,
T00742,A0071,M0028,31.03,AUD,2024-06-16T16:42:14.122271,atm,completed,Brisbane,AU,False,
T00743,A0026,M0027,12.86,AUD,2024-01-13T00:17:57.351106,mobile,completed,New York,US,False,
T00744,A0141,M0024,10.28,AUD,2024-05-17T22:01:16.802864,pos,completed,Brisbane,AU,False,
T00745,A0035,M0001,19.1,AUD,2024-02-26T18:48:27.038569,online,completed,Singapore,SG,False,
T00746,A0064,M0017,219.61,AUD,2024-04-27T12:02:25.378818,pos,completed,London,UK,False,
T00747,A0106,M0026,172.29,AUD,2024-06-07T02:30:33.786006,pos,completed,Singapore,SG,False,
T00748,A0084,M0026,20.28,AUD,2024-03-07T12:51:09.008610,mobile,failed,Singapore,SG,False,
T00749,A0147,M0008,45.18,AUD,2024-02-11T09:30:15.392536,online,reversed,Melbourne,AU,False,
T00750,A0051,M0009,54.51,AUD,2024-03-13T14:05:44.353919,mobile,completed,Singapore,SG,False,
T00751,A0039,M0003,38.11,AUD,2024-04-05T04:14:20.292855,mobile,completed,New York,US,False,
T00752,A0127,M0004,16.25,AUD,2024-06-20T05:39:04.706232,atm,completed,Sydney,AU,False,
T00753,A0127,M0013,8.3,AUD,2024-03-16T17:13:47.371561,mobile,completed,Perth,AU,False,
T00754,A0008,M0010,28.95,AUD,2024-04-15T12:07:51.484614,mobile,completed,Sydney,AU,False,
T00755,A0121,M0005,25.34,AUD,2024-03-10T09:54:15.328136,mobile,completed,Melbourne,AU,False,
T00756,A0066,M0003,21.12,AUD,2024-06-13T09:20:09.881913,wire,pending,New York,US,False,
T00757,A0012,M0001,8.73,AUD,2024-02-24T18:05:31.030468,mobile,completed,Singapore,SG,False,
T00758,A0034,M0029,44.36,AUD,2024-02-17T02:42:24.973091,wire,completed,New York,US,False,
T00759,A0087,M0029,30.81,AUD,2024-05-08T13:21:00.778789,mobile,completed,New York,US,False,
T00760,A0030,M0011,87.8,AUD,2024-02-17T17:45:52.176844,atm,completed,New York,US,False,
T00761,A0043,M0011,86.36,AUD,2024-06-20T23:01:12.833377,wire,failed,New York,US,False,
T00762,A0113,M0002,9.67,AUD,2024-01-30T14:28:57.836553,mobile,completed,Singapore,SG,False,
T00763,A0127,M0002,41.72,AUD,2024-01-21T08:39:37.437392,pos,completed,Singapore,SG,False,
T00764,A0024,M0007,83.52,AUD,2024-01-31T11:04:24.553188,wire,completed,Singapore,SG,False,
T00765,A0145,M0029,50.72,AUD,2024-06-29T15:19:54.440588,online,completed,New York,US,False,
T00766,A0147,M0006,27.48,AUD,2024-05-19T01:17:34.392559,online,failed,Singapore,SG,False,
T00767,A0007,M0010,106.57,AUD,2024-03-12T08:16:25.043587,wire,pending,Sydney,AU,False,
T00768,A0028,M0027,22.78,AUD,2024-03-24T07:15:10.569206,mobile,completed,New York,US,False,
T00769,A0069,M0020,53.79,AUD,2024-01-08T22:28:16.917408,wire,reversed,Sydney,AU,False,
T00770,A0084,M0024,66.84,AUD,2024-06-05T06:04:59.871276,atm,completed,Brisbane,AU,False,
T00771,A0015,M0024,22.06,AUD,2024-02-02T05:16:44.106910,mobile,completed,Brisbane,AU,False,
T00772,A0054,M0006,22.55,AUD,2024-04-27T03:17:52.069639,pos,completed,Singapore,SG,False,
T00773,A0126,M0026,16.13,AUD,2024-02-26T03:04:48.282694,wire,completed,Singapore,SG,False,
T00774,A0025,M0027,23.55,AUD,2024-03-21T15:00:06.661487,mobile,completed,New York,US,False,
T00775,A0145,M0020,17.28,AUD,2024-05-26T18:57:34.193391,wire,completed,Sydney,AU,False,
T00776,A0110,M0003,7.87,AUD,2024-03-24T21:33:07.414807,pos,completed,New York,US,False,
T00777,A0040,M0030,32.27,AUD,2024-04-04T23:12:01.055373,atm,completed,Perth,AU,False,
T00778,A0021,M0030,80.42,AUD,2024-06-27T03:18:17.986806,atm,completed,Perth,AU,False,
T00779,A0134,M0014,21.28,AUD,2024-01-14T20:27:26.156665,online,completed,Lagos,NG,False,
T00780,A0131,M0014,23.7,AUD,2024-05-10T09:01:35.893840,atm,completed,Lagos,NG,False,
T00781,A0150,M0003,83.25,AUD,2024-05-22T07:09:11.845824,mobile,completed,New York,US,False,
T00782,A0107,M0029,61.15,AUD,2024-05-11T01:28:02.319273,mobile,completed,New York,US,False,
T00783,A0068,M0011,15.03,AUD,2024-05-15T05:05:43.306516,wire,completed,New York,US,False,
T00784,A0028,M0014,35.56,AUD,2024-01-22T02:51:01.306906,pos,completed,Lagos,NG,False,
T00785,A0118,M0023,18.71,AUD,2024-05-14T17:00:29.627214,mobile,completed,Perth,AU,False,
T00786,A0093,M0023,105.14,AUD,2024-03-12T11:52:04.801380,atm,completed,Perth,AU,False,
T00787,A0035,M0001,54.44,AUD,2024-01-05T20:29:08.337138,mobile,completed,Singapore,SG,False,
T00788,A0062,M0014,36.12,AUD,2024-05-19T07:40:07.175869,pos,completed,Lagos,NG,False,
T00789,A0006,M0004,14.72,AUD,2024-05-07T04:05:10.216308,mobile,completed,Sydney,AU,False,
T00790,A0116,M0019,15.62,AUD,2024-05-30T03:08:02.804655,mobile,completed,New York,US,False,
T00791,A0003,M0004,84.41,AUD,2024-06-26T06:53:28.530246,mobile,completed,Sydney,AU,False,
T00792,A0142,M0010,6.77,AUD,2024-04-02T22:01:02.114582,wire,pending,Sydney,AU,False,
T00793,A0125,M0008,84.37,AUD,2024-03-17T09:11:15.916240,atm,completed,Melbourne,AU,False,
T00794,A0069,M0029,520.04,AUD,2024-01-22T03:59:26.075564,wire,pending,New York,US,False,
T00795,A0089,M0015,19.29,AUD,2024-03-03T05:40:23.020698,pos,completed,Lagos,NG,False,
T00796,A0087,M0030,125.74,AUD,2024-04-28T21:49:34.121413,pos,failed,Perth,AU,False,
T00797,A0100,M0014,269.78,AUD,2024-05-12T23:02:08.312506,mobile,completed,Lagos,NG,False,
T00798,A0042,M0020,4.72,AUD,2024-01-16T14:25:03.371332,mobile,completed,Sydney,AU,False,
T00799,A0052,M0006,42.19,AUD,2024-03-16T07:02:09.845755,mobile,completed,Singapore,SG,False,
T00800,A0054,M0018,112.12,AUD,2024-01-29T16:58:55.705491,wire,completed,Singapore,SG,False,
T00801,A0017,M0011,22.79,AUD,2024-01-22T20:16:07.732463,pos,completed,New York,US,False,
T00802,A0088,M0026,24.23,AUD,2024-06-07T20:47:17.099818,atm,failed,Singapore,SG,False,
T00803,A0132,M0020,108.68,AUD,2024-06-16T17:17:23.408451,mobile,completed,Sydney,AU,False,
T00804,A0029,M0004,146.26,AUD,2024-06-04T08:50:05.676433,online,completed,Sydney,AU,False,
T00805,A0011,M0017,3.69,AUD,2024-06-06T15:03:25.184596,atm,completed,London,UK,False,
T00806,A0075,M0023,25.95,AUD,2024-05-12T14:12:19.540961,online,completed,Perth,AU,False,
T00807,A0094,M0011,70.05,AUD,2024-02-06T13:00:41.741489,mobile,completed,New York,US,False,
T00808,A0002,M0008,122.67,AUD,2024-02-21T21:40:40.998007,pos,completed,Melbourne,AU,False,
T00809,A0096,M0023,75.23,AUD,2024-04-30T08:44:21.794460,pos,completed,Perth,AU,False,
T00810,A0136,M0014,65.75,AUD,2024-03-18T14:48:23.230866,mobile,failed,Lagos,NG,False,
T00811,A0133,M0026,19.8,AUD,2024-05-09T21:21:58.305901,wire,pending,Singapore,SG,False,
T00812,A0022,M0011,159.2,AUD,2024-04-26T02:31:38.054259,wire,completed,New York,US,False,
T00813,A0134,M0010,7.73,AUD,2024-05-06T20:14:00.505302,atm,completed,Sydney,AU,False,
T00814,A0081,M0030,5.18,AUD,2024-06-11T22:30:20.947965,wire,pending,Perth,AU,False,
T00815,A0104,M0015,461.61,AUD,2024-04-23T00:13:06.429492,wire,completed,Lagos,NG,False,
T00816,A0089,M0029,205.95,AUD,2024-05-20T08:20:20.592241,atm,completed,New York,US,False,
T00817,A0138,M0011,14.8,AUD,2024-06-08T06:10:46.836037,wire,reversed,New York,US,False,
T00818,A0073,M0007,5.1,AUD,2024-04-04T08:40:58.793021,pos,completed,Singapore,SG,False,
T00819,A0139,M0019,1.71,AUD,2024-02-25T00:19:27.975961,mobile,reversed,New York,US,False,
T00820,A0029,M0024,7.81,AUD,2024-04-23T11:38:33.102201,atm,completed,Brisbane,AU,False,
T00821,A0032,M0015,6.82,AUD,2024-03-23T00:28:16.555581,pos,completed,Lagos,NG,False,
T00822,A0149,M0019,296.26,AUD,2024-02-12T07:47:30.579479,atm,completed,New York,US,False,
T00823,A0147,M0022,10.06,AUD,2024-05-13T11:45:12.698321,online,completed,London,UK,False,
T00824,A0150,M0007,93.74,AUD,2024-01-18T17:39:32.907739,mobile,completed,Singapore,SG,False,
T00825,A0021,M0003,30.32,AUD,2024-03-07T20:12:50.672360,wire,completed,New York,US,False,
T00826,A0144,M0017,53.38,AUD,2024-06-29T08:50:49.750821,mobile,completed,London,UK,False,
T00827,A0107,M0027,8.13,AUD,2024-03-28T17:48:59.631162,mobile,completed,New York,US,False,
T00828,A0132,M0028,40.3,AUD,2024-03-23T10:23:53.634932,online,completed,Brisbane,AU,False,
T00829,A0144,M0012,74.83,AUD,2024-03-07T21:28:53.160739,atm,completed,Brisbane,AU,False,
T00830,A0040,M0004,15.06,AUD,2024-05-23T04:59:19.958820,pos,completed,Sydney,AU,False,
T00831,A0108,M0002,120.81,AUD,2024-02-21T07:26:49.598149,pos,completed,Singapore,SG,False,
T00832,A0126,M0001,10.04,AUD,2024-06-06T13:07:58.339633,mobile,completed,Singapore,SG,False,
T00833,A0080,M0019,28.56,AUD,2024-03-09T07:00:56.370603,wire,completed,New York,US,False,
T00834,A0036,M0017,107.64,AUD,2024-04-30T18:24:24.896360,pos,failed,London,UK,False,
T00835,A0084,M0003,208.44,AUD,2024-03-15T03:25:31.630454,pos,pending,New York,US,False,
T00836,A0087,M0018,28.16,AUD,2024-01-17T00:34:25.851591,pos,completed,Singapore,SG,False,
T00837,A0147,M0021,266.04,AUD,2024-04-11T13:10:36.042378,online,completed,Sydney,AU,False,
T00838,A0022,M0007,256.0,AUD,2024-05-17T03:04:48.985643,wire,completed,Singapore,SG,False,
T00839,A0122,M0017,5.58,AUD,2024-06-09T15:58:36.912181,mobile,completed,London,UK,False,
T00840,A0137,M0020,13.47,AUD,2024-03-29T22:57:31.995718,online,completed,Sydney,AU,False,
T00841,A0047,M0014,4.16,AUD,2024-03-10T03:27:20.562125,online,completed,Lagos,NG,False,
T00842,A0026,M0018,14.91,AUD,2024-02-16T06:07:43.888734,online,completed,Singapore,SG,False,
T00843,A0105,M0022,5.66,AUD,2024-02-28T21:03:46.023216,online,completed,London,UK,False,
T00844,A0077,M0013,98.52,AUD,2024-06-19T10:12:45.813903,online,completed,Perth,AU,False,
T00845,A0062,M0025,43.02,AUD,2024-04-02T01:27:02.924755,wire,completed,New York,US,False,
T00846,A0030,M0009,6.11,AUD,2024-03-14T16:20:24.568221,mobile,completed,Singapore,SG,False,
T00847,A0060,M0030,98.27,AUD,2024-06-23T09:20:02.558175,online,completed,Perth,AU,False,
T00848,A0143,M0021,77.04,AUD,2024-03-14T14:54:15.417502,online,completed,Sydney,AU,False,
T00849,A0129,M0007,65.3,AUD,2024-04-07T19:40:13.058572,pos,completed,Singapore,SG,False,
T00850,A0138,M0014,280.06,AUD,2024-01-08T13:32:41.260960,mobile,reversed,Lagos,NG,False,
T00851,A0075,M0021,185.58,AUD,2024-04-18T05:08:15.045068,mobile,reversed,Sydney,AU,False,
T00852,A0055,M0019,87.87,AUD,2024-01-30T05:11:32.746434,wire,completed,New York,US,False,
T00853,A0077,M0003,25.9,AUD,2024-01-26T06:38:26.755696,wire,reversed,New York,US,False,
T00854,A0111,M0007,10.21,AUD,2024-03-03T00:24:27.192342,atm,reversed,Singapore,SG,False,
T00855,A0116,M0009,18.11,AUD,2024-04-18T12:17:14.534530,online,pending,Singapore,SG,False,
T00856,A0035,M0021,305.51,AUD,2024-01-01T18:35:20.586952,online,completed,Sydney,AU,False,
T00857,A0106,M0018,106.68,AUD,2024-05-22T12:03:14.186152,online,completed,Singapore,SG,False,
T00858,A0114,M0022,17.49,AUD,2024-03-11T00:02:47.380832,online,completed,London,UK,False,
T00859,A0095,M0030,262.95,AUD,2024-05-03T04:19:41.180117,atm,completed,Perth,AU,False,
T00860,A0078,M0026,59.48,AUD,2024-03-30T09:06:17.529768,atm,completed,Singapore,SG,False,
T00861,A0127,M0029,96.18,AUD,2024-01-02T06:59:46.241657,mobile,completed,New York,US,False,
T00862,A0072,M0019,33.14,AUD,2024-02-05T01:44:16.788388,wire,completed,New York,US,False,
T00863,A0145,M0006,9.88,AUD,2024-04-13T03:39:35.621050,pos,failed,Singapore,SG,False,
T00864,A0071,M0007,69.26,AUD,2024-06-08T20:11:41.317295,online,pending,Singapore,SG,False,
T00865,A0014,M0028,162.68,AUD,2024-06-29T02:44:33.123608,atm,completed,Brisbane,AU,False,
T00866,A0133,M0015,32.5,AUD,2024-01-08T20:48:37.968515,pos,completed,Lagos,NG,False,
T00867,A0108,M0018,29.79,AUD,2024-02-05T05:22:39.928839,online,failed,Singapore,SG,False,
T00868,A0007,M0024,5.37,AUD,2024-06-22T08:34:39.237361,pos,completed,Brisbane,AU,False,
T00869,A0085,M0010,5.98,AUD,2024-01-05T08:21:29.568918,atm,completed,Sydney,AU,False,
T00870,A0064,M0004,8.84,AUD,2024-05-30T16:27:21.868234,atm,completed,Sydney,AU,False,
T00871,A0061,M0003,147.25,AUD,2024-05-18T07:14:39.084338,mobile,completed,New York,US,False,
T00872,A0022,M0002,131.35,AUD,2024-06-10T02:31:25.505454,online,completed,Singapore,SG,False,
T00873,A0016,M0030,49.46,AUD,2024-01-19T10:20:20.455295,online,completed,Perth,AU,False,
T00874,A0076,M0028,25.28,AUD,2024-05-16T02:31:43.773214,pos,failed,Brisbane,AU,False,
T00875,A0003,M0015,10.31,AUD,2024-06-08T06:27:05.038385,wire,completed,Lagos,NG,False,
T00876,A0007,M0015,36.09,AUD,2024-01-20T13:10:50.255176,online,completed,Lagos,NG,False,
T00877,A0018,M0019,69.33,AUD,2024-04-13T18:02:00.617525,wire,completed,New York,US,False,
T00878,A0108,M0016,76.14,AUD,2024-02-14T00:15:15.709968,online,completed,New York,US,False,
T00879,A0080,M0019,1.25,AUD,2024-05-16T12:59:56.654160,atm,completed,New York,US,False,
T00880,A0139,M0025,8.37,AUD,2024-04-19T04:51:47.891721,atm,completed,New York,US,False,
T00881,A0003,M0017,57.58,AUD,2024-01-11T08:59:16.277182,wire,completed,London,UK,False,
T00882,A0144,M0028,8.19,AUD,2024-06-25T17:57:46.058593,pos,completed,Brisbane,AU,False,
T00883,A0088,M0007,102.74,AUD,2024-06-26T17:28:28.643918,wire,completed,Singapore,SG,False,
T00884,A0149,M0019,27.12,AUD,2024-03-23T05:29:17.866085,online,completed,New York,US,False,
T00885,A0001,M0021,15.79,AUD,2024-04-22T22:18:30.802903,pos,completed,Sydney,AU,False,
T00886,A0085,M0026,61.68,AUD,2024-02-03T08:21:29.379837,online,completed,Singapore,SG,False,
T00887,A0019,M0012,19.39,AUD,2024-04-16T00:13:18.079405,atm,completed,Brisbane,AU,False,
T00888,A0008,M0007,15.59,AUD,2024-06-09T06:06:01.458621,pos,completed,Singapore,SG,False,
T00889,A0142,M0008,10.25,AUD,2024-01-21T02:02:57.758734,pos,completed,Melbourne,AU,False,
T00890,A0062,M0012,216.79,AUD,2024-06-19T08:24:23.999917,wire,failed,Brisbane,AU,False,
T00891,A0017,M0004,70.18,AUD,2024-03-09T10:52:52.966798,atm,completed,Sydney,AU,False,
T00892,A0110,M0021,44.46,AUD,2024-04-06T22:04:28.121282,pos,completed,Sydney,AU,False,
T00893,A0014,M0021,90.42,AUD,2024-01-15T17:38:06.204688,mobile,completed,Sydney,AU,False,
T00894,A0017,M0006,35.56,AUD,2024-04-26T18:11:27.150378,wire,completed,Singapore,SG,False,
T00895,A0133,M0015,3.33,AUD,2024-04-05T02:39:58.734953,mobile,completed,Lagos,NG,False,
T00896,A0127,M0016,14.94,AUD,2024-06-15T17:37:43.002128,wire,completed,New York,US,False,
T00897,A0054,M0008,146.01,AUD,2024-02-12T10:10:00.001139,pos,completed,Melbourne,AU,False,
T00898,A0097,M0019,19.07,AUD,2024-05-16T01:02:57.244583,atm,completed,New York,US,False,
T00899,A0091,M0008,45.75,AUD,2024-04-22T10:10:14.020440,mobile,completed,Melbourne,AU,False,
T00900,A0111,M0014,19.24,AUD,2024-02-19T09:59:47.611977,online,completed,Lagos,NG,False,
T00901,A0060,M0009,52.82,AUD,2024-01-15T22:01:33.642767,wire,completed,Singapore,SG,False,
T00902,A0021,M0026,18.25,AUD,2024-01-22T11:08:44.731652,atm,completed,Singapore,SG,False,
T00903,A0052,M0011,13.05,AUD,2024-02-24T18:59:47.369081,atm,completed,New York,US,False,
T00904,A0036,M0028,243.95,AUD,2024-06-14T03:23:22.959208,online,completed,Brisbane,AU,False,
T00905,A0073,M0027,4.36,AUD,2024-02-07T23:41:49.527459,pos,completed,New York,US,False,
T00906,A0142,M0025,23.41,AUD,2024-03-02T15:49:30.652702,online,completed,New York,US,False,
T00907,A0049,M0014,208.73,AUD,2024-02-07T22:26:10.209189,mobile,failed,Lagos,NG,False,
T00908,A0008,M0012,7.2,AUD,2024-03-31T11:07:55.623904,atm,completed,Brisbane,AU,False,
T00909,A0108,M0014,62.86,AUD,2024-05-20T22:25:37.018837,wire,completed,Lagos,NG,False,
T00910,A0006,M0019,12.88,AUD,2024-04-19T03:26:38.768485,wire,completed,New York,US,False,
T00911,A0101,M0013,12.19,AUD,2024-04-06T17:49:37.498090,pos,completed,Perth,AU,False,
T00912,A0085,M0019,20.38,AUD,2024-05-02T03:42:09.995419,pos,completed,New York,US,False,
T00913,A0126,M0001,125.32,AUD,2024-02-12T04:19:23.759437,wire,completed,Singapore,SG,False,
T00914,A0015,M0012,34.68,AUD,2024-06-04T14:34:07.381216,mobile,completed,Brisbane,AU,False,
T00915,A0029,M0005,38.24,AUD,2024-01-13T10:42:23.154550,pos,completed,Melbourne,AU,False,
T00916,A0053,M0010,20.48,AUD,2024-03-26T22:26:39.931716,wire,completed,Sydney,AU,False,
T00917,A0080,M0019,3.82,AUD,2024-03-24T01:42:24.350245,pos,completed,New York,US,False,
T00918,A0037,M0015,7.43,AUD,2024-05-26T04:03:57.514765,wire,completed,Lagos,NG,False,
T00919,A0146,M0029,31.99,AUD,2024-01-08T01:47:03.582748,online,completed,New York,US,False,
T00920,A0117,M0012,138.4,AUD,2024-02-23T20:07:02.178918,wire,completed,Brisbane,AU,False,
T00921,A0045,M0014,80.29,AUD,2024-06-13T20:39:32.279952,pos,completed,Lagos,NG,False,
T00922,A0025,M0013,50.79,AUD,2024-06-09T06:47:37.167729,pos,completed,Perth,AU,False,
T00923,A0138,M0010,47.83,AUD,2024-05-11T12:04:48.020811,pos,pending,Sydney,AU,False,
T00924,A0106,M0025,74.75,AUD,2024-03-22T14:51:57.282738,atm,completed,New York,US,False,
T00925,A0012,M0015,64.84,AUD,2024-03-03T04:50:56.813633,mobile,failed,Lagos,NG,False,
T00926,A0102,M0002,118.65,AUD,2024-05-15T12:14:55.193714,mobile,completed,Singapore,SG,False,
T00927,A0022,M0018,102.37,AUD,2024-03-20T05:28:17.568403,mobile,completed,Singapore,SG,False,
T00928,A0042,M0006,195.01,AUD,2024-02-02T01:54:56.906459,online,completed,Singapore,SG,False,
T00929,A0101,M0006,50.98,AUD,2024-03-05T19:31:47.579031,pos,completed,Singapore,SG,False,
T00930,A0137,M0007,29.22,AUD,2024-04-24T21:31:46.373974,wire,completed,Singapore,SG,False,
T00931,A0027,M0013,67.0,AUD,2024-04-18T06:36:14.551291,online,completed,Perth,AU,False,
T00932,A0052,M0030,260.28,AUD,2024-01-12T10:25:00.954459,online,completed,Perth,AU,False,
T00933,A0043,M0024,10.25,AUD,2024-01-20T11:46:42.785014,atm,completed,Brisbane,AU,False,
T00934,A0049,M0020,8.89,AUD,2024-06-18T22:40:57.008673,online,completed,Sydney,AU,False,
T00935,A0028,M0012,15.52,AUD,2024-04-29T02:11:08.287738,atm,completed,Brisbane,AU,False,
T00936,A0095,M0002,10.59,AUD,2024-02-24T13:51:53.194036,wire,completed,Singapore,SG,False,
T00937,A0027,M0023,79.11,AUD,2024-06-22T14:02:48.320942,wire,completed,Perth,AU,False,
T00938,A0100,M0022,13.25,AUD,2024-05-17T20:53:43.919963,atm,reversed,London,UK,False,
T00939,A0124,M0003,13.91,AUD,2024-04-15T21:24:01.282388,mobile,completed,New York,US,False,
T00940,A0060,M0017,7.89,AUD,2024-06-11T07:36:35.381290,atm,completed,London,UK,False,
T00941,A0110,M0025,18.66,AUD,2024-01-25T21:32:27.662122,mobile,completed,New York,US,False,
T00942,A0039,M0013,289.65,AUD,2024-06-20T04:53:15.016253,atm,completed,Perth,AU,False,
T00943,A0082,M0021,92.44,AUD,2024-05-27T02:24:52.518990,online,completed,Sydney,AU,False,
T00944,A0085,M0011,10.47,AUD,2024-06-13T02:24:34.771278,pos,completed,New York,US,False,
T00945,A0057,M0020,164.58,AUD,2024-02-03T05:19:17.533307,online,completed,Sydney,AU,False,
T00946,A0126,M0003,13.03,AUD,2024-04-09T08:11:30.494446,pos,completed,New York,US,False,
T00947,A0021,M0014,64.89,AUD,2024-05-10T14:57:03.018464,pos,completed,Lagos,NG,False,
T00948,A0064,M0010,14.87,AUD,2024-04-25T01:03:46.029831,atm,failed,Sydney,AU,False,
T00949,A0124,M0003,141.15,AUD,2024-03-09T08:48:17.176287,mobile,completed,New York,US,False,
T00950,A0130,M0020,249.1,AUD,2024-05-28T08:21:32.189145,mobile,completed,Sydney,AU,False,
T00951,A0098,M0014,282.49,AUD,2024-01-28T15:45:27.329607,pos,completed,Lagos,NG,False,
T00952,A0119,M0010,28.42,AUD,2024-04-19T16:34:26.937539,online,completed,Sydney,AU,False,
T00953,A0121,M0007,13.78,AUD,2024-01-03T07:45:07.483123,wire,completed,Singapore,SG,False,
T00954,A0096,M0016,23.66,AUD,2024-03-12T10:21:29.854569,atm,completed,New York,US,False,
T00955,A0079,M0021,73.34,AUD,2024-05-08T08:27:14.593603,atm,completed,Sydney,AU,False,
T00956,A0099,M0030,26.91,AUD,2024-03-27T11:14:23.369981,atm,completed,Perth,AU,False,
T00957,A0008,M0023,49.42,AUD,2024-04-19T14:00:44.643185,pos,completed,Perth,AU,False,
T00958,A0149,M0022,158.97,AUD,2024-06-14T22:56:20.809815,mobile,completed,London,UK,False,
T00959,A0021,M0017,9.97,AUD,2024-05-05T05:20:20.596741,wire,reversed,London,UK,False,
T00960,A0098,M0019,16.91,AUD,2024-06-07T15:05:01.112703,online,completed,New York,US,False,
T00961,A0009,M0019,2836.41,AUD,2024-05-27T09:00:23.494111,online,completed,New York,US,True,shared_device
T00962,A0009,M0021,262.92,AUD,2024-05-06T12:29:42.284610,online,completed,Sydney,AU,True,shared_device
T00963,A0009,M0005,7782.69,AUD,2024-01-18T12:48:22.149709,mobile,completed,Melbourne,AU,True,shared_device
T00964,A0009,M0018,1872.22,AUD,2024-05-12T16:20:07.701947,mobile,completed,Singapore,SG,True,shared_device
T00965,A0009,M0016,1983.45,AUD,2024-02-05T20:12:04.239168,online,completed,New York,US,True,shared_device
T00966,A0009,M0017,778.02,AUD,2024-02-03T14:24:41.952906,online,completed,London,UK,True,shared_device
T00967,A0009,M0017,9042.28,AUD,2024-02-16T22:37:29.010746,mobile,completed,London,UK,True,shared_device
T00968,A0009,M0027,6437.05,AUD,2024-01-20T18:20:42.085831,online,completed,New York,US,True,shared_device
T00969,A0009,M0021,829.77,AUD,2024-01-23T13:37:00.407356,online,completed,Sydney,AU,True,shared_device
T00970,A0009,M0022,7653.23,AUD,2024-03-28T19:41:03.367009,online,completed,London,UK,True,shared_device
T00971,A0009,M0005,7934.23,AUD,2024-04-30T10:09:35.917111,online,completed,Melbourne,AU,True,shared_device
T00972,A0009,M0023,3881.52,AUD,2024-05-23T07:31:14.574411,mobile,completed,Perth,AU,True,shared_device
T00973,A0009,M0022,6122.84,AUD,2024-05-17T00:01:26.958291,mobile,completed,London,UK,True,shared_device
T00974,A0009,M0019,8205.1,AUD,2024-06-29T21:35:22.803247,mobile,failed,New York,US,True,shared_device
T00975,A0027,M0019,8101.45,AUD,2024-06-07T00:38:54.117149,online,completed,New York,US,True,shared_device
T00976,A0027,M0021,8902.11,AUD,2024-05-11T06:21:23.376639,online,completed,Sydney,AU,True,shared_device
T00977,A0027,M0013,2938.78,AUD,2024-06-06T06:57:32.197437,online,completed,Perth,AU,True,shared_device
T00978,A0027,M0027,8724.56,AUD,2024-05-04T04:47:13.869432,mobile,failed,New York,US,True,shared_device
T00979,A0027,M0005,9583.96,AUD,2024-06-27T11:58:19.291307,mobile,completed,Melbourne,AU,True,shared_device
T00980,A0027,M0019,9702.06,AUD,2024-06-07T02:11:57.956510,mobile,failed,New York,US,True,shared_device
T00981,A0027,M0017,4121.62,AUD,2024-04-19T19:46:42.754377,online,completed,London,UK,True,shared_device
T00982,A0027,M0022,8599.58,AUD,2024-06-27T14:58:10.694721,online,failed,London,UK,True,shared_device
T00983,A0027,M0018,7177.03,AUD,2024-04-19T21:33:46.900490,online,completed,Singapore,SG,True,shared_device
T00984,A0027,M0013,6796.01,AUD,2024-02-24T13:03:25.332749,mobile,completed,Perth,AU,True,shared_device
T00985,A0027,M0022,4925.25,AUD,2024-06-21T20:44:33.027237,online,completed,London,UK,True,shared_device
T00986,A0071,M0013,9934.94,AUD,2024-01-20T02:09:36.998551,online,completed,Perth,AU,True,shared_device
T00987,A0071,M0019,7709.83,AUD,2024-06-12T09:06:18.597286,online,failed,New York,US,True,shared_device
T00988,A0071,M0022,6771.89,AUD,2024-06-21T05:19:58.270086,online,completed,London,UK,True,shared_device
T00989,A0071,M0022,6979.49,AUD,2024-01-17T08:52:44.332433,online,completed,London,UK,True,shared_device
T00990,A0071,M0027,3563.61,AUD,2024-01-12T16:54:48.858751,mobile,failed,New York,US,True,shared_device
T00991,A0071,M0023,4482.23,AUD,2024-06-23T21:22:52.677945,online,completed,Perth,AU,True,shared_device
T00992,A0071,M0013,1291.55,AUD,2024-02-22T16:00:06.939113,mobile,failed,Perth,AU,True,shared_device
T00993,A0073,M0013,1448.69,AUD,2024-04-13T16:24:45.566500,mobile,reversed,Perth,AU,True,shared_device
T00994,A0073,M0027,3245.83,AUD,2024-05-13T09:10:16.740685,online,completed,New York,US,True,shared_device
T00995,A0073,M0021,3777.23,AUD,2024-02-27T20:31:44.921108,online,completed,Sydney,AU,True,shared_device
T00996,A0073,M0027,1244.54,AUD,2024-04-16T22:19:51.135683,online,completed,New York,US,True,shared_device
T00997,A0073,M0022,8198.25,AUD,2024-02-27T04:23:00.678157,mobile,completed,London,UK,True,shared_device
T00998,A0073,M0022,1644.77,AUD,2024-05-03T01:50:13.653121,mobile,completed,London,UK,True,shared_device
T00999,A0073,M0005,3227.14,AUD,2024-04-18T09:32:09.812873,online,completed,Melbourne,AU,True,shared_device
T01000,A0073,M0027,8321.14,AUD,2024-03-27T13:39:36.909186,mobile,completed,New York,US,True,shared_device
T01001,A0099,M0019,7224.31,AUD,2024-01-28T15:20:18.606850,online,failed,New York,US,True,shared_device
T01002,A0099,M0005,7805.18,AUD,2024-06-16T02:11:51.797532,mobile,failed,Melbourne,AU,True,shared_device
T01003,A0099,M0018,6660.65,AUD,2024-06-27T04:11:17.416038,online,reversed,Singapore,SG,True,shared_device
T01004,A0099,M0023,4339.89,AUD,2024-03-12T00:05:18.705056,mobile,reversed,Perth,AU,True,shared_device
T01005,A0099,M0021,5372.88,AUD,2024-03-11T18:46:41.099753,mobile,completed,Sydney,AU,True,shared_device
T01006,A0099,M0017,5570.5,AUD,2024-05-06T21:36:57.835152,online,completed,London,UK,True,shared_device
T01007,A0099,M0027,730.41,AUD,2024-06-05T17:16:33.581447,mobile,completed,New York,US,True,shared_device
T01008,A0099,M0016,4530.46,AUD,2024-04-14T11:10:18.425280,mobile,completed,New York,US,True,shared_device
T01009,A0099,M0016,8082.71,AUD,2024-02-07T23:13:30.007478,online,failed,New York,US,True,shared_device
T01010,A0099,M0005,8590.18,AUD,2024-03-06T13:30:31.581014,online,failed,Melbourne,AU,True,shared_device
T01011,A0099,M0016,9830.47,AUD,2024-03-09T03:45:30.107274,online,completed,New York,US,True,shared_device
T01012,A0110,M0022,714.23,AUD,2024-02-02T12:19:30.820964,mobile,completed,London,UK,True,shared_device
T01013,A0110,M0016,4159.14,AUD,2024-04-23T11:34:07.472694,online,completed,New York,US,True,shared_device
T01014,A0110,M0021,6942.24,AUD,2024-03-29T10:35:27.177006,online,failed,Sydney,AU,True,shared_device
T01015,A0110,M0021,9913.41,AUD,2024-05-20T10:17:29.659891,online,completed,Sydney,AU,True,shared_device
T01016,A0110,M0021,6601.32,AUD,2024-02-19T19:32:18.523941,mobile,completed,Sydney,AU,True,shared_device
T01017,A0110,M0013,4994.34,AUD,2024-01-15T22:58:30.313212,online,completed,Perth,AU,True,shared_device
T01018,A0120,M0022,7504.52,AUD,2024-02-19T13:03:38.021899,online,completed,London,UK,True,shared_device
T01019,A0120,M0021,1427.32,AUD,2024-02-24T00:05:25.367893,mobile,completed,Sydney,AU,True,shared_device
T01020,A0120,M0023,8166.11,AUD,2024-02-03T11:09:41.407877,online,completed,Perth,AU,True,shared_device
T01021,A0120,M0023,5394.86,AUD,2024-05-21T19:24:48.491898,online,completed,Perth,AU,True,shared_device
T01022,A0120,M0027,8224.51,AUD,2024-04-07T13:20:12.757923,online,completed,New York,US,True,shared_device
T01023,A0120,M0017,8996.5,AUD,2024-06-23T18:55:06.433856,online,completed,London,UK,True,shared_device
T01024,A0120,M0016,4582.88,AUD,2024-01-01T23:07:38.884810,mobile,completed,New York,US,True,shared_device
T01025,A0120,M0016,6595.88,AUD,2024-04-14T02:09:07.172996,online,completed,New York,US,True,shared_device
T01026,A0120,M0005,1422.23,AUD,2024-01-16T07:32:50.152281,mobile,completed,Melbourne,AU,True,shared_device
T01027,A0120,M0023,9775.61,AUD,2024-02-01T01:26:39.459754,online,completed,Perth,AU,True,shared_device
T01028,A0120,M0005,5290.54,AUD,2024-06-20T06:21:22.649209,mobile,failed,Melbourne,AU,True,shared_device
T01029,A0120,M0022,5006.34,AUD,2024-01-26T07:31:49.157613,mobile,completed,London,UK,True,shared_device
T01030,A0120,M0019,5203.79,AUD,2024-04-19T17:12:42.292867,online,failed,New York,US,True,shared_device
T01031,A0120,M0005,2043.12,AUD,2024-02-12T21:57:50.201028,mobile,completed,Melbourne,AU,True,shared_device
T01032,A0140,M0027,5999.47,AUD,2024-04-09T22:11:41.289148,mobile,completed,New York,US,True,shared_device
T01033,A0140,M0027,5588.52,AUD,2024-03-17T09:13:59.561543,mobile,completed,New York,US,True,shared_device
T01034,A0140,M0016,1015.89,AUD,2024-03-13T09:51:28.539143,mobile,failed,New York,US,True,shared_device
T01035,A0140,M0016,891.47,AUD,2024-04-06T23:58:06.111827,mobile,reversed,New York,US,True,shared_device
T01036,A0140,M0017,5723.69,AUD,2024-05-09T07:32:56.185957,online,completed,London,UK,True,shared_device
T01037,A0140,M0016,7920.28,AUD,2024-02-27T06:16:09.532707,mobile,completed,New York,US,True,shared_device
T01038,A0140,M0027,2847.23,AUD,2024-02-14T19:07:47.810103,online,failed,New York,US,True,shared_device
T01039,A0140,M0021,6473.74,AUD,2024-01-12T22:31:38.842587,mobile,completed,Sydney,AU,True,shared_device
T01040,A0143,M0017,1159.88,AUD,2024-02-19T12:43:17.911983,online,completed,London,UK,True,shared_device
T01041,A0143,M0013,1410.33,AUD,2024-05-21T16:11:41.422038,mobile,completed,Perth,AU,True,shared_device
T01042,A0143,M0022,3619.22,AUD,2024-01-18T07:01:41.450849,mobile,completed,London,UK,True,shared_device
T01043,A0143,M0027,670.04,AUD,2024-01-18T22:20:36.117662,mobile,completed,New York,US,True,shared_device
T01044,A0143,M0021,8099.63,AUD,2024-02-02T16:50:28.577348,mobile,completed,Sydney,AU,True,shared_device
T01045,A0143,M0016,6929.25,AUD,2024-02-16T21:21:40.028978,online,failed,New York,US,True,shared_device
T01046,A0143,M0016,7407.14,AUD,2024-03-09T13:30:36.313287,online,completed,New York,US,True,shared_device
T01047,A0143,M0019,2641.29,AUD,2024-05-08T01:23:25.776257,mobile,failed,New York,US,True,shared_device
T01048,A0143,M0016,3669.21,AUD,2024-03-20T10:50:32.192559,mobile,completed,New York,US,True,shared_device
T01049,A0028,M0023,8837.6,AUD,2024-06-19T10:38:41.744612,online,completed,Perth,AU,True,ip_rotation
T01050,A0028,M0013,4183.84,AUD,2024-06-20T11:44:34.775213,mobile,completed,Perth,AU,True,ip_rotation
T01051,A0028,M0013,2552.36,AUD,2024-01-14T21:09:19.133799,online,completed,Perth,AU,True,ip_rotation
T01052,A0028,M0005,3001.34,AUD,2024-01-16T07:26:15.953938,mobile,completed,Melbourne,AU,True,ip_rotation
T01053,A0028,M0005,4355.04,AUD,2024-06-23T03:39:01.955777,online,completed,Melbourne,AU,True,ip_rotation
T01054,A0028,M0023,6832.39,AUD,2024-05-04T00:10:09.758997,online,completed,Perth,AU,True,ip_rotation
T01055,A0028,M0027,8347.69,AUD,2024-02-04T10:09:33.527229,online,failed,New York,US,True,ip_rotation
T01056,A0028,M0023,2593.42,AUD,2024-05-15T16:33:27.309087,online,failed,Perth,AU,True,ip_rotation
T01057,A0028,M0016,8842.92,AUD,2024-05-02T02:07:27.478528,online,completed,New York,US,True,ip_rotation
T01058,A0030,M0023,698.88,AUD,2024-03-04T22:41:54.318008,mobile,completed,Perth,AU,True,ip_rotation
T01059,A0030,M0019,3511.99,AUD,2024-06-24T12:30:00.667438,online,completed,New York,US,True,ip_rotation
T01060,A0030,M0013,4934.62,AUD,2024-02-22T12:02:28.421099,mobile,completed,Perth,AU,True,ip_rotation
T01061,A0030,M0027,9245.95,AUD,2024-03-12T05:53:30.092228,online,completed,New York,US,True,ip_rotation
T01062,A0030,M0027,763.47,AUD,2024-06-02T13:14:24.480070,online,failed,New York,US,True,ip_rotation
T01063,A0030,M0019,1250.21,AUD,2024-02-24T00:02:06.800715,mobile,completed,New York,US,True,ip_rotation
T01064,A0030,M0016,286.86,AUD,2024-03-13T18:35:01.596918,mobile,completed,New York,US,True,ip_rotation
T01065,A0030,M0013,9005.4,AUD,2024-04-05T18:23:43.683345,mobile,completed,Perth,AU,True,ip_rotation
T01066,A0030,M0022,7740.59,AUD,2024-01-02T06:01:08.411245,mobile,completed,London,UK,True,ip_rotation
T01067,A0030,M0021,3772.06,AUD,2024-03-08T18:00:01.176849,online,completed,Sydney,AU,True,ip_rotation
T01068,A0076,M0022,4505.7,AUD,2024-04-28T18:52:43.595103,online,completed,London,UK,True,ip_rotation
T01069,A0076,M0021,8859.05,AUD,2024-01-02T01:14:22.524833,online,completed,Sydney,AU,True,ip_rotation
T01070,A0076,M0018,4066.55,AUD,2024-01-08T06:52:24.239600,mobile,completed,Singapore,SG,True,ip_rotation
T01071,A0076,M0016,9494.08,AUD,2024-04-30T13:59:37.442633,mobile,completed,New York,US,True,ip_rotation
T01072,A0076,M0022,8038.24,AUD,2024-04-09T13:44:14.046269,online,completed,London,UK,True,ip_rotation
T01073,A0076,M0021,9250.9,AUD,2024-03-31T20:04:25.257214,mobile,completed,Sydney,AU,True,ip_rotation
T01074,A0076,M0013,1436.01,AUD,2024-05-23T11:32:42.304005,mobile,completed,Perth,AU,True,ip_rotation
T01075,A0076,M0017,8332.39,AUD,2024-01-10T10:03:39.785855,mobile,reversed,London,UK,True,ip_rotation
T01076,A0076,M0005,3036.77,AUD,2024-03-19T14:43:23.047960,mobile,completed,Melbourne,AU,True,ip_rotation
T01077,A0001,M0016,1000.0,AUD,2024-05-11T23:51:20.871878,online,completed,New York,US,True,merchant_collusion
T01078,A0001,M0013,1000.0,AUD,2024-06-05T09:56:26.173031,mobile,completed,Perth,AU,True,merchant_collusion
T01079,A0001,M0013,10000.0,AUD,2024-05-06T21:46:25.249322,online,completed,Perth,AU,True,merchant_collusion
T01080,A0001,M0027,1000.0,AUD,2024-04-23T19:58:33.440292,online,completed,New York,US,True,merchant_collusion
T01081,A0001,M0021,1000.0,AUD,2024-01-07T22:39:49.603123,online,completed,Sydney,AU,True,merchant_collusion
T01082,A0001,M0027,500.0,AUD,2024-02-06T03:15:04.806814,mobile,completed,New York,US,True,merchant_collusion
T01083,A0001,M0018,1000.0,AUD,2024-05-06T17:29:24.340114,online,completed,Singapore,SG,True,merchant_collusion
T01084,A0001,M0022,5000.0,AUD,2024-01-12T02:30:11.516945,online,completed,London,UK,True,merchant_collusion
T01085,A0001,M0018,2000.0,AUD,2024-03-06T19:22:29.202706,mobile,completed,Singapore,SG,True,merchant_collusion
T01086,A0001,M0005,500.0,AUD,2024-02-02T21:31:44.597612,online,failed,Melbourne,AU,True,merchant_collusion
T01087,A0001,M0019,5000.0,AUD,2024-02-08T08:49:49.733919,mobile,completed,New York,US,True,merchant_collusion
T01088,A0019,M0018,2000.0,AUD,2024-06-20T15:32:15.500214,mobile,completed,Singapore,SG,True,merchant_collusion
T01089,A0019,M0013,10000.0,AUD,2024-05-01T01:54:29.214625,online,completed,Perth,AU,True,merchant_collusion
T01090,A0019,M0019,10000.0,AUD,2024-05-14T11:17:48.101097,mobile,completed,New York,US,True,merchant_collusion
T01091,A0019,M0018,5000.0,AUD,2024-02-08T00:23:04.788313,online,completed,Singapore,SG,True,merchant_collusion
T01092,A0019,M0016,10000.0,AUD,2024-04-23T22:48:09.653898,online,completed,New York,US,True,merchant_collusion
T01093,A0019,M0017,5000.0,AUD,2024-02-04T22:04:37.530877,online,completed,London,UK,True,merchant_collusion
T01094,A0043,M0018,1000.0,AUD,2024-05-11T06:55:23.748026,online,completed,Singapore,SG,True,merchant_collusion
T01095,A0043,M0017,2000.0,AUD,2024-03-16T16:42:55.289709,mobile,completed,London,UK,True,merchant_collusion
T01096,A0043,M0022,500.0,AUD,2024-04-24T00:07:55.161590,mobile,completed,London,UK,True,merchant_collusion
T01097,A0043,M0021,10000.0,AUD,2024-04-04T19:13:31.577807,online,completed,Sydney,AU,True,merchant_collusion
T01098,A0043,M0018,1000.0,AUD,2024-05-06T02:29:30.671513,mobile,completed,Singapore,SG,True,merchant_collusion
T01099,A0043,M0027,1000.0,AUD,2024-01-12T00:05:11.363129,mobile,completed,New York,US,True,merchant_collusion
T01100,A0043,M0023,500.0,AUD,2024-06-06T12:23:27.051192,online,completed,Perth,AU,True,merchant_collusion
T01101,A0043,M0023,5000.0,AUD,2024-03-10T12:44:57.925781,mobile,failed,Perth,AU,True,merchant_collusion
T01102,A0043,M0017,1000.0,AUD,2024-02-03T07:35:03.056993,online,completed,London,UK,True,merchant_collusion
T01103,A0043,M0005,10000.0,AUD,2024-06-08T03:02:57.816348,mobile,completed,Melbourne,AU,True,merchant_collusion
T01104,A0043,M0023,1000.0,AUD,2024-02-16T20:22:39.284038,mobile,failed,Perth,AU,True,merchant_collusion
T01105,A0043,M0023,1000.0,AUD,2024-01-22T13:23:06.543684,online,completed,Perth,AU,True,merchant_collusion
T01106,A0043,M0018,1000.0,AUD,2024-01-08T01:48:35.618343,mobile,completed,Singapore,SG,True,merchant_collusion
T01107,A0077,M0005,1000.0,AUD,2024-04-26T06:38:33.402948,online,completed,Melbourne,AU,True,merchant_collusion
T01108,A0077,M0005,10000.0,AUD,2024-04-27T09:42:57.794195,mobile,completed,Melbourne,AU,True,merchant_collusion
T01109,A0077,M0023,1000.0,AUD,2024-02-17T18:58:54.685440,mobile,completed,Perth,AU,True,merchant_collusion
T01110,A0077,M0018,500.0,AUD,2024-02-28T18:12:54.181008,online,completed,Singapore,SG,True,merchant_collusion
T01111,A0077,M0017,2000.0,AUD,2024-05-12T05:11:26.468078,online,completed,London,UK,True,merchant_collusion
T01112,A0077,M0005,10000.0,AUD,2024-04-07T06:24:59.363406,online,failed,Melbourne,AU,True,merchant_collusion
T01113,A0077,M0021,2000.0,AUD,2024-06-20T03:55:51.551705,online,completed,Sydney,AU,True,merchant_collusion
T01114,A0077,M0017,1000.0,AUD,2024-02-28T16:35:54.980912,mobile,completed,London,UK,True,merchant_collusion
T01115,A0077,M0017,5000.0,AUD,2024-05-12T02:18:10.491637,mobile,completed,London,UK,True,merchant_collusion
T01116,A0121,M0016,1000.0,AUD,2024-03-24T03:35:26.337605,online,completed,New York,US,True,merchant_collusion
T01117,A0121,M0016,500.0,AUD,2024-04-27T05:01:09.106611,mobile,completed,New York,US,True,merchant_collusion
T01118,A0121,M0016,10000.0,AUD,2024-05-27T23:12:59.504238,online,completed,New York,US,True,merchant_collusion
T01119,A0121,M0013,5000.0,AUD,2024-03-18T04:15:36.047424,mobile,completed,Perth,AU,True,merchant_collusion
T01120,A0121,M0023,500.0,AUD,2024-01-25T20:23:36.192119,online,completed,Perth,AU,True,merchant_collusion
T01121,A0121,M0005,500.0,AUD,2024-01-20T21:59:39.398237,online,completed,Melbourne,AU,True,merchant_collusion
T01122,A0121,M0013,10000.0,AUD,2024-02-18T10:41:59.040038,online,completed,Perth,AU,True,merchant_collusion
T01123,A0121,M0005,500.0,AUD,2024-06-22T07:53:28.500453,mobile,completed,Melbourne,AU,True,merchant_collusion
T01124,A0121,M0013,5000.0,AUD,2024-02-06T14:53:06.769138,mobile,completed,Perth,AU,True,merchant_collusion
T01125,A0121,M0018,1000.0,AUD,2024-03-01T01:08:58.029895,online,completed,Singapore,SG,True,merchant_collusion
T01126,A0121,M0018,500.0,AUD,2024-04-23T13:47:54.763766,online,completed,Singapore,SG,True,merchant_collusion
T01127,A0121,M0013,500.0,AUD,2024-04-08T13:55:31.023816,mobile,completed,Perth,AU,True,merchant_collusion
T01128,A0126,M0021,2000.0,AUD,2024-03-10T18:06:14.378448,mobile,completed,Sydney,AU,True,merchant_collusion
T01129,A0126,M0021,500.0,AUD,2024-05-04T07:18:45.923138,mobile,completed,Sydney,AU,True,merchant_collusion
T01130,A0126,M0013,2000.0,AUD,2024-02-10T15:19:31.996002,mobile,completed,Perth,AU,True,merchant_collusion
T01131,A0126,M0019,500.0,AUD,2024-01-22T10:06:59.816297,online,failed,New York,US,True,merchant_collusion
T01132,A0126,M0016,2000.0,AUD,2024-03-18T13:57:42.431871,online,failed,New York,US,True,merchant_collusion
T01133,A0126,M0016,2000.0,AUD,2024-06-10T15:42:09.525303,mobile,completed,New York,US,True,merchant_collusion
T01134,A0126,M0013,5000.0,AUD,2024-02-19T01:37:45.126482,mobile,completed,Perth,AU,True,merchant_collusion
T01135,A0126,M0013,1000.0,AUD,2024-05-22T18:47:27.646848,online,completed,Perth,AU,True,merchant_collusion
T01136,A0017,M0022,227.9,AUD,2024-03-21T20:53:41.229792,mobile,reversed,London,UK,True,velocity_abuse
T01137,A0017,M0018,271.85,AUD,2024-03-21T20:31:41.229792,online,completed,Singapore,SG,True,velocity_abuse
T01138,A0017,M0021,706.7,AUD,2024-03-21T20:38:41.229792,mobile,completed,Sydney,AU,True,velocity_abuse
T01139,A0017,M0021,1607.65,AUD,2024-03-21T20:46:41.229792,mobile,completed,Sydney,AU,True,velocity_abuse
T01140,A0017,M0017,895.45,AUD,2024-03-21T20:39:41.229792,mobile,completed,London,UK,True,velocity_abuse
T01141,A0017,M0022,1118.8,AUD,2024-03-21T20:44:41.229792,online,completed,London,UK,True,velocity_abuse
T01142,A0017,M0027,901.5,AUD,2024-03-21T20:49:41.229792,online,failed,New York,US,True,velocity_abuse
T01143,A0017,M0017,105.45,AUD,2024-03-21T20:38:41.229792,online,completed,London,UK,True,velocity_abuse
T01144,A0017,M0022,1849.72,AUD,2024-03-21T20:31:41.229792,online,completed,London,UK,True,velocity_abuse
T01145,A0017,M0019,1713.73,AUD,2024-03-21T20:54:41.229792,online,completed,New York,US,True,velocity_abuse
T01146,A0017,M0016,1721.29,AUD,2024-03-21T20:53:41.229792,mobile,completed,New York,US,True,velocity_abuse
T01147,A0033,M0016,1927.9,AUD,2024-01-11T02:44:49.629225,online,completed,New York,US,True,velocity_abuse
T01148,A0033,M0005,1933.34,AUD,2024-01-11T03:03:49.629225,mobile,completed,Melbourne,AU,True,velocity_abuse
T01149,A0033,M0013,1205.05,AUD,2024-01-11T03:02:49.629225,mobile,completed,Perth,AU,True,velocity_abuse
T01150,A0033,M0016,379.08,AUD,2024-01-11T02:41:49.629225,online,completed,New York,US,True,velocity_abuse
T01151,A0033,M0013,1181.45,AUD,2024-01-11T02:41:49.629225,mobile,completed,Perth,AU,True,velocity_abuse
T01152,A0033,M0016,1512.76,AUD,2024-01-11T02:56:49.629225,mobile,completed,New York,US,True,velocity_abuse
T01153,A0033,M0019,1584.65,AUD,2024-01-11T02:55:49.629225,online,completed,New York,US,True,velocity_abuse
T01154,A0033,M0016,1774.2,AUD,2024-01-11T02:42:49.629225,online,failed,New York,US,True,velocity_abuse
T01155,A0036,M0005,1682.09,AUD,2024-04-01T02:31:55.139838,mobile,completed,Melbourne,AU,True,velocity_abuse
T01156,A0036,M0018,1186.92,AUD,2024-04-01T02:48:55.139838,mobile,failed,Singapore,SG,True,velocity_abuse
T01157,A0036,M0021,397.92,AUD,2024-04-01T02:48:55.139838,online,completed,Sydney,AU,True,velocity_abuse
T01158,A0036,M0016,502.54,AUD,2024-04-01T02:42:55.139838,online,completed,New York,US,True,velocity_abuse
T01159,A0036,M0016,1517.39,AUD,2024-04-01T02:45:55.139838,online,completed,New York,US,True,velocity_abuse
T01160,A0036,M0022,695.06,AUD,2024-04-01T02:34:55.139838,mobile,completed,London,UK,True,velocity_abuse
T01161,A0036,M0016,1626.34,AUD,2024-04-01T02:20:55.139838,mobile,completed,New York,US,True,velocity_abuse
T01162,A0070,M0019,1579.71,AUD,2024-01-19T21:50:49.924117,mobile,completed,New York,US,True,velocity_abuse
T01163,A0070,M0018,1128.98,AUD,2024-01-19T21:36:49.924117,online,completed,Singapore,SG,True,velocity_abuse
T01164,A0070,M0005,1828.41,AUD,2024-01-19T21:55:49.924117,online,completed,Melbourne,AU,True,velocity_abuse
T01165,A0070,M0005,611.42,AUD,2024-01-19T21:38:49.924117,online,completed,Melbourne,AU,True,velocity_abuse
T01166,A0070,M0022,191.29,AUD,2024-01-19T21:32:49.924117,online,completed,London,UK,True,velocity_abuse
T01167,A0070,M0005,1528.19,AUD,2024-01-19T21:42:49.924117,mobile,completed,Melbourne,AU,True,velocity_abuse
T01168,A0091,M0019,1435.05,AUD,2024-05-16T02:05:10.166456,online,completed,New York,US,True,velocity_abuse
T01169,A0091,M0023,1054.14,AUD,2024-05-16T02:04:10.166456,online,completed,Perth,AU,True,velocity_abuse
T01170,A0091,M0021,1214.08,AUD,2024-05-16T02:16:10.166456,online,completed,Sydney,AU,True,velocity_abuse
T01171,A0091,M0016,979.9,AUD,2024-05-16T02:22:10.166456,online,reversed,New York,US,True,velocity_abuse
T01172,A0091,M0017,509.73,AUD,2024-05-16T02:29:10.166456,online,completed,London,UK,True,velocity_abuse
T01173,A0091,M0016,1080.97,AUD,2024-05-16T02:17:10.166456,mobile,completed,New York,US,True,velocity_abuse
T01174,A0091,M0016,652.6,AUD,2024-05-16T02:11:10.166456,mobile,completed,New York,US,True,velocity_abuse
T01175,A0091,M0021,496.76,AUD,2024-05-16T02:08:10.166456,online,reversed,Sydney,AU,True,velocity_abuse
T01176,A0091,M0027,1989.37,AUD,2024-05-16T02:21:10.166456,online,completed,New York,US,True,velocity_abuse
T01177,A0091,M0016,1753.87,AUD,2024-05-16T02:25:10.166456,online,completed,New York,US,True,velocity_abuse
T01178,A0109,M0018,229.51,AUD,2024-02-26T18:53:38.520947,mobile,completed,Singapore,SG,True,velocity_abuse
T01179,A0109,M0013,1450.24,AUD,2024-02-26T18:53:38.520947,mobile,completed,Perth,AU,True,velocity_abuse
T01180,A0109,M0022,1549.98,AUD,2024-02-26T18:56:38.520947,mobile,failed,London,UK,True,velocity_abuse
T01181,A0109,M0016,1946.19,AUD,2024-02-26T18:51:38.520947,mobile,completed,New York,US,True,velocity_abuse
T01182,A0109,M0018,877.16,AUD,2024-02-26T19:00:38.520947,online,completed,Singapore,SG,True,velocity_abuse
T01183,A0109,M0023,1286.8,AUD,2024-02-26T19:15:38.520947,mobile,completed,Perth,AU,True,velocity_abuse
T01184,A0109,M0021,955.18,AUD,2024-02-26T19:04:38.520947,online,failed,Sydney,AU,True,velocity_abuse
T01185,A0109,M0005,1602.12,AUD,2024-02-26T19:11:38.520947,online,completed,Melbourne,AU,True,velocity_abuse
T01186,A0109,M0013,814.06,AUD,2024-02-26T18:57:38.520947,mobile,completed,Perth,AU,True,velocity_abuse
T01187,A0109,M0017,1760.9,AUD,2024-02-26T19:00:38.520947,online,completed,London,UK,True,velocity_abuse
T01188,A0109,M0022,1116.72,AUD,2024-02-26T19:08:38.520947,mobile,completed,London,UK,True,velocity_abuse
T01189,A0109,M0016,305.86,AUD,2024-02-26T19:11:38.520947,mobile,completed,New York,US,True,velocity_abuse
T01190,A0004,M0013,20409.06,AUD,2024-03-14T13:12:17.729680,mobile,completed,Perth,AU,True,identity_layering
T01191,A0004,M0022,17526.88,AUD,2024-03-14T00:12:17.729680,online,completed,London,UK,True,identity_layering
T01192,A0004,M0022,33809.74,AUD,2024-03-14T02:12:17.729680,mobile,completed,London,UK,True,identity_layering
T01193,A0004,M0027,7808.01,AUD,2024-03-14T17:12:17.729680,mobile,completed,New York,US,True,identity_layering
T01194,A0004,M0022,7433.49,AUD,2024-03-14T06:12:17.729680,online,reversed,London,UK,True,identity_layering
T01195,A0004,M0021,16343.21,AUD,2024-03-14T10:12:17.729680,online,completed,Sydney,AU,True,identity_layering
T01196,A0004,M0013,23228.08,AUD,2024-03-14T10:12:17.729680,mobile,completed,Perth,AU,True,identity_layering
T01197,A0004,M0022,28615.01,AUD,2024-03-14T19:12:17.729680,mobile,completed,London,UK,True,identity_layering
T01198,A0015,M0021,48351.46,AUD,2024-01-18T15:33:53.400885,mobile,completed,Sydney,AU,True,identity_layering
T01199,A0015,M0019,26673.14,AUD,2024-01-18T20:33:53.400885,online,reversed,New York,US,True,identity_layering
T01200,A0015,M0021,46066.9,AUD,2024-01-18T16:33:53.400885,mobile,completed,Sydney,AU,True,identity_layering
T01201,A0015,M0023,13935.2,AUD,2024-01-19T08:33:53.400885,online,completed,Perth,AU,True,identity_layering
T01202,A0015,M0019,11772.78,AUD,2024-01-17T18:33:53.400885,mobile,completed,New York,US,True,identity_layering
T01203,A0023,M0013,23287.4,AUD,2024-06-07T06:31:30.209944,online,reversed,Perth,AU,True,identity_layering
T01204,A0023,M0016,25219.79,AUD,2024-06-07T03:31:30.209944,online,completed,New York,US,True,identity_layering
T01205,A0023,M0017,36340.07,AUD,2024-06-06T13:31:30.209944,online,failed,London,UK,True,identity_layering
T01206,A0023,M0017,14439.34,AUD,2024-06-06T09:31:30.209944,online,reversed,London,UK,True,identity_layering
T01207,A0023,M0027,21661.54,AUD,2024-06-05T11:31:30.209944,mobile,completed,New York,US,True,identity_layering
T01208,A0023,M0018,41857.32,AUD,2024-06-06T19:31:30.209944,online,failed,Singapore,SG,True,identity_layering
T01209,A0023,M0022,23467.41,AUD,2024-06-06T13:31:30.209944,mobile,completed,London,UK,True,identity_layering
T01210,A0023,M0021,48833.16,AUD,2024-06-06T20:31:30.209944,mobile,completed,Sydney,AU,True,identity_layering
T01211,A0023,M0016,24277.26,AUD,2024-06-06T16:31:30.209944,online,completed,New York,US,True,identity_layering
T01212,A0023,M0016,24614.43,AUD,2024-06-06T21:31:30.209944,mobile,completed,New York,US,True,identity_layering
T01213,A0023,M0021,17746.18,AUD,2024-06-07T03:31:30.209944,online,reversed,Sydney,AU,True,identity_layering
T01214,A0023,M0013,34233.11,AUD,2024-06-05T16:31:30.209944,mobile,completed,Perth,AU,True,identity_layering
T01215,A0086,M0013,24984.65,AUD,2024-06-18T12:52:56.575497,online,failed,Perth,AU,True,identity_layering
T01216,A0086,M0021,15029.57,AUD,2024-06-17T09:52:56.575497,mobile,completed,Sydney,AU,True,identity_layering
T01217,A0086,M0013,43535.42,AUD,2024-06-17T08:52:56.575497,online,completed,Perth,AU,True,identity_layering
T01218,A0086,M0022,45859.71,AUD,2024-06-17T22:52:56.575497,mobile,completed,London,UK,True,identity_layering
T01219,A0086,M0019,27840.24,AUD,2024-06-17T10:52:56.575497,mobile,completed,New York,US,True,identity_layering
T01220,A0086,M0018,42731.79,AUD,2024-06-17T15:52:56.575497,mobile,failed,Singapore,SG,True,identity_layering
T01221,A0086,M0005,6470.36,AUD,2024-06-17T22:52:56.575497,online,completed,Melbourne,AU,True,identity_layering
T01222,A0086,M0019,41901.55,AUD,2024-06-18T05:52:56.575497,mobile,completed,New York,US,True,identity_layering
T01223,A0086,M0027,15882.4,AUD,2024-06-17T23:52:56.575497,mobile,completed,New York,US,True,identity_layering
T01224,A0086,M0021,41059.92,AUD,2024-06-16T23:52:56.575497,mobile,completed,Sydney,AU,True,identity_layering
T01225,A0086,M0021,12817.28,AUD,2024-06-18T18:52:56.575497,mobile,completed,Sydney,AU,True,identity_layering
T01226,A0086,M0021,9481.01,AUD,2024-06-17T10:52:56.575497,online,completed,Sydney,AU,True,identity_layering
T01227,A0086,M0027,42936.38,AUD,2024-06-17T21:52:56.575497,mobile,completed,New York,US,True,identity_layering
T01228,A0086,M0016,14169.32,AUD,2024-06-17T16:52:56.575497,online,completed,New York,US,True,identity_layering
T01229,A0105,M0027,6251.83,AUD,2024-04-24T05:54:57.903041,online,completed,New York,US,True,identity_layering
T01230,A0105,M0005,38037.61,AUD,2024-04-25T19:54:57.903041,mobile,failed,Melbourne,AU,True,identity_layering
T01231,A0105,M0019,15787.48,AUD,2024-04-24T07:54:57.903041,online,completed,New York,US,True,identity_layering
T01232,A0105,M0023,37684.07,AUD,2024-04-24T11:54:57.903041,mobile,completed,Perth,AU,True,identity_layering
T01233,A0105,M0005,8733.35,AUD,2024-04-24T13:54:57.903041,online,failed,Melbourne,AU,True,identity_layering
T01234,A0111,M0013,25660.75,AUD,2024-06-27T13:57:42.535842,online,completed,Perth,AU,True,identity_layering
T01235,A0111,M0018,45257.22,AUD,2024-06-27T22:57:42.535842,online,completed,Singapore,SG,True,identity_layering
T01236,A0111,M0019,22586.01,AUD,2024-06-27T19:57:42.535842,mobile,completed,New York,US,True,identity_layering
T01237,A0111,M0021,26893.28,AUD,2024-06-27T10:57:42.535842,online,completed,Sydney,AU,True,identity_layering
T01238,A0111,M0021,45037.11,AUD,2024-06-28T06:57:42.535842,mobile,completed,Sydney,AU,True,identity_layering
T01239,A0111,M0016,5456.31,AUD,2024-06-28T01:57:42.535842,online,failed,New York,US,True,identity_layering
T01240,A0111,M0027,10274.32,AUD,2024-06-27T08:57:42.535842,mobile,reversed,New York,US,True,identity_layering
T01241,A0111,M0022,31999.68,AUD,2024-06-28T21:57:42.535842,online,completed,London,UK,True,identity_layering
T01242,A0111,M0018,13678.04,AUD,2024-06-27T13:57:42.535842,online,completed,Singapore,SG,True,identity_layering
T01243,A0111,M0023,39243.24,AUD,2024-06-28T14:57:42.535842,online,completed,Perth,AU,True,identity_layering
T01244,A0111,M0013,6327.39,AUD,2024-06-27T19:57:42.535842,online,completed,Perth,AU,True,identity_layering
T01245,A0111,M0016,17314.99,AUD,2024-06-27T23:57:42.535842,online,reversed,New York,US,True,identity_layering
T01246,A0111,M0019,29817.37,AUD,2024-06-29T03:57:42.535842,mobile,completed,New York,US,True,identity_layering
T01247,A0111,M0022,28069.54,AUD,2024-06-28T09:57:42.535842,mobile,completed,London,UK,True,identity_layering
T01248,A0111,M0018,13904.44,AUD,2024-06-27T17:57:42.535842,mobile,reversed,Singapore,SG,True,identity_layering
T01249,A0020,M0026,479.19,AUD,2024-02-26T09:44:32.889823,online,completed,Singapore,SG,True,velocity_burst
T01250,A0020,M0026,245.06,AUD,2024-02-26T10:02:32.889823,online,completed,Singapore,SG,True,velocity_burst
T01251,A0020,M0026,240.68,AUD,2024-02-26T09:59:32.889823,online,completed,Singapore,SG,True,velocity_burst
T01252,A0020,M0026,172.25,AUD,2024-02-26T10:18:32.889823,online,completed,Singapore,SG,True,velocity_burst
T01253,A0020,M0026,330.31,AUD,2024-02-26T09:51:32.889823,online,completed,Singapore,SG,True,velocity_burst
T01254,A0020,M0026,222.37,AUD,2024-02-26T10:09:32.889823,online,completed,Singapore,SG,True,velocity_burst
T01255,A0020,M0026,305.21,AUD,2024-02-26T09:43:32.889823,online,completed,Singapore,SG,True,velocity_burst
T01256,A0020,M0026,454.05,AUD,2024-02-26T09:54:32.889823,online,completed,Singapore,SG,True,velocity_burst
T01257,A0020,M0026,78.92,AUD,2024-02-26T10:23:32.889823,online,completed,Singapore,SG,True,velocity_burst
T01258,A0020,M0026,450.25,AUD,2024-02-26T09:41:32.889823,online,completed,Singapore,SG,True,velocity_burst
T01259,A0020,M0026,163.88,AUD,2024-02-26T10:03:32.889823,online,completed,Singapore,SG,True,velocity_burst
T01260,A0020,M0026,182.06,AUD,2024-02-26T09:57:32.889823,online,completed,Singapore,SG,True,velocity_burst
T01261,A0020,M0026,444.76,AUD,2024-02-26T10:23:32.889823,online,completed,Singapore,SG,True,velocity_burst
T01262,A0020,M0026,208.51,AUD,2024-02-26T10:04:32.889823,online,completed,Singapore,SG,True,velocity_burst
T01263,A0020,M0026,101.59,AUD,2024-02-26T09:32:32.889823,online,completed,Singapore,SG,True,velocity_burst
T01264,A0095,M0014,133.66,AUD,2024-05-26T11:18:18.437022,online,completed,Lagos,NG,True,velocity_burst
T01265,A0095,M0014,82.69,AUD,2024-05-26T10:43:18.437022,online,completed,Lagos,NG,True,velocity_burst
T01266,A0095,M0014,217.25,AUD,2024-05-26T11:10:18.437022,online,completed,Lagos,NG,True,velocity_burst
T01267,A0095,M0014,400.78,AUD,2024-05-26T10:37:18.437022,online,completed,Lagos,NG,True,velocity_burst
T01268,A0095,M0014,54.33,AUD,2024-05-26T10:35:18.437022,online,completed,Lagos,NG,True,velocity_burst
T01269,A0095,M0014,54.91,AUD,2024-05-26T11:12:18.437022,online,completed,Lagos,NG,True,velocity_burst
T01270,A0095,M0014,146.2,AUD,2024-05-26T10:49:18.437022,online,completed,Lagos,NG,True,velocity_burst
T01271,A0095,M0014,407.86,AUD,2024-05-26T11:04:18.437022,online,completed,Lagos,NG,True,velocity_burst
T01272,A0095,M0014,154.69,AUD,2024-05-26T11:25:18.437022,online,completed,Lagos,NG,True,velocity_burst
T01273,A0095,M0014,223.52,AUD,2024-05-26T10:32:18.437022,online,completed,Lagos,NG,True,velocity_burst
T01274,A0095,M0014,145.48,AUD,2024-05-26T11:06:18.437022,online,completed,Lagos,NG,True,velocity_burst
T01275,A0095,M0014,96.31,AUD,2024-05-26T10:41:18.437022,online,completed,Lagos,NG,True,velocity_burst
T01276,A0095,M0014,372.32,AUD,2024-05-26T10:45:18.437022,online,completed,Lagos,NG,True,velocity_burst
T01277,A0095,M0014,413.34,AUD,2024-05-26T11:24:18.437022,online,completed,Lagos,NG,True,velocity_burst
T01278,A0095,M0014,83.67,AUD,2024-05-26T11:10:18.437022,online,completed,Lagos,NG,True,velocity_burst
T01279,A0130,M0014,390.29,AUD,2024-06-10T14:26:57.012060,online,completed,Lagos,NG,True,velocity_burst
T01280,A0130,M0014,416.03,AUD,2024-06-10T14:03:57.012060,online,completed,Lagos,NG,True,velocity_burst
T01281,A0130,M0014,138.71,AUD,2024-06-10T13:55:57.012060,online,completed,Lagos,NG,True,velocity_burst
T01282,A0130,M0014,272.27,AUD,2024-06-10T14:34:57.012060,online,completed,Lagos,NG,True,velocity_burst
T01283,A0130,M0014,495.62,AUD,2024-06-10T13:45:57.012060,online,completed,Lagos,NG,True,velocity_burst
T01284,A0130,M0014,103.67,AUD,2024-06-10T14:09:57.012060,online,completed,Lagos,NG,True,velocity_burst
T01285,A0130,M0014,127.01,AUD,2024-06-10T14:11:57.012060,online,completed,Lagos,NG,True,velocity_burst
T01286,A0130,M0014,316.03,AUD,2024-06-10T14:03:57.012060,online,completed,Lagos,NG,True,velocity_burst
T01287,A0130,M0014,309.39,AUD,2024-06-10T13:58:57.012060,online,completed,Lagos,NG,True,velocity_burst
T01288,A0130,M0014,58.03,AUD,2024-06-10T14:01:57.012060,online,completed,Lagos,NG,True,velocity_burst
T01289,A0130,M0014,435.25,AUD,2024-06-10T14:33:57.012060,online,completed,Lagos,NG,True,velocity_burst
T01290,A0130,M0014,460.24,AUD,2024-06-10T13:43:57.012060,online,completed,Lagos,NG,True,velocity_burst
T01291,A0130,M0014,108.98,AUD,2024-06-10T14:01:57.012060,online,completed,Lagos,NG,True,velocity_burst
T01292,A0130,M0014,66.65,AUD,2024-06-10T14:08:57.012060,online,completed,Lagos,NG,True,velocity_burst
T01293,A0130,M0014,463.12,AUD,2024-06-10T14:17:57.012060,online,completed,Lagos,NG,True,velocity_burst
T01294,A0127,M0021,81.25,AUD,2024-01-08T01:57:18.031798,online,completed,Sydney,AU,True,velocity_burst
T01295,A0127,M0021,423.43,AUD,2024-01-08T02:02:18.031798,online,completed,Sydney,AU,True,velocity_burst
T01296,A0127,M0021,375.46,AUD,2024-01-08T02:22:18.031798,online,completed,Sydney,AU,True,velocity_burst
T01297,A0127,M0021,192.74,AUD,2024-01-08T02:13:18.031798,online,completed,Sydney,AU,True,velocity_burst
T01298,A0127,M0021,230.15,AUD,2024-01-08T02:18:18.031798,online,completed,Sydney,AU,True,velocity_burst
T01299,A0127,M0021,398.58,AUD,2024-01-08T02:31:18.031798,online,completed,Sydney,AU,True,velocity_burst
T01300,A0127,M0021,325.54,AUD,2024-01-08T02:27:18.031798,online,completed,Sydney,AU,True,velocity_burst
T01301,A0127,M0021,184.3,AUD,2024-01-08T02:21:18.031798,online,completed,Sydney,AU,True,velocity_burst
T01302,A0127,M0021,272.0,AUD,2024-01-08T02:25:18.031798,online,completed,Sydney,AU,True,velocity_burst
T01303,A0127,M0021,485.22,AUD,2024-01-08T02:37:18.031798,online,completed,Sydney,AU,True,velocity_burst
T01304,A0127,M0021,429.38,AUD,2024-01-08T02:03:18.031798,online,completed,Sydney,AU,True,velocity_burst
T01305,A0127,M0021,96.23,AUD,2024-01-08T02:35:18.031798,online,completed,Sydney,AU,True,velocity_burst
T01306,A0127,M0021,71.53,AUD,2024-01-08T02:10:18.031798,online,completed,Sydney,AU,True,velocity_burst
T01307,A0127,M0021,112.43,AUD,2024-01-08T01:56:18.031798,online,completed,Sydney,AU,True,velocity_burst
T01308,A0127,M0021,437.62,AUD,2024-01-08T02:16:18.031798,online,completed,Sydney,AU,True,velocity_burst
T01309,A0096,M0008,89.61,AUD,2024-05-11T02:19:23.740377,online,completed,Melbourne,AU,True,velocity_burst
T01310,A0096,M0008,456.02,AUD,2024-05-11T02:55:23.740377,online,completed,Melbourne,AU,True,velocity_burst
T01311,A0096,M0008,417.27,AUD,2024-05-11T02:32:23.740377,online,completed,Melbourne,AU,True,velocity_burst
T01312,A0096,M0008,495.3,AUD,2024-05-11T02:43:23.740377,online,completed,Melbourne,AU,True,velocity_burst
T01313,A0096,M0008,359.71,AUD,2024-05-11T03:08:23.740377,online,completed,Melbourne,AU,True,velocity_burst
T01314,A0096,M0008,166.86,AUD,2024-05-11T02:12:23.740377,online,completed,Melbourne,AU,True,velocity_burst
T01315,A0096,M0008,69.38,AUD,2024-05-11T02:59:23.740377,online,completed,Melbourne,AU,True,velocity_burst
T01316,A0096,M0008,476.22,AUD,2024-05-11T02:12:23.740377,online,completed,Melbourne,AU,True,velocity_burst
T01317,A0096,M0008,168.68,AUD,2024-05-11T02:13:23.740377,online,completed,Melbourne,AU,True,velocity_burst
T01318,A0096,M0008,325.74,AUD,2024-05-11T02:53:23.740377,online,completed,Melbourne,AU,True,velocity_burst
T01319,A0096,M0008,220.8,AUD,2024-05-11T03:00:23.740377,online,completed,Melbourne,AU,True,velocity_burst
T01320,A0096,M0008,126.65,AUD,2024-05-11T02:53:23.740377,online,completed,Melbourne,AU,True,velocity_burst
T01321,A0096,M0008,312.55,AUD,2024-05-11T02:17:23.740377,online,completed,Melbourne,AU,True,velocity_burst
T01322,A0096,M0008,106.83,AUD,2024-05-11T02:16:23.740377,online,completed,Melbourne,AU,True,velocity_burst
T01323,A0096,M0008,116.6,AUD,2024-05-11T03:04:23.740377,online,completed,Melbourne,AU,True,velocity_burst
T01324,A0098,M0017,1630.01,AUD,2024-04-25T04:07:00,mobile,completed,London,UK,True,off_hours
T01325,A0098,M0025,2219.51,AUD,2024-04-29T03:20:00,online,completed,New York,US,True,off_hours
T01326,A0098,M0003,1123.73,AUD,2024-01-17T03:45:00,online,completed,New York,US,True,off_hours
T01327,A0098,M0007,2115.4,AUD,2024-04-29T04:54:00,online,completed,Singapore,SG,True,off_hours
T01328,A0098,M0001,2044.45,AUD,2024-06-24T02:13:00,mobile,completed,Singapore,SG,True,off_hours
T01329,A0098,M0004,1087.31,AUD,2024-05-28T02:31:00,mobile,completed,Sydney,AU,True,off_hours
T01330,A0149,M0028,1563.08,AUD,2024-05-08T04:09:00,online,completed,Brisbane,AU,True,off_hours
T01331,A0149,M0015,2616.79,AUD,2024-02-09T03:24:00,online,completed,Lagos,NG,True,off_hours
T01332,A0149,M0009,1326.97,AUD,2024-05-21T02:04:00,mobile,completed,Singapore,SG,True,off_hours
T01333,A0149,M0004,527.14,AUD,2024-06-21T04:41:00,online,completed,Sydney,AU,True,off_hours
T01334,A0149,M0029,1436.46,AUD,2024-05-14T02:01:00,mobile,completed,New York,US,True,off_hours
T01335,A0144,M0012,870.18,AUD,2024-03-27T04:28:00,online,completed,Brisbane,AU,True,off_hours
T01336,A0144,M0013,1556.35,AUD,2024-03-05T02:09:00,mobile,completed,Perth,AU,True,off_hours
T01337,A0144,M0004,242.49,AUD,2024-01-10T03:23:00,mobile,completed,Sydney,AU,True,off_hours
T01338,A0150,M0007,1267.81,AUD,2024-06-16T02:18:00,mobile,completed,Singapore,SG,True,off_hours
T01339,A0150,M0014,416.64,AUD,2024-04-05T03:33:00,online,completed,Lagos,NG,True,off_hours
T01340,A0150,M0004,254.1,AUD,2024-04-26T02:14:00,online,completed,Sydney,AU,True,off_hours
T01341,A0150,M0018,392.99,AUD,2024-04-14T02:04:00,online,completed,Singapore,SG,True,off_hours
T01342,A0150,M0013,1236.53,AUD,2024-06-08T04:45:00,online,completed,Perth,AU,True,off_hours
T01343,A0150,M0016,696.55,AUD,2024-02-09T04:17:00,online,completed,New York,US,True,off_hours
T01344,A0150,M0020,935.14,AUD,2024-03-03T03:45:00,online,completed,Sydney,AU,True,off_hours
T01345,A0150,M0023,1904.14,AUD,2024-01-18T04:58:00,mobile,completed,Perth,AU,True,off_hours
T01346,A0147,M0022,2.5,AUD,2024-01-31T19:29:25.085386,online,failed,London,UK,True,card_testing
T01347,A0147,M0022,3.99,AUD,2024-01-31T19:31:25.085386,online,failed,London,UK,True,card_testing
T01348,A0147,M0022,5.1,AUD,2024-01-31T19:33:25.085386,online,failed,London,UK,True,card_testing
T01349,A0147,M0022,2425.65,AUD,2024-01-31T19:43:25.085386,online,completed,London,UK,True,card_testing
T01350,A0118,M0009,2.54,AUD,2024-01-04T18:28:18.574818,online,failed,Singapore,SG,True,card_testing
T01351,A0118,M0009,7.84,AUD,2024-01-04T18:30:18.574818,online,failed,Singapore,SG,True,card_testing
T01352,A0118,M0009,1.09,AUD,2024-01-04T18:32:18.574818,online,failed,Singapore,SG,True,card_testing
T01353,A0118,M0009,3124.21,AUD,2024-01-04T18:42:18.574818,online,completed,Singapore,SG,True,card_testing
T01354,A0118,M0009,4429.48,AUD,2024-01-04T18:47:18.574818,online,completed,Singapore,SG,True,card_testing
T01355,A0045,M0002,6.11,AUD,2024-03-26T12:50:11.235680,online,failed,Singapore,SG,True,card_testing
T01356,A0045,M0002,9.91,AUD,2024-03-26T12:52:11.235680,online,failed,Singapore,SG,True,card_testing
T01357,A0045,M0002,8.52,AUD,2024-03-26T12:54:11.235680,online,failed,Singapore,SG,True,card_testing
T01358,A0045,M0002,3988.65,AUD,2024-03-26T12:59:11.235680,online,completed,Singapore,SG,True,card_testing
T01359,A0018,M0020,1980.1,AUD,2024-05-13T09:28:00,pos,completed,Sydney,AU,True,impossible_travel
T01360,A0018,M0022,1343.65,AUD,2024-05-13T14:31:00,pos,completed,London,UK,True,impossible_travel
T01361,A0052,M0008,637.21,AUD,2024-02-15T09:29:00,pos,completed,Melbourne,AU,True,impossible_travel
T01362,A0052,M0016,1788.18,AUD,2024-02-15T14:00:00,pos,completed,New York,US,True,impossible_travel
T01363,A0131,M0028,994.49,AUD,2024-05-20T09:54:00,pos,completed,Brisbane,AU,True,impossible_travel
T01364,A0131,M0015,1387.28,AUD,2024-05-20T14:55:00,pos,completed,Lagos,NG,True,impossible_travel
